Scope,Family,Segment,Feature,Bucket,Boundaries,Selected,Targets,Stops,Unresolved,TargetRate,TotalProxyTicks,ProxyTicksPerSelected,NetAtHalfTick,NetAtOneTick,NetAtOneHalfTicks
ALL_HOURS,COMBINED,ALL,RoomTicks,1,"(0, 3, 6, 11)",67,51,16,0,76.11940298507463,95,1.4179104477611941,0.9179104477611941,0.4179104477611941,-0.08208955223880587
ALL_HOURS,COMBINED,ALL,RoomTicks,2,"(0, 3, 6, 11)",285,203,81,1,71.47887323943662,205,0.7192982456140351,0.2192982456140351,-0.2807017543859649,-0.7807017543859649
ALL_HOURS,COMBINED,ALL,RoomTicks,3,"(0, 3, 6, 11)",546,425,115,6,78.70370370370371,975,1.7857142857142858,1.2857142857142858,0.7857142857142858,0.2857142857142858
ALL_HOURS,COMBINED,ALL,RoomTicks,4,"(0, 3, 6, 11)",411,314,88,9,78.1094527363184,690,1.6788321167883211,1.1788321167883211,0.6788321167883211,0.17883211678832112
ALL_HOURS,COMBINED,ALL,RoomTicks,MISSING_OR_NO_LEVEL,"(0, 3, 6, 11)",674,496,169,9,74.58646616541354,790,1.172106824925816,0.672106824925816,0.17210682492581597,-0.32789317507418403
ALL_HOURS,COMBINED,ALL,DepthRatio,1,"(0, 0.5, 1)",459,336,115,8,74.50110864745011,530,1.1546840958605664,0.6546840958605664,0.15468409586056642,-0.3453159041394336
ALL_HOURS,COMBINED,ALL,DepthRatio,2,"(0, 0.5, 1)",492,378,108,6,77.77777777777777,810,1.646341463414634,1.146341463414634,0.646341463414634,0.14634146341463405
ALL_HOURS,COMBINED,ALL,DepthRatio,3,"(0, 0.5, 1)",906,680,218,8,75.7238307349666,1220,1.346578366445916,0.8465783664459161,0.3465783664459161,-0.1534216335540839
ALL_HOURS,COMBINED,ALL,DepthRatio,MISSING_OR_NO_LEVEL,"(0, 0.5, 1)",126,95,28,3,77.23577235772358,195,1.5476190476190477,1.0476190476190477,0.5476190476190477,0.04761904761904767
ALL_HOURS,COMBINED,ALL,SpeedRatio,1,"(0, 0.5, 1, 2)",450,340,106,4,76.23318385650224,640,1.4222222222222223,0.9222222222222223,0.4222222222222223,-0.07777777777777772
ALL_HOURS,COMBINED,ALL,SpeedRatio,2,"(0, 0.5, 1, 2)",430,331,96,3,77.51756440281031,695,1.6162790697674418,1.1162790697674418,0.6162790697674418,0.11627906976744184
ALL_HOURS,COMBINED,ALL,SpeedRatio,3,"(0, 0.5, 1, 2)",421,320,99,2,76.37231503579952,610,1.4489311163895486,0.9489311163895486,0.44893111638954863,-0.051068883610451365
ALL_HOURS,COMBINED,ALL,SpeedRatio,4,"(0, 0.5, 1, 2)",537,397,133,7,74.90566037735849,655,1.2197392923649908,0.7197392923649908,0.2197392923649908,-0.2802607076350092
ALL_HOURS,COMBINED,ALL,SpeedRatio,MISSING_OR_NO_LEVEL,"(0, 0.5, 1, 2)",145,101,35,9,74.26470588235294,155,1.0689655172413792,0.5689655172413792,0.06896551724137923,-0.4310344827586208
ALL_HOURS,COMBINED,DEV,RoomTicks,1,"(0, 3, 6, 11)",32,24,8,0,75.0,40,1.25,0.75,0.25,-0.25
ALL_HOURS,COMBINED,DEV,RoomTicks,2,"(0, 3, 6, 11)",154,111,42,1,72.54901960784314,135,0.8766233766233766,0.37662337662337664,-0.12337662337662336,-0.6233766233766234
ALL_HOURS,COMBINED,DEV,RoomTicks,3,"(0, 3, 6, 11)",255,205,49,1,80.70866141732283,535,2.0980392156862746,1.5980392156862746,1.0980392156862746,0.5980392156862746
ALL_HOURS,COMBINED,DEV,RoomTicks,4,"(0, 3, 6, 11)",181,135,45,1,75.0,225,1.2430939226519337,0.7430939226519337,0.24309392265193375,-0.25690607734806625
ALL_HOURS,COMBINED,DEV,RoomTicks,MISSING_OR_NO_LEVEL,"(0, 3, 6, 11)",321,238,79,4,75.0788643533123,400,1.2461059190031152,0.7461059190031152,0.24610591900311518,-0.2538940809968848
ALL_HOURS,COMBINED,DEV,DepthRatio,1,"(0, 0.5, 1)",218,158,57,3,73.48837209302326,220,1.0091743119266054,0.5091743119266054,0.00917431192660545,-0.49082568807339455
ALL_HOURS,COMBINED,DEV,DepthRatio,2,"(0, 0.5, 1)",228,179,48,1,78.8546255506608,415,1.8201754385964912,1.3201754385964912,0.8201754385964912,0.3201754385964912
ALL_HOURS,COMBINED,DEV,DepthRatio,3,"(0, 0.5, 1)",439,333,104,2,76.20137299771167,625,1.4236902050113895,0.9236902050113895,0.42369020501138954,-0.07630979498861046
ALL_HOURS,COMBINED,DEV,DepthRatio,MISSING_OR_NO_LEVEL,"(0, 0.5, 1)",58,43,14,1,75.43859649122807,75,1.293103448275862,0.7931034482758621,0.2931034482758621,-0.2068965517241379
ALL_HOURS,COMBINED,DEV,SpeedRatio,1,"(0, 0.5, 1, 2)",212,160,50,2,76.19047619047619,300,1.4150943396226414,0.9150943396226414,0.4150943396226414,-0.08490566037735858
ALL_HOURS,COMBINED,DEV,SpeedRatio,2,"(0, 0.5, 1, 2)",206,164,41,1,80.0,410,1.9902912621359223,1.4902912621359223,0.9902912621359223,0.49029126213592233
ALL_HOURS,COMBINED,DEV,SpeedRatio,3,"(0, 0.5, 1, 2)",201,156,43,2,78.39195979899498,350,1.7412935323383085,1.2412935323383085,0.7412935323383085,0.24129353233830853
ALL_HOURS,COMBINED,DEV,SpeedRatio,4,"(0, 0.5, 1, 2)",258,187,70,1,72.76264591439688,235,0.9108527131782945,0.4108527131782945,-0.08914728682170547,-0.5891472868217055
ALL_HOURS,COMBINED,DEV,SpeedRatio,MISSING_OR_NO_LEVEL,"(0, 0.5, 1, 2)",66,46,19,1,70.76923076923077,40,0.6060606060606061,0.10606060606060608,-0.3939393939393939,-0.8939393939393939
ALL_HOURS,COMBINED,LATER,RoomTicks,1,"(0, 3, 6, 11)",35,27,8,0,77.14285714285714,55,1.5714285714285714,1.0714285714285714,0.5714285714285714,0.0714285714285714
ALL_HOURS,COMBINED,LATER,RoomTicks,2,"(0, 3, 6, 11)",131,92,39,0,70.22900763358778,70,0.5343511450381679,0.03435114503816794,-0.46564885496183206,-0.9656488549618321
ALL_HOURS,COMBINED,LATER,RoomTicks,3,"(0, 3, 6, 11)",291,220,66,5,76.92307692307692,440,1.5120274914089347,1.0120274914089347,0.5120274914089347,0.012027491408934665
ALL_HOURS,COMBINED,LATER,RoomTicks,4,"(0, 3, 6, 11)",230,179,43,8,80.63063063063063,465,2.0217391304347827,1.5217391304347827,1.0217391304347827,0.5217391304347827
ALL_HOURS,COMBINED,LATER,RoomTicks,MISSING_OR_NO_LEVEL,"(0, 3, 6, 11)",353,258,90,5,74.13793103448276,390,1.1048158640226629,0.6048158640226629,0.10481586402266285,-0.39518413597733715
ALL_HOURS,COMBINED,LATER,DepthRatio,1,"(0, 0.5, 1)",241,178,58,5,75.42372881355932,310,1.2863070539419088,0.7863070539419088,0.2863070539419088,-0.2136929460580912
ALL_HOURS,COMBINED,LATER,DepthRatio,2,"(0, 0.5, 1)",264,199,60,5,76.83397683397683,395,1.496212121212121,0.9962121212121211,0.4962121212121211,-0.0037878787878788955
ALL_HOURS,COMBINED,LATER,DepthRatio,3,"(0, 0.5, 1)",467,347,114,6,75.27114967462039,595,1.2740899357601714,0.7740899357601714,0.2740899357601714,-0.22591006423982862
ALL_HOURS,COMBINED,LATER,DepthRatio,MISSING_OR_NO_LEVEL,"(0, 0.5, 1)",68,52,14,2,78.78787878787878,120,1.7647058823529411,1.2647058823529411,0.7647058823529411,0.2647058823529411
ALL_HOURS,COMBINED,LATER,SpeedRatio,1,"(0, 0.5, 1, 2)",238,180,56,2,76.27118644067797,340,1.4285714285714286,0.9285714285714286,0.4285714285714286,-0.0714285714285714
ALL_HOURS,COMBINED,LATER,SpeedRatio,2,"(0, 0.5, 1, 2)",224,167,55,2,75.22522522522523,285,1.2723214285714286,0.7723214285714286,0.2723214285714286,-0.2276785714285714
ALL_HOURS,COMBINED,LATER,SpeedRatio,3,"(0, 0.5, 1, 2)",220,164,56,0,74.54545454545455,260,1.1818181818181819,0.6818181818181819,0.18181818181818188,-0.3181818181818181
ALL_HOURS,COMBINED,LATER,SpeedRatio,4,"(0, 0.5, 1, 2)",279,210,63,6,76.92307692307692,420,1.5053763440860215,1.0053763440860215,0.5053763440860215,0.005376344086021501
ALL_HOURS,COMBINED,LATER,SpeedRatio,MISSING_OR_NO_LEVEL,"(0, 0.5, 1, 2)",79,55,16,8,77.46478873239437,115,1.4556962025316456,0.9556962025316456,0.45569620253164556,-0.044303797468354444
ALL_HOURS,COMBINED,LONG,RoomTicks,1,"(0, 3, 6, 11)",32,23,9,0,71.875,25,0.78125,0.28125,-0.21875,-0.71875
ALL_HOURS,COMBINED,LONG,RoomTicks,2,"(0, 3, 6, 11)",150,107,42,1,71.81208053691275,115,0.7666666666666667,0.2666666666666667,-0.23333333333333328,-0.7333333333333333
ALL_HOURS,COMBINED,LONG,RoomTicks,3,"(0, 3, 6, 11)",257,210,47,0,81.71206225680933,580,2.2568093385214008,1.7568093385214008,1.2568093385214008,0.7568093385214008
ALL_HOURS,COMBINED,LONG,RoomTicks,4,"(0, 3, 6, 11)",194,146,46,2,76.04166666666667,270,1.3917525773195876,0.8917525773195876,0.39175257731958757,-0.10824742268041243
ALL_HOURS,COMBINED,LONG,RoomTicks,MISSING_OR_NO_LEVEL,"(0, 3, 6, 11)",345,253,91,1,73.54651162790698,355,1.0289855072463767,0.5289855072463767,0.02898550724637672,-0.4710144927536233
ALL_HOURS,COMBINED,LONG,DepthRatio,1,"(0, 0.5, 1)",235,170,64,1,72.64957264957265,210,0.8936170212765957,0.3936170212765957,-0.1063829787234043,-0.6063829787234043
ALL_HOURS,COMBINED,LONG,DepthRatio,2,"(0, 0.5, 1)",232,186,45,1,80.51948051948052,480,2.0689655172413794,1.5689655172413794,1.0689655172413794,0.5689655172413794
ALL_HOURS,COMBINED,LONG,DepthRatio,3,"(0, 0.5, 1)",446,335,111,0,75.11210762331838,565,1.2668161434977578,0.7668161434977578,0.26681614349775784,-0.23318385650224216
ALL_HOURS,COMBINED,LONG,DepthRatio,MISSING_OR_NO_LEVEL,"(0, 0.5, 1)",65,48,15,2,76.19047619047619,90,1.3846153846153846,0.8846153846153846,0.3846153846153846,-0.11538461538461542
ALL_HOURS,COMBINED,LONG,SpeedRatio,1,"(0, 0.5, 1, 2)",215,167,46,2,78.40375586854461,375,1.744186046511628,1.244186046511628,0.7441860465116279,0.2441860465116279
ALL_HOURS,COMBINED,LONG,SpeedRatio,2,"(0, 0.5, 1, 2)",208,160,48,0,76.92307692307692,320,1.5384615384615385,1.0384615384615385,0.5384615384615385,0.03846153846153855
ALL_HOURS,COMBINED,LONG,SpeedRatio,3,"(0, 0.5, 1, 2)",219,167,52,0,76.25570776255708,315,1.4383561643835616,0.9383561643835616,0.4383561643835616,-0.06164383561643838
ALL_HOURS,COMBINED,LONG,SpeedRatio,4,"(0, 0.5, 1, 2)",267,196,71,0,73.40823970037454,270,1.0112359550561798,0.5112359550561798,0.011235955056179803,-0.4887640449438202
ALL_HOURS,COMBINED,LONG,SpeedRatio,MISSING_OR_NO_LEVEL,"(0, 0.5, 1, 2)",69,49,18,2,73.13432835820896,65,0.9420289855072463,0.44202898550724634,-0.05797101449275366,-0.5579710144927537
ALL_HOURS,COMBINED,SHORT,RoomTicks,1,"(0, 3, 6, 11)",35,28,7,0,80.0,70,2.0,1.5,1.0,0.5
ALL_HOURS,COMBINED,SHORT,RoomTicks,2,"(0, 3, 6, 11)",135,96,39,0,71.11111111111111,90,0.6666666666666666,0.16666666666666663,-0.33333333333333337,-0.8333333333333334
ALL_HOURS,COMBINED,SHORT,RoomTicks,3,"(0, 3, 6, 11)",289,215,68,6,75.97173144876325,395,1.3667820069204153,0.8667820069204153,0.3667820069204153,-0.1332179930795847
ALL_HOURS,COMBINED,SHORT,RoomTicks,4,"(0, 3, 6, 11)",217,168,42,7,80.0,420,1.935483870967742,1.435483870967742,0.935483870967742,0.435483870967742
ALL_HOURS,COMBINED,SHORT,RoomTicks,MISSING_OR_NO_LEVEL,"(0, 3, 6, 11)",329,243,78,8,75.70093457943925,435,1.3221884498480243,0.8221884498480243,0.3221884498480243,-0.1778115501519757
ALL_HOURS,COMBINED,SHORT,DepthRatio,1,"(0, 0.5, 1)",224,166,51,7,76.49769585253456,320,1.4285714285714286,0.9285714285714286,0.4285714285714286,-0.0714285714285714
ALL_HOURS,COMBINED,SHORT,DepthRatio,2,"(0, 0.5, 1)",260,192,63,5,75.29411764705883,330,1.2692307692307692,0.7692307692307692,0.26923076923076916,-0.23076923076923084
ALL_HOURS,COMBINED,SHORT,DepthRatio,3,"(0, 0.5, 1)",460,345,107,8,76.32743362831859,655,1.423913043478261,0.923913043478261,0.423913043478261,-0.07608695652173902
ALL_HOURS,COMBINED,SHORT,DepthRatio,MISSING_OR_NO_LEVEL,"(0, 0.5, 1)",61,47,13,1,78.33333333333333,105,1.721311475409836,1.221311475409836,0.721311475409836,0.22131147540983598
ALL_HOURS,COMBINED,SHORT,SpeedRatio,1,"(0, 0.5, 1, 2)",235,173,60,2,74.2489270386266,265,1.127659574468085,0.6276595744680851,0.12765957446808507,-0.37234042553191493
ALL_HOURS,COMBINED,SHORT,SpeedRatio,2,"(0, 0.5, 1, 2)",222,171,48,3,78.08219178082192,375,1.6891891891891893,1.1891891891891893,0.6891891891891893,0.18918918918918926
ALL_HOURS,COMBINED,SHORT,SpeedRatio,3,"(0, 0.5, 1, 2)",202,153,47,2,76.5,295,1.4603960396039604,0.9603960396039604,0.46039603960396036,-0.03960396039603964
ALL_HOURS,COMBINED,SHORT,SpeedRatio,4,"(0, 0.5, 1, 2)",270,201,62,7,76.42585551330798,385,1.4259259259259258,0.9259259259259258,0.4259259259259258,-0.07407407407407418
ALL_HOURS,COMBINED,SHORT,SpeedRatio,MISSING_OR_NO_LEVEL,"(0, 0.5, 1, 2)",76,52,17,7,75.3623188405797,90,1.1842105263157894,0.6842105263157894,0.18421052631578938,-0.3157894736842106
ALL_HOURS,COMBINED,UNAMBIGUOUS,RoomTicks,1,"(0, 3, 6, 11)",66,50,16,0,75.75757575757575,90,1.3636363636363635,0.8636363636363635,0.36363636363636354,-0.13636363636363646
ALL_HOURS,COMBINED,UNAMBIGUOUS,RoomTicks,2,"(0, 3, 6, 11)",270,194,75,1,72.11895910780669,220,0.8148148148148148,0.31481481481481477,-0.18518518518518523,-0.6851851851851852
ALL_HOURS,COMBINED,UNAMBIGUOUS,RoomTicks,3,"(0, 3, 6, 11)",515,402,111,2,78.3625730994152,900,1.7475728155339805,1.2475728155339805,0.7475728155339805,0.24757281553398047
ALL_HOURS,COMBINED,UNAMBIGUOUS,RoomTicks,4,"(0, 3, 6, 11)",397,305,87,5,77.8061224489796,655,1.649874055415617,1.149874055415617,0.649874055415617,0.14987405541561705
ALL_HOURS,COMBINED,UNAMBIGUOUS,RoomTicks,MISSING_OR_NO_LEVEL,"(0, 3, 6, 11)",648,483,161,4,75.0,805,1.242283950617284,0.742283950617284,0.24228395061728403,-0.257716049382716
ALL_HOURS,COMBINED,UNAMBIGUOUS,DepthRatio,1,"(0, 0.5, 1)",433,319,110,4,74.35897435897436,495,1.1431870669745958,0.6431870669745958,0.14318706697459582,-0.3568129330254042
ALL_HOURS,COMBINED,UNAMBIGUOUS,DepthRatio,2,"(0, 0.5, 1)",473,367,104,2,77.91932059447983,795,1.6807610993657505,1.1807610993657505,0.6807610993657505,0.18076109936575047
ALL_HOURS,COMBINED,UNAMBIGUOUS,DepthRatio,3,"(0, 0.5, 1)",870,658,208,4,75.98152424942263,1210,1.3908045977011494,0.8908045977011494,0.3908045977011494,-0.10919540229885061
ALL_HOURS,COMBINED,UNAMBIGUOUS,DepthRatio,MISSING_OR_NO_LEVEL,"(0, 0.5, 1)",120,90,28,2,76.27118644067797,170,1.4166666666666667,0.9166666666666667,0.41666666666666674,-0.08333333333333326
ALL_HOURS,COMBINED,UNAMBIGUOUS,SpeedRatio,1,"(0, 0.5, 1, 2)",433,325,105,3,75.5813953488372,575,1.327944572748268,0.8279445727482679,0.32794457274826794,-0.17205542725173206
ALL_HOURS,COMBINED,UNAMBIGUOUS,SpeedRatio,2,"(0, 0.5, 1, 2)",418,323,93,2,77.64423076923077,685,1.638755980861244,1.138755980861244,0.638755980861244,0.13875598086124397
ALL_HOURS,COMBINED,UNAMBIGUOUS,SpeedRatio,3,"(0, 0.5, 1, 2)",408,312,96,0,76.47058823529412,600,1.4705882352941178,0.9705882352941178,0.47058823529411775,-0.02941176470588225
ALL_HOURS,COMBINED,UNAMBIGUOUS,SpeedRatio,4,"(0, 0.5, 1, 2)",517,384,128,5,75.0,640,1.2379110251450678,0.7379110251450678,0.2379110251450678,-0.2620889748549322
ALL_HOURS,COMBINED,UNAMBIGUOUS,SpeedRatio,MISSING_OR_NO_LEVEL,"(0, 0.5, 1, 2)",120,90,28,2,76.27118644067797,170,1.4166666666666667,0.9166666666666667,0.41666666666666674,-0.08333333333333326
ALL_HOURS,EMA8,ALL,RoomTicks,1,"(0, 3, 6, 11)",64,48,16,0,75.0,80,1.25,0.75,0.25,-0.25
ALL_HOURS,EMA8,ALL,RoomTicks,2,"(0, 3, 6, 11)",258,182,75,1,70.8171206225681,160,0.6201550387596899,0.12015503875968991,-0.3798449612403101,-0.8798449612403101
ALL_HOURS,EMA8,ALL,RoomTicks,3,"(0, 3, 6, 11)",208,163,43,2,79.12621359223301,385,1.8509615384615385,1.3509615384615385,0.8509615384615385,0.35096153846153855
ALL_HOURS,EMA8,ALL,RoomTicks,4,"(0, 3, 6, 11)",15,9,2,4,81.81818181818181,25,1.6666666666666667,1.1666666666666667,0.6666666666666667,0.16666666666666674
ALL_HOURS,EMA8,ALL,RoomTicks,MISSING_OR_NO_LEVEL,"(0, 3, 6, 11)",585,432,145,8,74.87001733102252,710,1.2136752136752136,0.7136752136752136,0.21367521367521358,-0.2863247863247864
ALL_HOURS,EMA8,ALL,DepthRatio,1,"(0, 0.5, 1)",419,304,107,8,73.96593673965937,450,1.0739856801909309,0.5739856801909309,0.07398568019093088,-0.4260143198090691
ALL_HOURS,EMA8,ALL,DepthRatio,2,"(0, 0.5, 1)",334,254,77,3,76.73716012084593,500,1.4970059880239521,0.9970059880239521,0.4970059880239521,-0.0029940119760478723
ALL_HOURS,EMA8,ALL,DepthRatio,3,"(0, 0.5, 1)",339,246,89,4,73.43283582089552,340,1.0029498525073746,0.5029498525073746,0.002949852507374562,-0.49705014749262544
ALL_HOURS,EMA8,ALL,DepthRatio,MISSING_OR_NO_LEVEL,"(0, 0.5, 1)",38,30,8,0,78.94736842105263,70,1.8421052631578947,1.3421052631578947,0.8421052631578947,0.3421052631578947
ALL_HOURS,EMA8,ALL,SpeedRatio,1,"(0, 0.5, 1, 2)",272,195,74,3,72.4907063197026,235,0.8639705882352942,0.36397058823529416,-0.13602941176470584,-0.6360294117647058
ALL_HOURS,EMA8,ALL,SpeedRatio,2,"(0, 0.5, 1, 2)",265,207,56,2,78.70722433460077,475,1.7924528301886793,1.2924528301886793,0.7924528301886793,0.2924528301886793
ALL_HOURS,EMA8,ALL,SpeedRatio,3,"(0, 0.5, 1, 2)",247,185,60,2,75.51020408163265,325,1.3157894736842106,0.8157894736842106,0.3157894736842106,-0.18421052631578938
ALL_HOURS,EMA8,ALL,SpeedRatio,4,"(0, 0.5, 1, 2)",295,212,77,6,73.35640138408304,290,0.9830508474576272,0.48305084745762716,-0.016949152542372836,-0.5169491525423728
ALL_HOURS,EMA8,ALL,SpeedRatio,MISSING_OR_NO_LEVEL,"(0, 0.5, 1, 2)",51,35,14,2,71.42857142857143,35,0.6862745098039216,0.18627450980392157,-0.3137254901960784,-0.8137254901960784
ALL_HOURS,EMA8,DEV,RoomTicks,1,"(0, 3, 6, 11)",31,23,8,0,74.19354838709677,35,1.1290322580645162,0.6290322580645162,0.12903225806451624,-0.37096774193548376
ALL_HOURS,EMA8,DEV,RoomTicks,2,"(0, 3, 6, 11)",137,98,38,1,72.05882352941177,110,0.8029197080291971,0.3029197080291971,-0.1970802919708029,-0.6970802919708029
ALL_HOURS,EMA8,DEV,RoomTicks,3,"(0, 3, 6, 11)",100,81,18,1,81.81818181818181,225,2.25,1.75,1.25,0.75
ALL_HOURS,EMA8,DEV,RoomTicks,4,"(0, 3, 6, 11)",8,5,2,1,71.42857142857143,5,0.625,0.125,-0.375,-0.875
ALL_HOURS,EMA8,DEV,RoomTicks,MISSING_OR_NO_LEVEL,"(0, 3, 6, 11)",274,203,68,3,74.90774907749078,335,1.2226277372262773,0.7226277372262773,0.22262773722627727,-0.27737226277372273
ALL_HOURS,EMA8,DEV,DepthRatio,1,"(0, 0.5, 1)",198,142,53,3,72.82051282051282,180,0.9090909090909091,0.40909090909090906,-0.09090909090909094,-0.5909090909090909
ALL_HOURS,EMA8,DEV,DepthRatio,2,"(0, 0.5, 1)",152,119,32,1,78.80794701986756,275,1.8092105263157894,1.3092105263157894,0.8092105263157894,0.3092105263157894
ALL_HOURS,EMA8,DEV,DepthRatio,3,"(0, 0.5, 1)",183,136,45,2,75.13812154696133,230,1.2568306010928962,0.7568306010928962,0.25683060109289624,-0.24316939890710376
ALL_HOURS,EMA8,DEV,DepthRatio,MISSING_OR_NO_LEVEL,"(0, 0.5, 1)",17,13,4,0,76.47058823529412,25,1.4705882352941178,0.9705882352941178,0.47058823529411775,-0.02941176470588225
ALL_HOURS,EMA8,DEV,SpeedRatio,1,"(0, 0.5, 1, 2)",132,92,38,2,70.76923076923077,80,0.6060606060606061,0.10606060606060608,-0.3939393939393939,-0.8939393939393939
ALL_HOURS,EMA8,DEV,SpeedRatio,2,"(0, 0.5, 1, 2)",127,105,21,1,83.33333333333333,315,2.4803149606299213,1.9803149606299213,1.4803149606299213,0.9803149606299213
ALL_HOURS,EMA8,DEV,SpeedRatio,3,"(0, 0.5, 1, 2)",126,94,30,2,75.80645161290323,170,1.3492063492063493,0.8492063492063493,0.3492063492063493,-0.1507936507936507
ALL_HOURS,EMA8,DEV,SpeedRatio,4,"(0, 0.5, 1, 2)",141,103,37,1,73.57142857142857,145,1.0283687943262412,0.5283687943262412,0.028368794326241176,-0.4716312056737588
ALL_HOURS,EMA8,DEV,SpeedRatio,MISSING_OR_NO_LEVEL,"(0, 0.5, 1, 2)",24,16,8,0,66.66666666666667,0,0.0,-0.5,-1.0,-1.5
ALL_HOURS,EMA8,LATER,RoomTicks,1,"(0, 3, 6, 11)",33,25,8,0,75.75757575757575,45,1.3636363636363635,0.8636363636363635,0.36363636363636354,-0.13636363636363646
ALL_HOURS,EMA8,LATER,RoomTicks,2,"(0, 3, 6, 11)",121,84,37,0,69.42148760330579,50,0.4132231404958678,-0.08677685950413222,-0.5867768595041323,-1.0867768595041323
ALL_HOURS,EMA8,LATER,RoomTicks,3,"(0, 3, 6, 11)",108,82,25,1,76.6355140186916,160,1.4814814814814814,0.9814814814814814,0.4814814814814814,-0.0185185185185186
ALL_HOURS,EMA8,LATER,RoomTicks,4,"(0, 3, 6, 11)",7,4,0,3,100.0,20,2.857142857142857,2.357142857142857,1.8571428571428572,1.3571428571428572
ALL_HOURS,EMA8,LATER,RoomTicks,MISSING_OR_NO_LEVEL,"(0, 3, 6, 11)",311,229,77,5,74.83660130718954,375,1.2057877813504823,0.7057877813504823,0.20578778135048226,-0.29421221864951774
ALL_HOURS,EMA8,LATER,DepthRatio,1,"(0, 0.5, 1)",221,162,54,5,75.0,270,1.2217194570135748,0.7217194570135748,0.22171945701357476,-0.27828054298642524
ALL_HOURS,EMA8,LATER,DepthRatio,2,"(0, 0.5, 1)",182,135,45,2,75.0,225,1.2362637362637363,0.7362637362637363,0.2362637362637363,-0.2637362637362637
ALL_HOURS,EMA8,LATER,DepthRatio,3,"(0, 0.5, 1)",156,110,44,2,71.42857142857143,110,0.7051282051282052,0.20512820512820518,-0.2948717948717948,-0.7948717948717948
ALL_HOURS,EMA8,LATER,DepthRatio,MISSING_OR_NO_LEVEL,"(0, 0.5, 1)",21,17,4,0,80.95238095238095,45,2.142857142857143,1.6428571428571428,1.1428571428571428,0.6428571428571428
ALL_HOURS,EMA8,LATER,SpeedRatio,1,"(0, 0.5, 1, 2)",140,103,36,1,74.10071942446044,155,1.1071428571428572,0.6071428571428572,0.1071428571428572,-0.3928571428571428
ALL_HOURS,EMA8,LATER,SpeedRatio,2,"(0, 0.5, 1, 2)",138,102,35,1,74.45255474452554,160,1.1594202898550725,0.6594202898550725,0.1594202898550725,-0.3405797101449275
ALL_HOURS,EMA8,LATER,SpeedRatio,3,"(0, 0.5, 1, 2)",121,91,30,0,75.20661157024793,155,1.28099173553719,0.78099173553719,0.28099173553719003,-0.21900826446280997
ALL_HOURS,EMA8,LATER,SpeedRatio,4,"(0, 0.5, 1, 2)",154,109,40,5,73.15436241610739,145,0.9415584415584416,0.4415584415584416,-0.058441558441558406,-0.5584415584415584
ALL_HOURS,EMA8,LATER,SpeedRatio,MISSING_OR_NO_LEVEL,"(0, 0.5, 1, 2)",27,19,6,2,76.0,35,1.2962962962962963,0.7962962962962963,0.2962962962962963,-0.20370370370370372
ALL_HOURS,EMA8,LONG,RoomTicks,1,"(0, 3, 6, 11)",32,23,9,0,71.875,25,0.78125,0.28125,-0.21875,-0.71875
ALL_HOURS,EMA8,LONG,RoomTicks,2,"(0, 3, 6, 11)",139,99,39,1,71.73913043478261,105,0.7553956834532374,0.2553956834532374,-0.24460431654676262,-0.7446043165467626
ALL_HOURS,EMA8,LONG,RoomTicks,3,"(0, 3, 6, 11)",107,90,17,0,84.11214953271028,280,2.616822429906542,2.116822429906542,1.616822429906542,1.116822429906542
ALL_HOURS,EMA8,LONG,RoomTicks,4,"(0, 3, 6, 11)",6,5,1,0,83.33333333333333,15,2.5,2.0,1.5,1.0
ALL_HOURS,EMA8,LONG,RoomTicks,MISSING_OR_NO_LEVEL,"(0, 3, 6, 11)",302,219,82,1,72.75747508305648,275,0.9105960264900662,0.4105960264900662,-0.08940397350993379,-0.5894039735099338
ALL_HOURS,EMA8,LONG,DepthRatio,1,"(0, 0.5, 1)",219,156,62,1,71.55963302752293,160,0.730593607305936,0.23059360730593603,-0.26940639269406397,-0.769406392694064
ALL_HOURS,EMA8,LONG,DepthRatio,2,"(0, 0.5, 1)",163,125,37,1,77.1604938271605,255,1.5644171779141105,1.0644171779141105,0.5644171779141105,0.0644171779141105
ALL_HOURS,EMA8,LONG,DepthRatio,3,"(0, 0.5, 1)",180,135,45,0,75.0,225,1.25,0.75,0.25,-0.25
ALL_HOURS,EMA8,LONG,DepthRatio,MISSING_OR_NO_LEVEL,"(0, 0.5, 1)",24,20,4,0,83.33333333333333,60,2.5,2.0,1.5,1.0
ALL_HOURS,EMA8,LONG,SpeedRatio,1,"(0, 0.5, 1, 2)",137,101,34,2,74.81481481481481,165,1.2043795620437956,0.7043795620437956,0.2043795620437956,-0.2956204379562044
ALL_HOURS,EMA8,LONG,SpeedRatio,2,"(0, 0.5, 1, 2)",136,106,30,0,77.94117647058823,230,1.6911764705882353,1.1911764705882353,0.6911764705882353,0.19117647058823528
ALL_HOURS,EMA8,LONG,SpeedRatio,3,"(0, 0.5, 1, 2)",137,101,36,0,73.72262773722628,145,1.0583941605839415,0.5583941605839415,0.058394160583941535,-0.44160583941605847
ALL_HOURS,EMA8,LONG,SpeedRatio,4,"(0, 0.5, 1, 2)",149,107,42,0,71.81208053691275,115,0.7718120805369127,0.27181208053691275,-0.22818791946308725,-0.7281879194630873
ALL_HOURS,EMA8,LONG,SpeedRatio,MISSING_OR_NO_LEVEL,"(0, 0.5, 1, 2)",27,21,6,0,77.77777777777777,45,1.6666666666666667,1.1666666666666667,0.6666666666666667,0.16666666666666674
ALL_HOURS,EMA8,SHORT,RoomTicks,1,"(0, 3, 6, 11)",32,25,7,0,78.125,55,1.71875,1.21875,0.71875,0.21875
ALL_HOURS,EMA8,SHORT,RoomTicks,2,"(0, 3, 6, 11)",119,83,36,0,69.74789915966386,55,0.46218487394957986,-0.037815126050420145,-0.5378151260504201,-1.03781512605042
ALL_HOURS,EMA8,SHORT,RoomTicks,3,"(0, 3, 6, 11)",101,73,26,2,73.73737373737374,105,1.0396039603960396,0.5396039603960396,0.03960396039603964,-0.46039603960396036
ALL_HOURS,EMA8,SHORT,RoomTicks,4,"(0, 3, 6, 11)",9,4,1,4,80.0,10,1.1111111111111112,0.6111111111111112,0.11111111111111116,-0.38888888888888884
ALL_HOURS,EMA8,SHORT,RoomTicks,MISSING_OR_NO_LEVEL,"(0, 3, 6, 11)",283,213,63,7,77.17391304347827,435,1.5371024734982333,1.0371024734982333,0.5371024734982333,0.03710247349823326
ALL_HOURS,EMA8,SHORT,DepthRatio,1,"(0, 0.5, 1)",200,148,45,7,76.6839378238342,290,1.45,0.95,0.44999999999999996,-0.050000000000000044
ALL_HOURS,EMA8,SHORT,DepthRatio,2,"(0, 0.5, 1)",171,129,40,2,76.33136094674556,245,1.432748538011696,0.932748538011696,0.432748538011696,-0.067251461988304
ALL_HOURS,EMA8,SHORT,DepthRatio,3,"(0, 0.5, 1)",159,111,44,4,71.61290322580645,115,0.7232704402515723,0.22327044025157228,-0.2767295597484277,-0.7767295597484277
ALL_HOURS,EMA8,SHORT,DepthRatio,MISSING_OR_NO_LEVEL,"(0, 0.5, 1)",14,10,4,0,71.42857142857143,10,0.7142857142857143,0.2142857142857143,-0.2857142857142857,-0.7857142857142857
ALL_HOURS,EMA8,SHORT,SpeedRatio,1,"(0, 0.5, 1, 2)",135,94,40,1,70.14925373134328,70,0.5185185185185185,0.01851851851851849,-0.4814814814814815,-0.9814814814814815
ALL_HOURS,EMA8,SHORT,SpeedRatio,2,"(0, 0.5, 1, 2)",129,101,26,2,79.5275590551181,245,1.8992248062015504,1.3992248062015504,0.8992248062015504,0.39922480620155043
ALL_HOURS,EMA8,SHORT,SpeedRatio,3,"(0, 0.5, 1, 2)",110,84,24,2,77.77777777777777,180,1.6363636363636365,1.1363636363636365,0.6363636363636365,0.13636363636363646
ALL_HOURS,EMA8,SHORT,SpeedRatio,4,"(0, 0.5, 1, 2)",146,105,35,6,75.0,175,1.1986301369863013,0.6986301369863013,0.19863013698630128,-0.3013698630136987
ALL_HOURS,EMA8,SHORT,SpeedRatio,MISSING_OR_NO_LEVEL,"(0, 0.5, 1, 2)",24,14,8,2,63.63636363636363,-10,-0.4166666666666667,-0.9166666666666667,-1.4166666666666667,-1.9166666666666667
ALL_HOURS,EMA8,UNAMBIGUOUS,RoomTicks,1,"(0, 3, 6, 11)",63,47,16,0,74.60317460317461,75,1.1904761904761905,0.6904761904761905,0.19047619047619047,-0.30952380952380953
ALL_HOURS,EMA8,UNAMBIGUOUS,RoomTicks,2,"(0, 3, 6, 11)",244,174,69,1,71.60493827160494,180,0.7377049180327869,0.23770491803278693,-0.2622950819672131,-0.7622950819672131
ALL_HOURS,EMA8,UNAMBIGUOUS,RoomTicks,3,"(0, 3, 6, 11)",192,150,41,1,78.53403141361257,340,1.7708333333333333,1.2708333333333333,0.7708333333333333,0.27083333333333326
ALL_HOURS,EMA8,UNAMBIGUOUS,RoomTicks,4,"(0, 3, 6, 11)",13,9,2,2,81.81818181818181,25,1.9230769230769231,1.4230769230769231,0.9230769230769231,0.42307692307692313
ALL_HOURS,EMA8,UNAMBIGUOUS,RoomTicks,MISSING_OR_NO_LEVEL,"(0, 3, 6, 11)",564,421,139,4,75.17857142857143,715,1.2677304964539007,0.7677304964539007,0.2677304964539007,-0.23226950354609932
ALL_HOURS,EMA8,UNAMBIGUOUS,DepthRatio,1,"(0, 0.5, 1)",397,290,103,4,73.79134860050891,420,1.057934508816121,0.5579345088161209,0.057934508816120944,-0.44206549118387906
ALL_HOURS,EMA8,UNAMBIGUOUS,DepthRatio,2,"(0, 0.5, 1)",320,245,74,1,76.8025078369906,485,1.515625,1.015625,0.515625,0.015625
ALL_HOURS,EMA8,UNAMBIGUOUS,DepthRatio,3,"(0, 0.5, 1)",322,237,82,3,74.29467084639498,365,1.1335403726708075,0.6335403726708075,0.13354037267080754,-0.36645962732919246
ALL_HOURS,EMA8,UNAMBIGUOUS,DepthRatio,MISSING_OR_NO_LEVEL,"(0, 0.5, 1)",37,29,8,0,78.37837837837837,65,1.7567567567567568,1.2567567567567568,0.7567567567567568,0.2567567567567568
ALL_HOURS,EMA8,UNAMBIGUOUS,SpeedRatio,1,"(0, 0.5, 1, 2)",264,188,73,3,72.03065134099617,210,0.7954545454545454,0.2954545454545454,-0.20454545454545459,-0.7045454545454546
ALL_HOURS,EMA8,UNAMBIGUOUS,SpeedRatio,2,"(0, 0.5, 1, 2)",257,201,55,1,78.515625,455,1.7704280155642023,1.2704280155642023,0.7704280155642023,0.27042801556420226
ALL_HOURS,EMA8,UNAMBIGUOUS,SpeedRatio,3,"(0, 0.5, 1, 2)",237,179,58,0,75.52742616033755,315,1.3291139240506329,0.8291139240506329,0.3291139240506329,-0.1708860759493671
ALL_HOURS,EMA8,UNAMBIGUOUS,SpeedRatio,4,"(0, 0.5, 1, 2)",281,204,73,4,73.64620938628158,290,1.0320284697508897,0.5320284697508897,0.03202846975088969,-0.4679715302491103
ALL_HOURS,EMA8,UNAMBIGUOUS,SpeedRatio,MISSING_OR_NO_LEVEL,"(0, 0.5, 1, 2)",37,29,8,0,78.37837837837837,65,1.7567567567567568,1.2567567567567568,0.7567567567567568,0.2567567567567568
ALL_HOURS,EMA24,ALL,RoomTicks,2,"(0, 3, 6, 11)",5,4,1,0,80.0,10,2.0,1.5,1.0,0.5
ALL_HOURS,EMA24,ALL,RoomTicks,3,"(0, 3, 6, 11)",184,144,36,4,80.0,360,1.9565217391304348,1.4565217391304348,0.9565217391304348,0.4565217391304348
ALL_HOURS,EMA24,ALL,RoomTicks,4,"(0, 3, 6, 11)",245,185,59,1,75.81967213114754,335,1.3673469387755102,0.8673469387755102,0.36734693877551017,-0.13265306122448983
ALL_HOURS,EMA24,ALL,RoomTicks,MISSING_OR_NO_LEVEL,"(0, 3, 6, 11)",74,51,22,1,69.86301369863014,35,0.47297297297297297,-0.02702702702702703,-0.527027027027027,-1.027027027027027
ALL_HOURS,EMA24,ALL,DepthRatio,1,"(0, 0.5, 1)",18,15,3,0,83.33333333333333,45,2.5,2.0,1.5,1.0
ALL_HOURS,EMA24,ALL,DepthRatio,2,"(0, 0.5, 1)",101,79,21,1,79.0,185,1.8316831683168318,1.3316831683168318,0.8316831683168318,0.33168316831683176
ALL_HOURS,EMA24,ALL,DepthRatio,3,"(0, 0.5, 1)",354,265,85,4,75.71428571428571,475,1.3418079096045197,0.8418079096045197,0.3418079096045197,-0.15819209039548032
ALL_HOURS,EMA24,ALL,DepthRatio,MISSING_OR_NO_LEVEL,"(0, 0.5, 1)",35,25,9,1,73.52941176470588,35,1.0,0.5,0.0,-0.5
ALL_HOURS,EMA24,ALL,SpeedRatio,1,"(0, 0.5, 1, 2)",119,97,21,1,82.20338983050847,275,2.310924369747899,1.810924369747899,1.310924369747899,0.8109243697478989
ALL_HOURS,EMA24,ALL,SpeedRatio,2,"(0, 0.5, 1, 2)",104,75,29,0,72.11538461538461,85,0.8173076923076923,0.3173076923076923,-0.1826923076923077,-0.6826923076923077
ALL_HOURS,EMA24,ALL,SpeedRatio,3,"(0, 0.5, 1, 2)",110,84,26,0,76.36363636363636,160,1.4545454545454546,0.9545454545454546,0.4545454545454546,-0.045454545454545414
ALL_HOURS,EMA24,ALL,SpeedRatio,4,"(0, 0.5, 1, 2)",136,103,32,1,76.29629629629629,195,1.4338235294117647,0.9338235294117647,0.4338235294117647,-0.06617647058823528
ALL_HOURS,EMA24,ALL,SpeedRatio,MISSING_OR_NO_LEVEL,"(0, 0.5, 1, 2)",39,25,10,4,71.42857142857143,25,0.6410256410256411,0.14102564102564108,-0.3589743589743589,-0.8589743589743589
ALL_HOURS,EMA24,DEV,RoomTicks,2,"(0, 3, 6, 11)",3,2,1,0,66.66666666666667,0,0.0,-0.5,-1.0,-1.5
ALL_HOURS,EMA24,DEV,RoomTicks,3,"(0, 3, 6, 11)",84,69,15,0,82.14285714285714,195,2.3214285714285716,1.8214285714285716,1.3214285714285716,0.8214285714285716
ALL_HOURS,EMA24,DEV,RoomTicks,4,"(0, 3, 6, 11)",109,78,31,0,71.55963302752293,80,0.7339449541284404,0.2339449541284404,-0.2660550458715596,-0.7660550458715596
ALL_HOURS,EMA24,DEV,RoomTicks,MISSING_OR_NO_LEVEL,"(0, 3, 6, 11)",39,28,10,1,73.6842105263158,40,1.0256410256410255,0.5256410256410255,0.02564102564102555,-0.47435897435897445
ALL_HOURS,EMA24,DEV,DepthRatio,1,"(0, 0.5, 1)",10,8,2,0,80.0,20,2.0,1.5,1.0,0.5
ALL_HOURS,EMA24,DEV,DepthRatio,2,"(0, 0.5, 1)",50,38,12,0,76.0,70,1.4,0.8999999999999999,0.3999999999999999,-0.10000000000000009
ALL_HOURS,EMA24,DEV,DepthRatio,3,"(0, 0.5, 1)",163,123,40,0,75.4601226993865,215,1.3190184049079754,0.8190184049079754,0.3190184049079754,-0.1809815950920246
ALL_HOURS,EMA24,DEV,DepthRatio,MISSING_OR_NO_LEVEL,"(0, 0.5, 1)",12,8,3,1,72.72727272727273,10,0.8333333333333334,0.33333333333333337,-0.16666666666666663,-0.6666666666666666
ALL_HOURS,EMA24,DEV,SpeedRatio,1,"(0, 0.5, 1, 2)",55,49,6,0,89.0909090909091,185,3.3636363636363638,2.8636363636363638,2.3636363636363638,1.8636363636363638
ALL_HOURS,EMA24,DEV,SpeedRatio,2,"(0, 0.5, 1, 2)",52,35,17,0,67.3076923076923,5,0.09615384615384616,-0.40384615384615385,-0.9038461538461539,-1.4038461538461537
ALL_HOURS,EMA24,DEV,SpeedRatio,3,"(0, 0.5, 1, 2)",48,37,11,0,77.08333333333333,75,1.5625,1.0625,0.5625,0.0625
ALL_HOURS,EMA24,DEV,SpeedRatio,4,"(0, 0.5, 1, 2)",67,48,19,0,71.64179104477611,50,0.746268656716418,0.24626865671641796,-0.25373134328358204,-0.753731343283582
ALL_HOURS,EMA24,DEV,SpeedRatio,MISSING_OR_NO_LEVEL,"(0, 0.5, 1, 2)",13,8,4,1,66.66666666666667,0,0.0,-0.5,-1.0,-1.5
ALL_HOURS,EMA24,LATER,RoomTicks,2,"(0, 3, 6, 11)",2,2,0,0,100.0,10,5.0,4.5,4.0,3.5
ALL_HOURS,EMA24,LATER,RoomTicks,3,"(0, 3, 6, 11)",100,75,21,4,78.125,165,1.65,1.15,0.6499999999999999,0.1499999999999999
ALL_HOURS,EMA24,LATER,RoomTicks,4,"(0, 3, 6, 11)",136,107,28,1,79.25925925925925,255,1.875,1.375,0.875,0.375
ALL_HOURS,EMA24,LATER,RoomTicks,MISSING_OR_NO_LEVEL,"(0, 3, 6, 11)",35,23,12,0,65.71428571428571,-5,-0.14285714285714285,-0.6428571428571428,-1.1428571428571428,-1.6428571428571428
ALL_HOURS,EMA24,LATER,DepthRatio,1,"(0, 0.5, 1)",8,7,1,0,87.5,25,3.125,2.625,2.125,1.625
ALL_HOURS,EMA24,LATER,DepthRatio,2,"(0, 0.5, 1)",51,41,9,1,82.0,115,2.2549019607843137,1.7549019607843137,1.2549019607843137,0.7549019607843137
ALL_HOURS,EMA24,LATER,DepthRatio,3,"(0, 0.5, 1)",191,142,45,4,75.93582887700535,260,1.361256544502618,0.8612565445026179,0.3612565445026179,-0.1387434554973821
ALL_HOURS,EMA24,LATER,DepthRatio,MISSING_OR_NO_LEVEL,"(0, 0.5, 1)",23,17,6,0,73.91304347826087,25,1.0869565217391304,0.5869565217391304,0.08695652173913038,-0.4130434782608696
ALL_HOURS,EMA24,LATER,SpeedRatio,1,"(0, 0.5, 1, 2)",64,48,15,1,76.19047619047619,90,1.40625,0.90625,0.40625,-0.09375
ALL_HOURS,EMA24,LATER,SpeedRatio,2,"(0, 0.5, 1, 2)",52,40,12,0,76.92307692307692,80,1.5384615384615385,1.0384615384615385,0.5384615384615385,0.03846153846153855
ALL_HOURS,EMA24,LATER,SpeedRatio,3,"(0, 0.5, 1, 2)",62,47,15,0,75.80645161290323,85,1.3709677419354838,0.8709677419354838,0.37096774193548376,-0.12903225806451624
ALL_HOURS,EMA24,LATER,SpeedRatio,4,"(0, 0.5, 1, 2)",69,55,13,1,80.88235294117646,145,2.101449275362319,1.6014492753623188,1.1014492753623188,0.6014492753623188
ALL_HOURS,EMA24,LATER,SpeedRatio,MISSING_OR_NO_LEVEL,"(0, 0.5, 1, 2)",26,17,6,3,73.91304347826087,25,0.9615384615384616,0.46153846153846156,-0.038461538461538436,-0.5384615384615384
ALL_HOURS,EMA24,LONG,RoomTicks,2,"(0, 3, 6, 11)",1,1,0,0,100.0,5,5.0,4.5,4.0,3.5
ALL_HOURS,EMA24,LONG,RoomTicks,3,"(0, 3, 6, 11)",82,65,17,0,79.26829268292683,155,1.8902439024390243,1.3902439024390243,0.8902439024390243,0.3902439024390243
ALL_HOURS,EMA24,LONG,RoomTicks,4,"(0, 3, 6, 11)",122,89,33,0,72.95081967213115,115,0.9426229508196722,0.4426229508196722,-0.05737704918032782,-0.5573770491803278
ALL_HOURS,EMA24,LONG,RoomTicks,MISSING_OR_NO_LEVEL,"(0, 3, 6, 11)",36,27,9,0,75.0,45,1.25,0.75,0.25,-0.25
ALL_HOURS,EMA24,LONG,DepthRatio,1,"(0, 0.5, 1)",12,10,2,0,83.33333333333333,30,2.5,2.0,1.5,1.0
ALL_HOURS,EMA24,LONG,DepthRatio,2,"(0, 0.5, 1)",47,41,6,0,87.23404255319149,145,3.0851063829787235,2.5851063829787235,2.0851063829787235,1.5851063829787235
ALL_HOURS,EMA24,LONG,DepthRatio,3,"(0, 0.5, 1)",163,119,44,0,73.00613496932516,155,0.950920245398773,0.45092024539877296,-0.049079754601227044,-0.549079754601227
ALL_HOURS,EMA24,LONG,DepthRatio,MISSING_OR_NO_LEVEL,"(0, 0.5, 1)",19,12,7,0,63.1578947368421,-10,-0.5263157894736842,-1.026315789473684,-1.526315789473684,-2.026315789473684
ALL_HOURS,EMA24,LONG,SpeedRatio,1,"(0, 0.5, 1, 2)",55,46,9,0,83.63636363636364,140,2.5454545454545454,2.0454545454545454,1.5454545454545454,1.0454545454545454
ALL_HOURS,EMA24,LONG,SpeedRatio,2,"(0, 0.5, 1, 2)",50,36,14,0,72.0,40,0.8,0.30000000000000004,-0.19999999999999996,-0.7
ALL_HOURS,EMA24,LONG,SpeedRatio,3,"(0, 0.5, 1, 2)",52,41,11,0,78.84615384615384,95,1.8269230769230769,1.3269230769230769,0.8269230769230769,0.32692307692307687
ALL_HOURS,EMA24,LONG,SpeedRatio,4,"(0, 0.5, 1, 2)",64,47,17,0,73.4375,65,1.015625,0.515625,0.015625,-0.484375
ALL_HOURS,EMA24,LONG,SpeedRatio,MISSING_OR_NO_LEVEL,"(0, 0.5, 1, 2)",20,12,8,0,60.0,-20,-1.0,-1.5,-2.0,-2.5
ALL_HOURS,EMA24,SHORT,RoomTicks,2,"(0, 3, 6, 11)",4,3,1,0,75.0,5,1.25,0.75,0.25,-0.25
ALL_HOURS,EMA24,SHORT,RoomTicks,3,"(0, 3, 6, 11)",102,79,19,4,80.61224489795919,205,2.0098039215686274,1.5098039215686274,1.0098039215686274,0.5098039215686274
ALL_HOURS,EMA24,SHORT,RoomTicks,4,"(0, 3, 6, 11)",123,96,26,1,78.68852459016394,220,1.7886178861788617,1.2886178861788617,0.7886178861788617,0.28861788617886175
ALL_HOURS,EMA24,SHORT,RoomTicks,MISSING_OR_NO_LEVEL,"(0, 3, 6, 11)",38,24,13,1,64.86486486486487,-10,-0.2631578947368421,-0.763157894736842,-1.263157894736842,-1.763157894736842
ALL_HOURS,EMA24,SHORT,DepthRatio,1,"(0, 0.5, 1)",6,5,1,0,83.33333333333333,15,2.5,2.0,1.5,1.0
ALL_HOURS,EMA24,SHORT,DepthRatio,2,"(0, 0.5, 1)",54,38,15,1,71.69811320754717,40,0.7407407407407407,0.2407407407407407,-0.2592592592592593,-0.7592592592592593
ALL_HOURS,EMA24,SHORT,DepthRatio,3,"(0, 0.5, 1)",191,146,41,4,78.07486631016043,320,1.675392670157068,1.175392670157068,0.675392670157068,0.17539267015706805
ALL_HOURS,EMA24,SHORT,DepthRatio,MISSING_OR_NO_LEVEL,"(0, 0.5, 1)",16,13,2,1,86.66666666666667,45,2.8125,2.3125,1.8125,1.3125
ALL_HOURS,EMA24,SHORT,SpeedRatio,1,"(0, 0.5, 1, 2)",64,51,12,1,80.95238095238095,135,2.109375,1.609375,1.109375,0.609375
ALL_HOURS,EMA24,SHORT,SpeedRatio,2,"(0, 0.5, 1, 2)",54,39,15,0,72.22222222222223,45,0.8333333333333334,0.33333333333333337,-0.16666666666666663,-0.6666666666666666
ALL_HOURS,EMA24,SHORT,SpeedRatio,3,"(0, 0.5, 1, 2)",58,43,15,0,74.13793103448276,65,1.1206896551724137,0.6206896551724137,0.1206896551724137,-0.3793103448275863
ALL_HOURS,EMA24,SHORT,SpeedRatio,4,"(0, 0.5, 1, 2)",72,56,15,1,78.87323943661971,130,1.8055555555555556,1.3055555555555556,0.8055555555555556,0.3055555555555556
ALL_HOURS,EMA24,SHORT,SpeedRatio,MISSING_OR_NO_LEVEL,"(0, 0.5, 1, 2)",19,13,2,4,86.66666666666667,45,2.3684210526315788,1.8684210526315788,1.3684210526315788,0.8684210526315788
ALL_HOURS,EMA24,UNAMBIGUOUS,RoomTicks,2,"(0, 3, 6, 11)",5,4,1,0,80.0,10,2.0,1.5,1.0,0.5
ALL_HOURS,EMA24,UNAMBIGUOUS,RoomTicks,3,"(0, 3, 6, 11)",171,135,35,1,79.41176470588235,325,1.9005847953216375,1.4005847953216375,0.9005847953216375,0.4005847953216375
ALL_HOURS,EMA24,UNAMBIGUOUS,RoomTicks,4,"(0, 3, 6, 11)",241,183,58,0,75.93360995850622,335,1.3900414937759336,0.8900414937759336,0.39004149377593356,-0.10995850622406644
ALL_HOURS,EMA24,UNAMBIGUOUS,RoomTicks,MISSING_OR_NO_LEVEL,"(0, 3, 6, 11)",69,49,20,0,71.01449275362319,45,0.6521739130434783,0.15217391304347827,-0.34782608695652173,-0.8478260869565217
ALL_HOURS,EMA24,UNAMBIGUOUS,DepthRatio,1,"(0, 0.5, 1)",16,14,2,0,87.5,50,3.125,2.625,2.125,1.625
ALL_HOURS,EMA24,UNAMBIGUOUS,DepthRatio,2,"(0, 0.5, 1)",98,78,20,0,79.59183673469387,190,1.9387755102040816,1.4387755102040816,0.9387755102040816,0.43877551020408156
ALL_HOURS,EMA24,UNAMBIGUOUS,DepthRatio,3,"(0, 0.5, 1)",339,255,83,1,75.44378698224853,445,1.3126843657817109,0.8126843657817109,0.3126843657817109,-0.18731563421828912
ALL_HOURS,EMA24,UNAMBIGUOUS,DepthRatio,MISSING_OR_NO_LEVEL,"(0, 0.5, 1)",33,24,9,0,72.72727272727273,30,0.9090909090909091,0.40909090909090906,-0.09090909090909094,-0.5909090909090909
ALL_HOURS,EMA24,UNAMBIGUOUS,SpeedRatio,1,"(0, 0.5, 1, 2)",112,91,21,0,81.25,245,2.1875,1.6875,1.1875,0.6875
ALL_HOURS,EMA24,UNAMBIGUOUS,SpeedRatio,2,"(0, 0.5, 1, 2)",101,73,28,0,72.27722772277228,85,0.8415841584158416,0.34158415841584155,-0.15841584158415845,-0.6584158415841584
ALL_HOURS,EMA24,UNAMBIGUOUS,SpeedRatio,3,"(0, 0.5, 1, 2)",108,83,25,0,76.85185185185185,165,1.5277777777777777,1.0277777777777777,0.5277777777777777,0.02777777777777768
ALL_HOURS,EMA24,UNAMBIGUOUS,SpeedRatio,4,"(0, 0.5, 1, 2)",132,100,31,1,76.33587786259542,190,1.4393939393939394,0.9393939393939394,0.43939393939393945,-0.06060606060606055
ALL_HOURS,EMA24,UNAMBIGUOUS,SpeedRatio,MISSING_OR_NO_LEVEL,"(0, 0.5, 1, 2)",33,24,9,0,72.72727272727273,30,0.9090909090909091,0.40909090909090906,-0.09090909090909094,-0.5909090909090909
ALL_HOURS,EMA50,ALL,RoomTicks,1,"(0, 3, 6, 11)",3,3,0,0,100.0,15,5.0,4.5,4.0,3.5
ALL_HOURS,EMA50,ALL,RoomTicks,2,"(0, 3, 6, 11)",22,17,5,0,77.27272727272727,35,1.5909090909090908,1.0909090909090908,0.5909090909090908,0.09090909090909083
ALL_HOURS,EMA50,ALL,RoomTicks,3,"(0, 3, 6, 11)",157,121,36,0,77.07006369426752,245,1.5605095541401275,1.0605095541401275,0.5605095541401275,0.060509554140127486
ALL_HOURS,EMA50,ALL,RoomTicks,4,"(0, 3, 6, 11)",161,128,29,4,81.52866242038216,350,2.1739130434782608,1.6739130434782608,1.1739130434782608,0.6739130434782608
ALL_HOURS,EMA50,ALL,RoomTicks,MISSING_OR_NO_LEVEL,"(0, 3, 6, 11)",15,13,2,0,86.66666666666667,45,3.0,2.5,2.0,1.5
ALL_HOURS,EMA50,ALL,DepthRatio,1,"(0, 0.5, 1)",22,17,5,0,77.27272727272727,35,1.5909090909090908,1.0909090909090908,0.5909090909090908,0.09090909090909083
ALL_HOURS,EMA50,ALL,DepthRatio,2,"(0, 0.5, 1)",58,46,10,2,82.14285714285714,130,2.2413793103448274,1.7413793103448274,1.2413793103448274,0.7413793103448274
ALL_HOURS,EMA50,ALL,DepthRatio,3,"(0, 0.5, 1)",224,178,46,0,79.46428571428571,430,1.9196428571428572,1.4196428571428572,0.9196428571428572,0.4196428571428572
ALL_HOURS,EMA50,ALL,DepthRatio,MISSING_OR_NO_LEVEL,"(0, 0.5, 1)",54,41,11,2,78.84615384615384,95,1.7592592592592593,1.2592592592592593,0.7592592592592593,0.2592592592592593
ALL_HOURS,EMA50,ALL,SpeedRatio,1,"(0, 0.5, 1, 2)",60,49,11,0,81.66666666666667,135,2.25,1.75,1.25,0.75
ALL_HOURS,EMA50,ALL,SpeedRatio,2,"(0, 0.5, 1, 2)",65,52,12,1,81.25,140,2.1538461538461537,1.6538461538461537,1.1538461538461537,0.6538461538461537
ALL_HOURS,EMA50,ALL,SpeedRatio,3,"(0, 0.5, 1, 2)",67,54,13,0,80.59701492537313,140,2.08955223880597,1.58955223880597,1.08955223880597,0.58955223880597
ALL_HOURS,EMA50,ALL,SpeedRatio,4,"(0, 0.5, 1, 2)",110,85,25,0,77.27272727272727,175,1.5909090909090908,1.0909090909090908,0.5909090909090908,0.09090909090909083
ALL_HOURS,EMA50,ALL,SpeedRatio,MISSING_OR_NO_LEVEL,"(0, 0.5, 1, 2)",56,42,11,3,79.24528301886792,100,1.7857142857142858,1.2857142857142858,0.7857142857142858,0.2857142857142858
ALL_HOURS,EMA50,DEV,RoomTicks,1,"(0, 3, 6, 11)",1,1,0,0,100.0,5,5.0,4.5,4.0,3.5
ALL_HOURS,EMA50,DEV,RoomTicks,2,"(0, 3, 6, 11)",14,11,3,0,78.57142857142857,25,1.7857142857142858,1.2857142857142858,0.7857142857142858,0.2857142857142858
ALL_HOURS,EMA50,DEV,RoomTicks,3,"(0, 3, 6, 11)",73,57,16,0,78.08219178082192,125,1.7123287671232876,1.2123287671232876,0.7123287671232876,0.21232876712328763
ALL_HOURS,EMA50,DEV,RoomTicks,4,"(0, 3, 6, 11)",67,54,13,0,80.59701492537313,140,2.08955223880597,1.58955223880597,1.08955223880597,0.58955223880597
ALL_HOURS,EMA50,DEV,RoomTicks,MISSING_OR_NO_LEVEL,"(0, 3, 6, 11)",8,7,1,0,87.5,25,3.125,2.625,2.125,1.625
ALL_HOURS,EMA50,DEV,DepthRatio,1,"(0, 0.5, 1)",10,8,2,0,80.0,20,2.0,1.5,1.0,0.5
ALL_HOURS,EMA50,DEV,DepthRatio,2,"(0, 0.5, 1)",27,23,4,0,85.18518518518519,75,2.7777777777777777,2.2777777777777777,1.7777777777777777,1.2777777777777777
ALL_HOURS,EMA50,DEV,DepthRatio,3,"(0, 0.5, 1)",97,77,20,0,79.38144329896907,185,1.907216494845361,1.407216494845361,0.9072164948453609,0.40721649484536093
ALL_HOURS,EMA50,DEV,DepthRatio,MISSING_OR_NO_LEVEL,"(0, 0.5, 1)",29,22,7,0,75.86206896551724,40,1.3793103448275863,0.8793103448275863,0.3793103448275863,-0.1206896551724137
ALL_HOURS,EMA50,DEV,SpeedRatio,1,"(0, 0.5, 1, 2)",26,20,6,0,76.92307692307692,40,1.5384615384615385,1.0384615384615385,0.5384615384615385,0.03846153846153855
ALL_HOURS,EMA50,DEV,SpeedRatio,2,"(0, 0.5, 1, 2)",29,25,4,0,86.20689655172414,85,2.9310344827586206,2.4310344827586206,1.9310344827586206,1.4310344827586206
ALL_HOURS,EMA50,DEV,SpeedRatio,3,"(0, 0.5, 1, 2)",28,26,2,0,92.85714285714286,110,3.9285714285714284,3.4285714285714284,2.9285714285714284,2.4285714285714284
ALL_HOURS,EMA50,DEV,SpeedRatio,4,"(0, 0.5, 1, 2)",51,37,14,0,72.54901960784314,45,0.8823529411764706,0.38235294117647056,-0.11764705882352944,-0.6176470588235294
ALL_HOURS,EMA50,DEV,SpeedRatio,MISSING_OR_NO_LEVEL,"(0, 0.5, 1, 2)",29,22,7,0,75.86206896551724,40,1.3793103448275863,0.8793103448275863,0.3793103448275863,-0.1206896551724137
ALL_HOURS,EMA50,LATER,RoomTicks,1,"(0, 3, 6, 11)",2,2,0,0,100.0,10,5.0,4.5,4.0,3.5
ALL_HOURS,EMA50,LATER,RoomTicks,2,"(0, 3, 6, 11)",8,6,2,0,75.0,10,1.25,0.75,0.25,-0.25
ALL_HOURS,EMA50,LATER,RoomTicks,3,"(0, 3, 6, 11)",84,64,20,0,76.19047619047619,120,1.4285714285714286,0.9285714285714286,0.4285714285714286,-0.0714285714285714
ALL_HOURS,EMA50,LATER,RoomTicks,4,"(0, 3, 6, 11)",94,74,16,4,82.22222222222223,210,2.234042553191489,1.7340425531914891,1.2340425531914891,0.7340425531914891
ALL_HOURS,EMA50,LATER,RoomTicks,MISSING_OR_NO_LEVEL,"(0, 3, 6, 11)",7,6,1,0,85.71428571428571,20,2.857142857142857,2.357142857142857,1.8571428571428572,1.3571428571428572
ALL_HOURS,EMA50,LATER,DepthRatio,1,"(0, 0.5, 1)",12,9,3,0,75.0,15,1.25,0.75,0.25,-0.25
ALL_HOURS,EMA50,LATER,DepthRatio,2,"(0, 0.5, 1)",31,23,6,2,79.3103448275862,55,1.7741935483870968,1.2741935483870968,0.7741935483870968,0.27419354838709675
ALL_HOURS,EMA50,LATER,DepthRatio,3,"(0, 0.5, 1)",127,101,26,0,79.5275590551181,245,1.9291338582677164,1.4291338582677164,0.9291338582677164,0.42913385826771644
ALL_HOURS,EMA50,LATER,DepthRatio,MISSING_OR_NO_LEVEL,"(0, 0.5, 1)",25,19,4,2,82.6086956521739,55,2.2,1.7000000000000002,1.2000000000000002,0.7000000000000002
ALL_HOURS,EMA50,LATER,SpeedRatio,1,"(0, 0.5, 1, 2)",34,29,5,0,85.29411764705883,95,2.7941176470588234,2.2941176470588234,1.7941176470588234,1.2941176470588234
ALL_HOURS,EMA50,LATER,SpeedRatio,2,"(0, 0.5, 1, 2)",36,27,8,1,77.14285714285714,55,1.5277777777777777,1.0277777777777777,0.5277777777777777,0.02777777777777768
ALL_HOURS,EMA50,LATER,SpeedRatio,3,"(0, 0.5, 1, 2)",39,28,11,0,71.7948717948718,30,0.7692307692307693,0.2692307692307693,-0.23076923076923073,-0.7307692307692307
ALL_HOURS,EMA50,LATER,SpeedRatio,4,"(0, 0.5, 1, 2)",59,48,11,0,81.35593220338983,130,2.2033898305084745,1.7033898305084745,1.2033898305084745,0.7033898305084745
ALL_HOURS,EMA50,LATER,SpeedRatio,MISSING_OR_NO_LEVEL,"(0, 0.5, 1, 2)",27,20,4,3,83.33333333333333,60,2.2222222222222223,1.7222222222222223,1.2222222222222223,0.7222222222222223
ALL_HOURS,EMA50,LONG,RoomTicks,2,"(0, 3, 6, 11)",10,7,3,0,70.0,5,0.5,0.0,-0.5,-1.0
ALL_HOURS,EMA50,LONG,RoomTicks,3,"(0, 3, 6, 11)",69,56,13,0,81.15942028985508,150,2.1739130434782608,1.6739130434782608,1.1739130434782608,0.6739130434782608
ALL_HOURS,EMA50,LONG,RoomTicks,4,"(0, 3, 6, 11)",69,54,13,2,80.59701492537313,140,2.028985507246377,1.528985507246377,1.028985507246377,0.5289855072463769
ALL_HOURS,EMA50,LONG,RoomTicks,MISSING_OR_NO_LEVEL,"(0, 3, 6, 11)",7,7,0,0,100.0,35,5.0,4.5,4.0,3.5
ALL_HOURS,EMA50,LONG,DepthRatio,1,"(0, 0.5, 1)",4,4,0,0,100.0,20,5.0,4.5,4.0,3.5
ALL_HOURS,EMA50,LONG,DepthRatio,2,"(0, 0.5, 1)",22,20,2,0,90.9090909090909,80,3.6363636363636362,3.1363636363636362,2.6363636363636362,2.1363636363636362
ALL_HOURS,EMA50,LONG,DepthRatio,3,"(0, 0.5, 1)",107,84,23,0,78.50467289719626,190,1.7757009345794392,1.2757009345794392,0.7757009345794392,0.2757009345794392
ALL_HOURS,EMA50,LONG,DepthRatio,MISSING_OR_NO_LEVEL,"(0, 0.5, 1)",22,16,4,2,80.0,40,1.8181818181818181,1.3181818181818181,0.8181818181818181,0.3181818181818181
ALL_HOURS,EMA50,LONG,SpeedRatio,1,"(0, 0.5, 1, 2)",24,21,3,0,87.5,75,3.125,2.625,2.125,1.625
ALL_HOURS,EMA50,LONG,SpeedRatio,2,"(0, 0.5, 1, 2)",23,19,4,0,82.6086956521739,55,2.391304347826087,1.891304347826087,1.391304347826087,0.8913043478260869
ALL_HOURS,EMA50,LONG,SpeedRatio,3,"(0, 0.5, 1, 2)",30,25,5,0,83.33333333333333,75,2.5,2.0,1.5,1.0
ALL_HOURS,EMA50,LONG,SpeedRatio,4,"(0, 0.5, 1, 2)",56,43,13,0,76.78571428571429,85,1.5178571428571428,1.0178571428571428,0.5178571428571428,0.017857142857142794
ALL_HOURS,EMA50,LONG,SpeedRatio,MISSING_OR_NO_LEVEL,"(0, 0.5, 1, 2)",22,16,4,2,80.0,40,1.8181818181818181,1.3181818181818181,0.8181818181818181,0.3181818181818181
ALL_HOURS,EMA50,SHORT,RoomTicks,1,"(0, 3, 6, 11)",3,3,0,0,100.0,15,5.0,4.5,4.0,3.5
ALL_HOURS,EMA50,SHORT,RoomTicks,2,"(0, 3, 6, 11)",12,10,2,0,83.33333333333333,30,2.5,2.0,1.5,1.0
ALL_HOURS,EMA50,SHORT,RoomTicks,3,"(0, 3, 6, 11)",88,65,23,0,73.86363636363636,95,1.0795454545454546,0.5795454545454546,0.07954545454545459,-0.4204545454545454
ALL_HOURS,EMA50,SHORT,RoomTicks,4,"(0, 3, 6, 11)",92,74,16,2,82.22222222222223,210,2.282608695652174,1.7826086956521738,1.2826086956521738,0.7826086956521738
ALL_HOURS,EMA50,SHORT,RoomTicks,MISSING_OR_NO_LEVEL,"(0, 3, 6, 11)",8,6,2,0,75.0,10,1.25,0.75,0.25,-0.25
ALL_HOURS,EMA50,SHORT,DepthRatio,1,"(0, 0.5, 1)",18,13,5,0,72.22222222222223,15,0.8333333333333334,0.33333333333333337,-0.16666666666666663,-0.6666666666666666
ALL_HOURS,EMA50,SHORT,DepthRatio,2,"(0, 0.5, 1)",36,26,8,2,76.47058823529412,50,1.3888888888888888,0.8888888888888888,0.38888888888888884,-0.11111111111111116
ALL_HOURS,EMA50,SHORT,DepthRatio,3,"(0, 0.5, 1)",117,94,23,0,80.34188034188034,240,2.051282051282051,1.551282051282051,1.051282051282051,0.5512820512820511
ALL_HOURS,EMA50,SHORT,DepthRatio,MISSING_OR_NO_LEVEL,"(0, 0.5, 1)",32,25,7,0,78.125,55,1.71875,1.21875,0.71875,0.21875
ALL_HOURS,EMA50,SHORT,SpeedRatio,1,"(0, 0.5, 1, 2)",36,28,8,0,77.77777777777777,60,1.6666666666666667,1.1666666666666667,0.6666666666666667,0.16666666666666674
ALL_HOURS,EMA50,SHORT,SpeedRatio,2,"(0, 0.5, 1, 2)",42,33,8,1,80.48780487804878,85,2.0238095238095237,1.5238095238095237,1.0238095238095237,0.5238095238095237
ALL_HOURS,EMA50,SHORT,SpeedRatio,3,"(0, 0.5, 1, 2)",37,29,8,0,78.37837837837837,65,1.7567567567567568,1.2567567567567568,0.7567567567567568,0.2567567567567568
ALL_HOURS,EMA50,SHORT,SpeedRatio,4,"(0, 0.5, 1, 2)",54,42,12,0,77.77777777777777,90,1.6666666666666667,1.1666666666666667,0.6666666666666667,0.16666666666666674
ALL_HOURS,EMA50,SHORT,SpeedRatio,MISSING_OR_NO_LEVEL,"(0, 0.5, 1, 2)",34,26,7,1,78.78787878787878,60,1.7647058823529411,1.2647058823529411,0.7647058823529411,0.2647058823529411
ALL_HOURS,EMA50,UNAMBIGUOUS,RoomTicks,1,"(0, 3, 6, 11)",3,3,0,0,100.0,15,5.0,4.5,4.0,3.5
ALL_HOURS,EMA50,UNAMBIGUOUS,RoomTicks,2,"(0, 3, 6, 11)",21,16,5,0,76.19047619047619,30,1.4285714285714286,0.9285714285714286,0.4285714285714286,-0.0714285714285714
ALL_HOURS,EMA50,UNAMBIGUOUS,RoomTicks,3,"(0, 3, 6, 11)",155,120,35,0,77.41935483870968,250,1.6129032258064515,1.1129032258064515,0.6129032258064515,0.11290322580645151
ALL_HOURS,EMA50,UNAMBIGUOUS,RoomTicks,4,"(0, 3, 6, 11)",153,121,29,3,80.66666666666667,315,2.0588235294117645,1.5588235294117645,1.0588235294117645,0.5588235294117645
ALL_HOURS,EMA50,UNAMBIGUOUS,RoomTicks,MISSING_OR_NO_LEVEL,"(0, 3, 6, 11)",15,13,2,0,86.66666666666667,45,3.0,2.5,2.0,1.5
ALL_HOURS,EMA50,UNAMBIGUOUS,DepthRatio,1,"(0, 0.5, 1)",20,15,5,0,75.0,25,1.25,0.75,0.25,-0.25
ALL_HOURS,EMA50,UNAMBIGUOUS,DepthRatio,2,"(0, 0.5, 1)",56,45,10,1,81.81818181818181,125,2.232142857142857,1.7321428571428572,1.2321428571428572,0.7321428571428572
ALL_HOURS,EMA50,UNAMBIGUOUS,DepthRatio,3,"(0, 0.5, 1)",220,175,45,0,79.54545454545455,425,1.9318181818181819,1.4318181818181819,0.9318181818181819,0.4318181818181819
ALL_HOURS,EMA50,UNAMBIGUOUS,DepthRatio,MISSING_OR_NO_LEVEL,"(0, 0.5, 1)",51,38,11,2,77.55102040816327,80,1.5686274509803921,1.0686274509803921,0.5686274509803921,0.06862745098039214
ALL_HOURS,EMA50,UNAMBIGUOUS,SpeedRatio,1,"(0, 0.5, 1, 2)",58,47,11,0,81.03448275862068,125,2.1551724137931036,1.6551724137931036,1.1551724137931036,0.6551724137931036
ALL_HOURS,EMA50,UNAMBIGUOUS,SpeedRatio,2,"(0, 0.5, 1, 2)",64,52,11,1,82.53968253968254,150,2.34375,1.84375,1.34375,0.84375
ALL_HOURS,EMA50,UNAMBIGUOUS,SpeedRatio,3,"(0, 0.5, 1, 2)",66,53,13,0,80.3030303030303,135,2.0454545454545454,1.5454545454545454,1.0454545454545454,0.5454545454545454
ALL_HOURS,EMA50,UNAMBIGUOUS,SpeedRatio,4,"(0, 0.5, 1, 2)",108,83,25,0,76.85185185185185,165,1.5277777777777777,1.0277777777777777,0.5277777777777777,0.02777777777777768
ALL_HOURS,EMA50,UNAMBIGUOUS,SpeedRatio,MISSING_OR_NO_LEVEL,"(0, 0.5, 1, 2)",51,38,11,2,77.55102040816327,80,1.5686274509803921,1.0686274509803921,0.5686274509803921,0.06862745098039214
PRIME,COMBINED,ALL,RoomTicks,1,"(0, 3, 6, 11)",24,19,5,0,79.16666666666667,45,1.875,1.375,0.875,0.375
PRIME,COMBINED,ALL,RoomTicks,2,"(0, 3, 6, 11)",79,60,19,0,75.9493670886076,110,1.3924050632911393,0.8924050632911393,0.39240506329113933,-0.10759493670886067
PRIME,COMBINED,ALL,RoomTicks,3,"(0, 3, 6, 11)",191,156,34,1,82.10526315789474,440,2.303664921465969,1.8036649214659688,1.3036649214659688,0.8036649214659688
PRIME,COMBINED,ALL,RoomTicks,4,"(0, 3, 6, 11)",133,105,27,1,79.54545454545455,255,1.9172932330827068,1.4172932330827068,0.9172932330827068,0.4172932330827068
PRIME,COMBINED,ALL,RoomTicks,MISSING_OR_NO_LEVEL,"(0, 3, 6, 11)",205,161,44,0,78.53658536585365,365,1.7804878048780488,1.2804878048780488,0.7804878048780488,0.2804878048780488
PRIME,COMBINED,ALL,DepthRatio,1,"(0, 0.5, 1)",151,111,39,1,74.0,165,1.0927152317880795,0.5927152317880795,0.0927152317880795,-0.4072847682119205
PRIME,COMBINED,ALL,DepthRatio,2,"(0, 0.5, 1)",163,132,31,0,80.98159509202453,350,2.147239263803681,1.647239263803681,1.147239263803681,0.647239263803681
PRIME,COMBINED,ALL,DepthRatio,3,"(0, 0.5, 1)",269,220,48,1,82.08955223880596,620,2.3048327137546467,1.8048327137546467,1.3048327137546467,0.8048327137546467
PRIME,COMBINED,ALL,DepthRatio,MISSING_OR_NO_LEVEL,"(0, 0.5, 1)",49,38,11,0,77.55102040816327,80,1.6326530612244898,1.1326530612244898,0.6326530612244898,0.13265306122448983
PRIME,COMBINED,ALL,SpeedRatio,1,"(0, 0.5, 1, 2)",140,114,26,0,81.42857142857143,310,2.2142857142857144,1.7142857142857144,1.2142857142857144,0.7142857142857144
PRIME,COMBINED,ALL,SpeedRatio,2,"(0, 0.5, 1, 2)",149,121,28,0,81.20805369127517,325,2.1812080536912752,1.6812080536912752,1.1812080536912752,0.6812080536912752
PRIME,COMBINED,ALL,SpeedRatio,3,"(0, 0.5, 1, 2)",127,105,22,0,82.67716535433071,305,2.4015748031496065,1.9015748031496065,1.4015748031496065,0.9015748031496065
PRIME,COMBINED,ALL,SpeedRatio,4,"(0, 0.5, 1, 2)",164,121,42,1,74.23312883435582,185,1.1280487804878048,0.6280487804878048,0.12804878048780477,-0.37195121951219523
PRIME,COMBINED,ALL,SpeedRatio,MISSING_OR_NO_LEVEL,"(0, 0.5, 1, 2)",52,40,11,1,78.43137254901961,90,1.7307692307692308,1.2307692307692308,0.7307692307692308,0.23076923076923084
PRIME,COMBINED,DEV,RoomTicks,1,"(0, 3, 6, 11)",14,9,5,0,64.28571428571429,-5,-0.35714285714285715,-0.8571428571428572,-1.3571428571428572,-1.8571428571428572
PRIME,COMBINED,DEV,RoomTicks,2,"(0, 3, 6, 11)",45,35,10,0,77.77777777777777,75,1.6666666666666667,1.1666666666666667,0.6666666666666667,0.16666666666666674
PRIME,COMBINED,DEV,RoomTicks,3,"(0, 3, 6, 11)",93,76,17,0,81.72043010752688,210,2.2580645161290325,1.7580645161290325,1.2580645161290325,0.7580645161290325
PRIME,COMBINED,DEV,RoomTicks,4,"(0, 3, 6, 11)",61,46,15,0,75.40983606557377,80,1.3114754098360655,0.8114754098360655,0.3114754098360655,-0.18852459016393452
PRIME,COMBINED,DEV,RoomTicks,MISSING_OR_NO_LEVEL,"(0, 3, 6, 11)",93,75,18,0,80.64516129032258,195,2.096774193548387,1.596774193548387,1.096774193548387,0.596774193548387
PRIME,COMBINED,DEV,DepthRatio,1,"(0, 0.5, 1)",75,53,22,0,70.66666666666667,45,0.6,0.09999999999999998,-0.4,-0.9
PRIME,COMBINED,DEV,DepthRatio,2,"(0, 0.5, 1)",72,61,11,0,84.72222222222223,195,2.7083333333333335,2.2083333333333335,1.7083333333333335,1.2083333333333335
PRIME,COMBINED,DEV,DepthRatio,3,"(0, 0.5, 1)",139,113,26,0,81.29496402877697,305,2.194244604316547,1.6942446043165469,1.1942446043165469,0.6942446043165469
PRIME,COMBINED,DEV,DepthRatio,MISSING_OR_NO_LEVEL,"(0, 0.5, 1)",20,14,6,0,70.0,10,0.5,0.0,-0.5,-1.0
PRIME,COMBINED,DEV,SpeedRatio,1,"(0, 0.5, 1, 2)",68,54,14,0,79.41176470588235,130,1.911764705882353,1.411764705882353,0.911764705882353,0.41176470588235303
PRIME,COMBINED,DEV,SpeedRatio,2,"(0, 0.5, 1, 2)",76,65,11,0,85.52631578947368,215,2.8289473684210527,2.3289473684210527,1.8289473684210527,1.3289473684210527
PRIME,COMBINED,DEV,SpeedRatio,3,"(0, 0.5, 1, 2)",60,49,11,0,81.66666666666667,135,2.25,1.75,1.25,0.75
PRIME,COMBINED,DEV,SpeedRatio,4,"(0, 0.5, 1, 2)",82,59,23,0,71.95121951219512,65,0.7926829268292683,0.29268292682926833,-0.20731707317073167,-0.7073170731707317
PRIME,COMBINED,DEV,SpeedRatio,MISSING_OR_NO_LEVEL,"(0, 0.5, 1, 2)",20,14,6,0,70.0,10,0.5,0.0,-0.5,-1.0
PRIME,COMBINED,LATER,RoomTicks,1,"(0, 3, 6, 11)",10,10,0,0,100.0,50,5.0,4.5,4.0,3.5
PRIME,COMBINED,LATER,RoomTicks,2,"(0, 3, 6, 11)",34,25,9,0,73.52941176470588,35,1.0294117647058822,0.5294117647058822,0.02941176470588225,-0.47058823529411775
PRIME,COMBINED,LATER,RoomTicks,3,"(0, 3, 6, 11)",98,80,17,1,82.47422680412372,230,2.3469387755102042,1.8469387755102042,1.3469387755102042,0.8469387755102042
PRIME,COMBINED,LATER,RoomTicks,4,"(0, 3, 6, 11)",72,59,12,1,83.09859154929578,175,2.4305555555555554,1.9305555555555554,1.4305555555555554,0.9305555555555554
PRIME,COMBINED,LATER,RoomTicks,MISSING_OR_NO_LEVEL,"(0, 3, 6, 11)",112,86,26,0,76.78571428571429,170,1.5178571428571428,1.0178571428571428,0.5178571428571428,0.017857142857142794
PRIME,COMBINED,LATER,DepthRatio,1,"(0, 0.5, 1)",76,58,17,1,77.33333333333333,120,1.5789473684210527,1.0789473684210527,0.5789473684210527,0.07894736842105265
PRIME,COMBINED,LATER,DepthRatio,2,"(0, 0.5, 1)",91,71,20,0,78.02197802197803,155,1.7032967032967032,1.2032967032967032,0.7032967032967032,0.20329670329670324
PRIME,COMBINED,LATER,DepthRatio,3,"(0, 0.5, 1)",130,107,22,1,82.94573643410853,315,2.423076923076923,1.923076923076923,1.423076923076923,0.9230769230769229
PRIME,COMBINED,LATER,DepthRatio,MISSING_OR_NO_LEVEL,"(0, 0.5, 1)",29,24,5,0,82.75862068965517,70,2.413793103448276,1.9137931034482758,1.4137931034482758,0.9137931034482758
PRIME,COMBINED,LATER,SpeedRatio,1,"(0, 0.5, 1, 2)",72,60,12,0,83.33333333333333,180,2.5,2.0,1.5,1.0
PRIME,COMBINED,LATER,SpeedRatio,2,"(0, 0.5, 1, 2)",73,56,17,0,76.71232876712328,110,1.5068493150684932,1.0068493150684932,0.5068493150684932,0.006849315068493178
PRIME,COMBINED,LATER,SpeedRatio,3,"(0, 0.5, 1, 2)",67,56,11,0,83.58208955223881,170,2.537313432835821,2.037313432835821,1.5373134328358211,1.0373134328358211
PRIME,COMBINED,LATER,SpeedRatio,4,"(0, 0.5, 1, 2)",82,62,19,1,76.54320987654322,120,1.4634146341463414,0.9634146341463414,0.46341463414634143,-0.03658536585365857
PRIME,COMBINED,LATER,SpeedRatio,MISSING_OR_NO_LEVEL,"(0, 0.5, 1, 2)",32,26,5,1,83.87096774193549,80,2.5,2.0,1.5,1.0
PRIME,COMBINED,LONG,RoomTicks,1,"(0, 3, 6, 11)",11,9,2,0,81.81818181818181,25,2.272727272727273,1.772727272727273,1.272727272727273,0.7727272727272729
PRIME,COMBINED,LONG,RoomTicks,2,"(0, 3, 6, 11)",44,34,10,0,77.27272727272727,70,1.5909090909090908,1.0909090909090908,0.5909090909090908,0.09090909090909083
PRIME,COMBINED,LONG,RoomTicks,3,"(0, 3, 6, 11)",90,79,11,0,87.77777777777777,285,3.1666666666666665,2.6666666666666665,2.1666666666666665,1.6666666666666665
PRIME,COMBINED,LONG,RoomTicks,4,"(0, 3, 6, 11)",64,49,15,0,76.5625,95,1.484375,0.984375,0.484375,-0.015625
PRIME,COMBINED,LONG,RoomTicks,MISSING_OR_NO_LEVEL,"(0, 3, 6, 11)",116,90,26,0,77.58620689655173,190,1.6379310344827587,1.1379310344827587,0.6379310344827587,0.13793103448275867
PRIME,COMBINED,LONG,DepthRatio,1,"(0, 0.5, 1)",75,54,21,0,72.0,60,0.8,0.30000000000000004,-0.19999999999999996,-0.7
PRIME,COMBINED,LONG,DepthRatio,2,"(0, 0.5, 1)",85,73,12,0,85.88235294117646,245,2.8823529411764706,2.3823529411764706,1.8823529411764706,1.3823529411764706
PRIME,COMBINED,LONG,DepthRatio,3,"(0, 0.5, 1)",140,116,24,0,82.85714285714286,340,2.4285714285714284,1.9285714285714284,1.4285714285714284,0.9285714285714284
PRIME,COMBINED,LONG,DepthRatio,MISSING_OR_NO_LEVEL,"(0, 0.5, 1)",25,18,7,0,72.0,20,0.8,0.30000000000000004,-0.19999999999999996,-0.7
PRIME,COMBINED,LONG,SpeedRatio,1,"(0, 0.5, 1, 2)",58,49,9,0,84.48275862068965,155,2.6724137931034484,2.1724137931034484,1.6724137931034484,1.1724137931034484
PRIME,COMBINED,LONG,SpeedRatio,2,"(0, 0.5, 1, 2)",75,63,12,0,84.0,195,2.6,2.1,1.6,1.1
PRIME,COMBINED,LONG,SpeedRatio,3,"(0, 0.5, 1, 2)",78,65,13,0,83.33333333333333,195,2.5,2.0,1.5,1.0
PRIME,COMBINED,LONG,SpeedRatio,4,"(0, 0.5, 1, 2)",89,66,23,0,74.15730337078652,100,1.1235955056179776,0.6235955056179776,0.12359550561797761,-0.3764044943820224
PRIME,COMBINED,LONG,SpeedRatio,MISSING_OR_NO_LEVEL,"(0, 0.5, 1, 2)",25,18,7,0,72.0,20,0.8,0.30000000000000004,-0.19999999999999996,-0.7
PRIME,COMBINED,SHORT,RoomTicks,1,"(0, 3, 6, 11)",13,10,3,0,76.92307692307692,20,1.5384615384615385,1.0384615384615385,0.5384615384615385,0.03846153846153855
PRIME,COMBINED,SHORT,RoomTicks,2,"(0, 3, 6, 11)",35,26,9,0,74.28571428571429,40,1.1428571428571428,0.6428571428571428,0.1428571428571428,-0.3571428571428572
PRIME,COMBINED,SHORT,RoomTicks,3,"(0, 3, 6, 11)",101,77,23,1,77.0,155,1.5346534653465347,1.0346534653465347,0.5346534653465347,0.034653465346534684
PRIME,COMBINED,SHORT,RoomTicks,4,"(0, 3, 6, 11)",69,56,12,1,82.3529411764706,160,2.318840579710145,1.818840579710145,1.318840579710145,0.818840579710145
PRIME,COMBINED,SHORT,RoomTicks,MISSING_OR_NO_LEVEL,"(0, 3, 6, 11)",89,71,18,0,79.7752808988764,175,1.9662921348314606,1.4662921348314606,0.9662921348314606,0.4662921348314606
PRIME,COMBINED,SHORT,DepthRatio,1,"(0, 0.5, 1)",76,57,18,1,76.0,105,1.381578947368421,0.881578947368421,0.381578947368421,-0.11842105263157898
PRIME,COMBINED,SHORT,DepthRatio,2,"(0, 0.5, 1)",78,59,19,0,75.64102564102564,105,1.3461538461538463,0.8461538461538463,0.34615384615384626,-0.15384615384615374
PRIME,COMBINED,SHORT,DepthRatio,3,"(0, 0.5, 1)",129,104,24,1,81.25,280,2.1705426356589146,1.6705426356589146,1.1705426356589146,0.6705426356589146
PRIME,COMBINED,SHORT,DepthRatio,MISSING_OR_NO_LEVEL,"(0, 0.5, 1)",24,20,4,0,83.33333333333333,60,2.5,2.0,1.5,1.0
PRIME,COMBINED,SHORT,SpeedRatio,1,"(0, 0.5, 1, 2)",82,65,17,0,79.26829268292683,155,1.8902439024390243,1.3902439024390243,0.8902439024390243,0.3902439024390243
PRIME,COMBINED,SHORT,SpeedRatio,2,"(0, 0.5, 1, 2)",74,58,16,0,78.37837837837837,130,1.7567567567567568,1.2567567567567568,0.7567567567567568,0.2567567567567568
PRIME,COMBINED,SHORT,SpeedRatio,3,"(0, 0.5, 1, 2)",49,40,9,0,81.63265306122449,110,2.2448979591836733,1.7448979591836733,1.2448979591836733,0.7448979591836733
PRIME,COMBINED,SHORT,SpeedRatio,4,"(0, 0.5, 1, 2)",75,55,19,1,74.32432432432432,85,1.1333333333333333,0.6333333333333333,0.1333333333333333,-0.3666666666666667
PRIME,COMBINED,SHORT,SpeedRatio,MISSING_OR_NO_LEVEL,"(0, 0.5, 1, 2)",27,22,4,1,84.61538461538461,70,2.5925925925925926,2.0925925925925926,1.5925925925925926,1.0925925925925926
PRIME,COMBINED,UNAMBIGUOUS,RoomTicks,1,"(0, 3, 6, 11)",23,18,5,0,78.26086956521739,40,1.7391304347826086,1.2391304347826086,0.7391304347826086,0.23913043478260865
PRIME,COMBINED,UNAMBIGUOUS,RoomTicks,2,"(0, 3, 6, 11)",78,59,19,0,75.64102564102564,105,1.3461538461538463,0.8461538461538463,0.34615384615384626,-0.15384615384615374
PRIME,COMBINED,UNAMBIGUOUS,RoomTicks,3,"(0, 3, 6, 11)",184,150,34,0,81.52173913043478,410,2.2282608695652173,1.7282608695652173,1.2282608695652173,0.7282608695652173
PRIME,COMBINED,UNAMBIGUOUS,RoomTicks,4,"(0, 3, 6, 11)",128,100,27,1,78.74015748031496,230,1.796875,1.296875,0.796875,0.296875
PRIME,COMBINED,UNAMBIGUOUS,RoomTicks,MISSING_OR_NO_LEVEL,"(0, 3, 6, 11)",204,160,44,0,78.43137254901961,360,1.7647058823529411,1.2647058823529411,0.7647058823529411,0.2647058823529411
PRIME,COMBINED,UNAMBIGUOUS,DepthRatio,1,"(0, 0.5, 1)",149,109,39,1,73.64864864864865,155,1.0402684563758389,0.5402684563758389,0.04026845637583887,-0.45973154362416113
PRIME,COMBINED,UNAMBIGUOUS,DepthRatio,2,"(0, 0.5, 1)",158,127,31,0,80.37974683544304,325,2.0569620253164556,1.5569620253164556,1.0569620253164556,0.5569620253164556
PRIME,COMBINED,UNAMBIGUOUS,DepthRatio,3,"(0, 0.5, 1)",265,217,48,0,81.88679245283019,605,2.2830188679245285,1.7830188679245285,1.2830188679245285,0.7830188679245285
PRIME,COMBINED,UNAMBIGUOUS,DepthRatio,MISSING_OR_NO_LEVEL,"(0, 0.5, 1)",45,34,11,0,75.55555555555556,60,1.3333333333333333,0.8333333333333333,0.33333333333333326,-0.16666666666666674
PRIME,COMBINED,UNAMBIGUOUS,SpeedRatio,1,"(0, 0.5, 1, 2)",137,111,26,0,81.02189781021897,295,2.153284671532847,1.6532846715328469,1.1532846715328469,0.6532846715328469
PRIME,COMBINED,UNAMBIGUOUS,SpeedRatio,2,"(0, 0.5, 1, 2)",147,119,28,0,80.95238095238095,315,2.142857142857143,1.6428571428571428,1.1428571428571428,0.6428571428571428
PRIME,COMBINED,UNAMBIGUOUS,SpeedRatio,3,"(0, 0.5, 1, 2)",125,103,22,0,82.4,295,2.36,1.8599999999999999,1.3599999999999999,0.8599999999999999
PRIME,COMBINED,UNAMBIGUOUS,SpeedRatio,4,"(0, 0.5, 1, 2)",163,120,42,1,74.07407407407408,180,1.1042944785276074,0.6042944785276074,0.10429447852760743,-0.3957055214723926
PRIME,COMBINED,UNAMBIGUOUS,SpeedRatio,MISSING_OR_NO_LEVEL,"(0, 0.5, 1, 2)",45,34,11,0,75.55555555555556,60,1.3333333333333333,0.8333333333333333,0.33333333333333326,-0.16666666666666674
PRIME,EMA8,ALL,RoomTicks,1,"(0, 3, 6, 11)",24,19,5,0,79.16666666666667,45,1.875,1.375,0.875,0.375
PRIME,EMA8,ALL,RoomTicks,2,"(0, 3, 6, 11)",68,52,16,0,76.47058823529412,100,1.4705882352941178,0.9705882352941178,0.47058823529411775,-0.02941176470588225
PRIME,EMA8,ALL,RoomTicks,3,"(0, 3, 6, 11)",73,57,16,0,78.08219178082192,125,1.7123287671232876,1.2123287671232876,0.7123287671232876,0.21232876712328763
PRIME,EMA8,ALL,RoomTicks,4,"(0, 3, 6, 11)",3,1,1,1,50.0,-5,-1.6666666666666667,-2.166666666666667,-2.666666666666667,-3.166666666666667
PRIME,EMA8,ALL,RoomTicks,MISSING_OR_NO_LEVEL,"(0, 3, 6, 11)",183,141,42,0,77.04918032786885,285,1.5573770491803278,1.0573770491803278,0.5573770491803278,0.05737704918032782
PRIME,EMA8,ALL,DepthRatio,1,"(0, 0.5, 1)",138,100,37,1,72.99270072992701,130,0.9420289855072463,0.44202898550724634,-0.05797101449275366,-0.5579710144927537
PRIME,EMA8,ALL,DepthRatio,2,"(0, 0.5, 1)",107,83,24,0,77.57009345794393,175,1.6355140186915889,1.1355140186915889,0.6355140186915889,0.13551401869158886
PRIME,EMA8,ALL,DepthRatio,3,"(0, 0.5, 1)",93,76,17,0,81.72043010752688,210,2.2580645161290325,1.7580645161290325,1.2580645161290325,0.7580645161290325
PRIME,EMA8,ALL,DepthRatio,MISSING_OR_NO_LEVEL,"(0, 0.5, 1)",13,11,2,0,84.61538461538461,35,2.6923076923076925,2.1923076923076925,1.6923076923076925,1.1923076923076925
PRIME,EMA8,ALL,SpeedRatio,1,"(0, 0.5, 1, 2)",87,67,20,0,77.01149425287356,135,1.5517241379310345,1.0517241379310345,0.5517241379310345,0.051724137931034475
PRIME,EMA8,ALL,SpeedRatio,2,"(0, 0.5, 1, 2)",93,76,17,0,81.72043010752688,210,2.2580645161290325,1.7580645161290325,1.2580645161290325,0.7580645161290325
PRIME,EMA8,ALL,SpeedRatio,3,"(0, 0.5, 1, 2)",70,55,15,0,78.57142857142857,125,1.7857142857142858,1.2857142857142858,0.7857142857142858,0.2857142857142858
PRIME,EMA8,ALL,SpeedRatio,4,"(0, 0.5, 1, 2)",87,60,26,1,69.76744186046511,40,0.45977011494252873,-0.04022988505747127,-0.5402298850574713,-1.0402298850574714
PRIME,EMA8,ALL,SpeedRatio,MISSING_OR_NO_LEVEL,"(0, 0.5, 1, 2)",14,12,2,0,85.71428571428571,40,2.857142857142857,2.357142857142857,1.8571428571428572,1.3571428571428572
PRIME,EMA8,DEV,RoomTicks,1,"(0, 3, 6, 11)",14,9,5,0,64.28571428571429,-5,-0.35714285714285715,-0.8571428571428572,-1.3571428571428572,-1.8571428571428572
PRIME,EMA8,DEV,RoomTicks,2,"(0, 3, 6, 11)",38,29,9,0,76.3157894736842,55,1.4473684210526316,0.9473684210526316,0.44736842105263164,-0.05263157894736836
PRIME,EMA8,DEV,RoomTicks,3,"(0, 3, 6, 11)",42,34,8,0,80.95238095238095,90,2.142857142857143,1.6428571428571428,1.1428571428571428,0.6428571428571428
PRIME,EMA8,DEV,RoomTicks,4,"(0, 3, 6, 11)",2,1,1,0,50.0,-5,-2.5,-3.0,-3.5,-4.0
PRIME,EMA8,DEV,RoomTicks,MISSING_OR_NO_LEVEL,"(0, 3, 6, 11)",83,67,16,0,80.72289156626506,175,2.108433734939759,1.608433734939759,1.108433734939759,0.608433734939759
PRIME,EMA8,DEV,DepthRatio,1,"(0, 0.5, 1)",70,49,21,0,70.0,35,0.5,0.0,-0.5,-1.0
PRIME,EMA8,DEV,DepthRatio,2,"(0, 0.5, 1)",45,38,7,0,84.44444444444444,120,2.6666666666666665,2.1666666666666665,1.6666666666666665,1.1666666666666665
PRIME,EMA8,DEV,DepthRatio,3,"(0, 0.5, 1)",58,48,10,0,82.75862068965517,140,2.413793103448276,1.9137931034482758,1.4137931034482758,0.9137931034482758
PRIME,EMA8,DEV,DepthRatio,MISSING_OR_NO_LEVEL,"(0, 0.5, 1)",6,5,1,0,83.33333333333333,15,2.5,2.0,1.5,1.0
PRIME,EMA8,DEV,SpeedRatio,1,"(0, 0.5, 1, 2)",45,33,12,0,73.33333333333333,45,1.0,0.5,0.0,-0.5
PRIME,EMA8,DEV,SpeedRatio,2,"(0, 0.5, 1, 2)",47,43,4,0,91.48936170212765,175,3.723404255319149,3.223404255319149,2.723404255319149,2.223404255319149
PRIME,EMA8,DEV,SpeedRatio,3,"(0, 0.5, 1, 2)",37,29,8,0,78.37837837837837,65,1.7567567567567568,1.2567567567567568,0.7567567567567568,0.2567567567567568
PRIME,EMA8,DEV,SpeedRatio,4,"(0, 0.5, 1, 2)",44,30,14,0,68.18181818181819,10,0.22727272727272727,-0.2727272727272727,-0.7727272727272727,-1.2727272727272727
PRIME,EMA8,DEV,SpeedRatio,MISSING_OR_NO_LEVEL,"(0, 0.5, 1, 2)",6,5,1,0,83.33333333333333,15,2.5,2.0,1.5,1.0
PRIME,EMA8,LATER,RoomTicks,1,"(0, 3, 6, 11)",10,10,0,0,100.0,50,5.0,4.5,4.0,3.5
PRIME,EMA8,LATER,RoomTicks,2,"(0, 3, 6, 11)",30,23,7,0,76.66666666666667,45,1.5,1.0,0.5,0.0
PRIME,EMA8,LATER,RoomTicks,3,"(0, 3, 6, 11)",31,23,8,0,74.19354838709677,35,1.1290322580645162,0.6290322580645162,0.12903225806451624,-0.37096774193548376
PRIME,EMA8,LATER,RoomTicks,4,"(0, 3, 6, 11)",1,0,0,1,,0,0.0,-0.5,-1.0,-1.5
PRIME,EMA8,LATER,RoomTicks,MISSING_OR_NO_LEVEL,"(0, 3, 6, 11)",100,74,26,0,74.0,110,1.1,0.6000000000000001,0.10000000000000009,-0.3999999999999999
PRIME,EMA8,LATER,DepthRatio,1,"(0, 0.5, 1)",68,51,16,1,76.11940298507463,95,1.3970588235294117,0.8970588235294117,0.3970588235294117,-0.10294117647058831
PRIME,EMA8,LATER,DepthRatio,2,"(0, 0.5, 1)",62,45,17,0,72.58064516129032,55,0.8870967741935484,0.3870967741935484,-0.11290322580645162,-0.6129032258064516
PRIME,EMA8,LATER,DepthRatio,3,"(0, 0.5, 1)",35,28,7,0,80.0,70,2.0,1.5,1.0,0.5
PRIME,EMA8,LATER,DepthRatio,MISSING_OR_NO_LEVEL,"(0, 0.5, 1)",7,6,1,0,85.71428571428571,20,2.857142857142857,2.357142857142857,1.8571428571428572,1.3571428571428572
PRIME,EMA8,LATER,SpeedRatio,1,"(0, 0.5, 1, 2)",42,34,8,0,80.95238095238095,90,2.142857142857143,1.6428571428571428,1.1428571428571428,0.6428571428571428
PRIME,EMA8,LATER,SpeedRatio,2,"(0, 0.5, 1, 2)",46,33,13,0,71.73913043478261,35,0.7608695652173914,0.26086956521739135,-0.23913043478260865,-0.7391304347826086
PRIME,EMA8,LATER,SpeedRatio,3,"(0, 0.5, 1, 2)",33,26,7,0,78.78787878787878,60,1.8181818181818181,1.3181818181818181,0.8181818181818181,0.3181818181818181
PRIME,EMA8,LATER,SpeedRatio,4,"(0, 0.5, 1, 2)",43,30,12,1,71.42857142857143,30,0.6976744186046512,0.19767441860465118,-0.3023255813953488,-0.8023255813953488
PRIME,EMA8,LATER,SpeedRatio,MISSING_OR_NO_LEVEL,"(0, 0.5, 1, 2)",8,7,1,0,87.5,25,3.125,2.625,2.125,1.625
PRIME,EMA8,LONG,RoomTicks,1,"(0, 3, 6, 11)",11,9,2,0,81.81818181818181,25,2.272727272727273,1.772727272727273,1.272727272727273,0.7727272727272729
PRIME,EMA8,LONG,RoomTicks,2,"(0, 3, 6, 11)",40,33,7,0,82.5,95,2.375,1.875,1.375,0.875
PRIME,EMA8,LONG,RoomTicks,3,"(0, 3, 6, 11)",30,26,4,0,86.66666666666667,90,3.0,2.5,2.0,1.5
PRIME,EMA8,LONG,RoomTicks,4,"(0, 3, 6, 11)",1,0,1,0,0.0,-10,-10.0,-10.5,-11.0,-11.5
PRIME,EMA8,LONG,RoomTicks,MISSING_OR_NO_LEVEL,"(0, 3, 6, 11)",103,77,26,0,74.75728155339806,125,1.2135922330097086,0.7135922330097086,0.21359223300970864,-0.28640776699029136
PRIME,EMA8,LONG,DepthRatio,1,"(0, 0.5, 1)",69,49,20,0,71.01449275362319,45,0.6521739130434783,0.15217391304347827,-0.34782608695652173,-0.8478260869565217
PRIME,EMA8,LONG,DepthRatio,2,"(0, 0.5, 1)",55,44,11,0,80.0,110,2.0,1.5,1.0,0.5
PRIME,EMA8,LONG,DepthRatio,3,"(0, 0.5, 1)",54,46,8,0,85.18518518518519,150,2.7777777777777777,2.2777777777777777,1.7777777777777777,1.2777777777777777
PRIME,EMA8,LONG,DepthRatio,MISSING_OR_NO_LEVEL,"(0, 0.5, 1)",7,6,1,0,85.71428571428571,20,2.857142857142857,2.357142857142857,1.8571428571428572,1.3571428571428572
PRIME,EMA8,LONG,SpeedRatio,1,"(0, 0.5, 1, 2)",38,30,8,0,78.94736842105263,70,1.8421052631578947,1.3421052631578947,0.8421052631578947,0.3421052631578947
PRIME,EMA8,LONG,SpeedRatio,2,"(0, 0.5, 1, 2)",47,40,7,0,85.1063829787234,130,2.765957446808511,2.265957446808511,1.7659574468085109,1.2659574468085109
PRIME,EMA8,LONG,SpeedRatio,3,"(0, 0.5, 1, 2)",47,37,10,0,78.72340425531915,85,1.8085106382978724,1.3085106382978724,0.8085106382978724,0.3085106382978724
PRIME,EMA8,LONG,SpeedRatio,4,"(0, 0.5, 1, 2)",46,32,14,0,69.56521739130434,20,0.43478260869565216,-0.06521739130434784,-0.5652173913043479,-1.065217391304348
PRIME,EMA8,LONG,SpeedRatio,MISSING_OR_NO_LEVEL,"(0, 0.5, 1, 2)",7,6,1,0,85.71428571428571,20,2.857142857142857,2.357142857142857,1.8571428571428572,1.3571428571428572
PRIME,EMA8,SHORT,RoomTicks,1,"(0, 3, 6, 11)",13,10,3,0,76.92307692307692,20,1.5384615384615385,1.0384615384615385,0.5384615384615385,0.03846153846153855
PRIME,EMA8,SHORT,RoomTicks,2,"(0, 3, 6, 11)",28,19,9,0,67.85714285714286,5,0.17857142857142858,-0.3214285714285714,-0.8214285714285714,-1.3214285714285714
PRIME,EMA8,SHORT,RoomTicks,3,"(0, 3, 6, 11)",43,31,12,0,72.09302325581395,35,0.813953488372093,0.313953488372093,-0.18604651162790697,-0.686046511627907
PRIME,EMA8,SHORT,RoomTicks,4,"(0, 3, 6, 11)",2,1,0,1,100.0,5,2.5,2.0,1.5,1.0
PRIME,EMA8,SHORT,RoomTicks,MISSING_OR_NO_LEVEL,"(0, 3, 6, 11)",80,64,16,0,80.0,160,2.0,1.5,1.0,0.5
PRIME,EMA8,SHORT,DepthRatio,1,"(0, 0.5, 1)",69,51,17,1,75.0,85,1.2318840579710144,0.7318840579710144,0.2318840579710144,-0.2681159420289856
PRIME,EMA8,SHORT,DepthRatio,2,"(0, 0.5, 1)",52,39,13,0,75.0,65,1.25,0.75,0.25,-0.25
PRIME,EMA8,SHORT,DepthRatio,3,"(0, 0.5, 1)",39,30,9,0,76.92307692307692,60,1.5384615384615385,1.0384615384615385,0.5384615384615385,0.03846153846153855
PRIME,EMA8,SHORT,DepthRatio,MISSING_OR_NO_LEVEL,"(0, 0.5, 1)",6,5,1,0,83.33333333333333,15,2.5,2.0,1.5,1.0
PRIME,EMA8,SHORT,SpeedRatio,1,"(0, 0.5, 1, 2)",49,37,12,0,75.51020408163265,65,1.3265306122448979,0.8265306122448979,0.3265306122448979,-0.17346938775510212
PRIME,EMA8,SHORT,SpeedRatio,2,"(0, 0.5, 1, 2)",46,36,10,0,78.26086956521739,80,1.7391304347826086,1.2391304347826086,0.7391304347826086,0.23913043478260865
PRIME,EMA8,SHORT,SpeedRatio,3,"(0, 0.5, 1, 2)",23,18,5,0,78.26086956521739,40,1.7391304347826086,1.2391304347826086,0.7391304347826086,0.23913043478260865
PRIME,EMA8,SHORT,SpeedRatio,4,"(0, 0.5, 1, 2)",41,28,12,1,70.0,20,0.4878048780487805,-0.012195121951219523,-0.5121951219512195,-1.0121951219512195
PRIME,EMA8,SHORT,SpeedRatio,MISSING_OR_NO_LEVEL,"(0, 0.5, 1, 2)",7,6,1,0,85.71428571428571,20,2.857142857142857,2.357142857142857,1.8571428571428572,1.3571428571428572
PRIME,EMA8,UNAMBIGUOUS,RoomTicks,1,"(0, 3, 6, 11)",23,18,5,0,78.26086956521739,40,1.7391304347826086,1.2391304347826086,0.7391304347826086,0.23913043478260865
PRIME,EMA8,UNAMBIGUOUS,RoomTicks,2,"(0, 3, 6, 11)",67,51,16,0,76.11940298507463,95,1.4179104477611941,0.9179104477611941,0.4179104477611941,-0.08208955223880587
PRIME,EMA8,UNAMBIGUOUS,RoomTicks,3,"(0, 3, 6, 11)",68,52,16,0,76.47058823529412,100,1.4705882352941178,0.9705882352941178,0.47058823529411775,-0.02941176470588225
PRIME,EMA8,UNAMBIGUOUS,RoomTicks,4,"(0, 3, 6, 11)",3,1,1,1,50.0,-5,-1.6666666666666667,-2.166666666666667,-2.666666666666667,-3.166666666666667
PRIME,EMA8,UNAMBIGUOUS,RoomTicks,MISSING_OR_NO_LEVEL,"(0, 3, 6, 11)",182,140,42,0,76.92307692307692,280,1.5384615384615385,1.0384615384615385,0.5384615384615385,0.03846153846153855
PRIME,EMA8,UNAMBIGUOUS,DepthRatio,1,"(0, 0.5, 1)",136,98,37,1,72.5925925925926,120,0.8823529411764706,0.38235294117647056,-0.11764705882352944,-0.6176470588235294
PRIME,EMA8,UNAMBIGUOUS,DepthRatio,2,"(0, 0.5, 1)",103,79,24,0,76.69902912621359,155,1.5048543689320388,1.0048543689320388,0.5048543689320388,0.004854368932038833
PRIME,EMA8,UNAMBIGUOUS,DepthRatio,3,"(0, 0.5, 1)",92,75,17,0,81.52173913043478,205,2.2282608695652173,1.7282608695652173,1.2282608695652173,0.7282608695652173
PRIME,EMA8,UNAMBIGUOUS,DepthRatio,MISSING_OR_NO_LEVEL,"(0, 0.5, 1)",12,10,2,0,83.33333333333333,30,2.5,2.0,1.5,1.0
PRIME,EMA8,UNAMBIGUOUS,SpeedRatio,1,"(0, 0.5, 1, 2)",85,65,20,0,76.47058823529412,125,1.4705882352941178,0.9705882352941178,0.47058823529411775,-0.02941176470588225
PRIME,EMA8,UNAMBIGUOUS,SpeedRatio,2,"(0, 0.5, 1, 2)",91,74,17,0,81.31868131868131,200,2.197802197802198,1.697802197802198,1.197802197802198,0.697802197802198
PRIME,EMA8,UNAMBIGUOUS,SpeedRatio,3,"(0, 0.5, 1, 2)",68,53,15,0,77.94117647058823,115,1.6911764705882353,1.1911764705882353,0.6911764705882353,0.19117647058823528
PRIME,EMA8,UNAMBIGUOUS,SpeedRatio,4,"(0, 0.5, 1, 2)",87,60,26,1,69.76744186046511,40,0.45977011494252873,-0.04022988505747127,-0.5402298850574713,-1.0402298850574714
PRIME,EMA8,UNAMBIGUOUS,SpeedRatio,MISSING_OR_NO_LEVEL,"(0, 0.5, 1, 2)",12,10,2,0,83.33333333333333,30,2.5,2.0,1.5,1.0
PRIME,EMA24,ALL,RoomTicks,3,"(0, 3, 6, 11)",59,50,8,1,86.20689655172414,170,2.8813559322033897,2.3813559322033897,1.8813559322033897,1.3813559322033897
PRIME,EMA24,ALL,RoomTicks,4,"(0, 3, 6, 11)",72,57,15,0,79.16666666666667,135,1.875,1.375,0.875,0.375
PRIME,EMA24,ALL,RoomTicks,MISSING_OR_NO_LEVEL,"(0, 3, 6, 11)",18,16,2,0,88.88888888888889,60,3.3333333333333335,2.8333333333333335,2.3333333333333335,1.8333333333333335
PRIME,EMA24,ALL,DepthRatio,1,"(0, 0.5, 1)",6,5,1,0,83.33333333333333,15,2.5,2.0,1.5,1.0
PRIME,EMA24,ALL,DepthRatio,2,"(0, 0.5, 1)",29,25,4,0,86.20689655172414,85,2.9310344827586206,2.4310344827586206,1.9310344827586206,1.4310344827586206
PRIME,EMA24,ALL,DepthRatio,3,"(0, 0.5, 1)",100,82,17,1,82.82828282828282,240,2.4,1.9,1.4,0.8999999999999999
PRIME,EMA24,ALL,DepthRatio,MISSING_OR_NO_LEVEL,"(0, 0.5, 1)",14,11,3,0,78.57142857142857,25,1.7857142857142858,1.2857142857142858,0.7857142857142858,0.2857142857142858
PRIME,EMA24,ALL,SpeedRatio,1,"(0, 0.5, 1, 2)",33,31,2,0,93.93939393939394,135,4.090909090909091,3.590909090909091,3.090909090909091,2.590909090909091
PRIME,EMA24,ALL,SpeedRatio,2,"(0, 0.5, 1, 2)",37,27,10,0,72.97297297297297,35,0.9459459459459459,0.44594594594594594,-0.05405405405405406,-0.5540540540540541
PRIME,EMA24,ALL,SpeedRatio,3,"(0, 0.5, 1, 2)",28,25,3,0,89.28571428571429,95,3.392857142857143,2.892857142857143,2.392857142857143,1.8928571428571428
PRIME,EMA24,ALL,SpeedRatio,4,"(0, 0.5, 1, 2)",36,29,7,0,80.55555555555556,75,2.0833333333333335,1.5833333333333335,1.0833333333333335,0.5833333333333335
PRIME,EMA24,ALL,SpeedRatio,MISSING_OR_NO_LEVEL,"(0, 0.5, 1, 2)",15,11,3,1,78.57142857142857,25,1.6666666666666667,1.1666666666666667,0.6666666666666667,0.16666666666666674
PRIME,EMA24,DEV,RoomTicks,3,"(0, 3, 6, 11)",24,19,5,0,79.16666666666667,45,1.875,1.375,0.875,0.375
PRIME,EMA24,DEV,RoomTicks,4,"(0, 3, 6, 11)",37,29,8,0,78.37837837837837,65,1.7567567567567568,1.2567567567567568,0.7567567567567568,0.2567567567567568
PRIME,EMA24,DEV,RoomTicks,MISSING_OR_NO_LEVEL,"(0, 3, 6, 11)",8,6,2,0,75.0,10,1.25,0.75,0.25,-0.25
PRIME,EMA24,DEV,DepthRatio,1,"(0, 0.5, 1)",3,2,1,0,66.66666666666667,0,0.0,-0.5,-1.0,-1.5
PRIME,EMA24,DEV,DepthRatio,2,"(0, 0.5, 1)",14,11,3,0,78.57142857142857,25,1.7857142857142858,1.2857142857142858,0.7857142857142858,0.2857142857142858
PRIME,EMA24,DEV,DepthRatio,3,"(0, 0.5, 1)",48,38,10,0,79.16666666666667,90,1.875,1.375,0.875,0.375
PRIME,EMA24,DEV,DepthRatio,MISSING_OR_NO_LEVEL,"(0, 0.5, 1)",4,3,1,0,75.0,5,1.25,0.75,0.25,-0.25
PRIME,EMA24,DEV,SpeedRatio,1,"(0, 0.5, 1, 2)",17,16,1,0,94.11764705882354,70,4.117647058823529,3.617647058823529,3.117647058823529,2.617647058823529
PRIME,EMA24,DEV,SpeedRatio,2,"(0, 0.5, 1, 2)",18,11,7,0,61.111111111111114,-15,-0.8333333333333334,-1.3333333333333335,-1.8333333333333335,-2.3333333333333335
PRIME,EMA24,DEV,SpeedRatio,3,"(0, 0.5, 1, 2)",13,11,2,0,84.61538461538461,35,2.6923076923076925,2.1923076923076925,1.6923076923076925,1.1923076923076925
PRIME,EMA24,DEV,SpeedRatio,4,"(0, 0.5, 1, 2)",17,13,4,0,76.47058823529412,25,1.4705882352941178,0.9705882352941178,0.47058823529411775,-0.02941176470588225
PRIME,EMA24,DEV,SpeedRatio,MISSING_OR_NO_LEVEL,"(0, 0.5, 1, 2)",4,3,1,0,75.0,5,1.25,0.75,0.25,-0.25
PRIME,EMA24,LATER,RoomTicks,3,"(0, 3, 6, 11)",35,31,3,1,91.17647058823529,125,3.5714285714285716,3.0714285714285716,2.5714285714285716,2.0714285714285716
PRIME,EMA24,LATER,RoomTicks,4,"(0, 3, 6, 11)",35,28,7,0,80.0,70,2.0,1.5,1.0,0.5
PRIME,EMA24,LATER,RoomTicks,MISSING_OR_NO_LEVEL,"(0, 3, 6, 11)",10,10,0,0,100.0,50,5.0,4.5,4.0,3.5
PRIME,EMA24,LATER,DepthRatio,1,"(0, 0.5, 1)",3,3,0,0,100.0,15,5.0,4.5,4.0,3.5
PRIME,EMA24,LATER,DepthRatio,2,"(0, 0.5, 1)",15,14,1,0,93.33333333333333,60,4.0,3.5,3.0,2.5
PRIME,EMA24,LATER,DepthRatio,3,"(0, 0.5, 1)",52,44,7,1,86.27450980392157,150,2.8846153846153846,2.3846153846153846,1.8846153846153846,1.3846153846153846
PRIME,EMA24,LATER,DepthRatio,MISSING_OR_NO_LEVEL,"(0, 0.5, 1)",10,8,2,0,80.0,20,2.0,1.5,1.0,0.5
PRIME,EMA24,LATER,SpeedRatio,1,"(0, 0.5, 1, 2)",16,15,1,0,93.75,65,4.0625,3.5625,3.0625,2.5625
PRIME,EMA24,LATER,SpeedRatio,2,"(0, 0.5, 1, 2)",19,16,3,0,84.21052631578948,50,2.6315789473684212,2.1315789473684212,1.6315789473684212,1.1315789473684212
PRIME,EMA24,LATER,SpeedRatio,3,"(0, 0.5, 1, 2)",15,14,1,0,93.33333333333333,60,4.0,3.5,3.0,2.5
PRIME,EMA24,LATER,SpeedRatio,4,"(0, 0.5, 1, 2)",19,16,3,0,84.21052631578948,50,2.6315789473684212,2.1315789473684212,1.6315789473684212,1.1315789473684212
PRIME,EMA24,LATER,SpeedRatio,MISSING_OR_NO_LEVEL,"(0, 0.5, 1, 2)",11,8,2,1,80.0,20,1.8181818181818181,1.3181818181818181,0.8181818181818181,0.3181818181818181
PRIME,EMA24,LONG,RoomTicks,3,"(0, 3, 6, 11)",32,28,4,0,87.5,100,3.125,2.625,2.125,1.625
PRIME,EMA24,LONG,RoomTicks,4,"(0, 3, 6, 11)",40,31,9,0,77.5,65,1.625,1.125,0.625,0.125
PRIME,EMA24,LONG,RoomTicks,MISSING_OR_NO_LEVEL,"(0, 3, 6, 11)",9,9,0,0,100.0,45,5.0,4.5,4.0,3.5
PRIME,EMA24,LONG,DepthRatio,1,"(0, 0.5, 1)",4,3,1,0,75.0,5,1.25,0.75,0.25,-0.25
PRIME,EMA24,LONG,DepthRatio,2,"(0, 0.5, 1)",19,18,1,0,94.73684210526316,80,4.2105263157894735,3.7105263157894735,3.2105263157894735,2.7105263157894735
PRIME,EMA24,LONG,DepthRatio,3,"(0, 0.5, 1)",48,40,8,0,83.33333333333333,120,2.5,2.0,1.5,1.0
PRIME,EMA24,LONG,DepthRatio,MISSING_OR_NO_LEVEL,"(0, 0.5, 1)",10,7,3,0,70.0,5,0.5,0.0,-0.5,-1.0
PRIME,EMA24,LONG,SpeedRatio,1,"(0, 0.5, 1, 2)",15,14,1,0,93.33333333333333,60,4.0,3.5,3.0,2.5
PRIME,EMA24,LONG,SpeedRatio,2,"(0, 0.5, 1, 2)",20,16,4,0,80.0,40,2.0,1.5,1.0,0.5
PRIME,EMA24,LONG,SpeedRatio,3,"(0, 0.5, 1, 2)",17,16,1,0,94.11764705882354,70,4.117647058823529,3.617647058823529,3.117647058823529,2.617647058823529
PRIME,EMA24,LONG,SpeedRatio,4,"(0, 0.5, 1, 2)",19,15,4,0,78.94736842105263,35,1.8421052631578947,1.3421052631578947,0.8421052631578947,0.3421052631578947
PRIME,EMA24,LONG,SpeedRatio,MISSING_OR_NO_LEVEL,"(0, 0.5, 1, 2)",10,7,3,0,70.0,5,0.5,0.0,-0.5,-1.0
PRIME,EMA24,SHORT,RoomTicks,3,"(0, 3, 6, 11)",27,22,4,1,84.61538461538461,70,2.5925925925925926,2.0925925925925926,1.5925925925925926,1.0925925925925926
PRIME,EMA24,SHORT,RoomTicks,4,"(0, 3, 6, 11)",32,26,6,0,81.25,70,2.1875,1.6875,1.1875,0.6875
PRIME,EMA24,SHORT,RoomTicks,MISSING_OR_NO_LEVEL,"(0, 3, 6, 11)",9,7,2,0,77.77777777777777,15,1.6666666666666667,1.1666666666666667,0.6666666666666667,0.16666666666666674
PRIME,EMA24,SHORT,DepthRatio,1,"(0, 0.5, 1)",2,2,0,0,100.0,10,5.0,4.5,4.0,3.5
PRIME,EMA24,SHORT,DepthRatio,2,"(0, 0.5, 1)",10,7,3,0,70.0,5,0.5,0.0,-0.5,-1.0
PRIME,EMA24,SHORT,DepthRatio,3,"(0, 0.5, 1)",52,42,9,1,82.3529411764706,120,2.3076923076923075,1.8076923076923075,1.3076923076923075,0.8076923076923075
PRIME,EMA24,SHORT,DepthRatio,MISSING_OR_NO_LEVEL,"(0, 0.5, 1)",4,4,0,0,100.0,20,5.0,4.5,4.0,3.5
PRIME,EMA24,SHORT,SpeedRatio,1,"(0, 0.5, 1, 2)",18,17,1,0,94.44444444444444,75,4.166666666666667,3.666666666666667,3.166666666666667,2.666666666666667
PRIME,EMA24,SHORT,SpeedRatio,2,"(0, 0.5, 1, 2)",17,11,6,0,64.70588235294117,-5,-0.29411764705882354,-0.7941176470588236,-1.2941176470588236,-1.7941176470588236
PRIME,EMA24,SHORT,SpeedRatio,3,"(0, 0.5, 1, 2)",11,9,2,0,81.81818181818181,25,2.272727272727273,1.772727272727273,1.272727272727273,0.7727272727272729
PRIME,EMA24,SHORT,SpeedRatio,4,"(0, 0.5, 1, 2)",17,14,3,0,82.3529411764706,40,2.3529411764705883,1.8529411764705883,1.3529411764705883,0.8529411764705883
PRIME,EMA24,SHORT,SpeedRatio,MISSING_OR_NO_LEVEL,"(0, 0.5, 1, 2)",5,4,0,1,100.0,20,4.0,3.5,3.0,2.5
PRIME,EMA24,UNAMBIGUOUS,RoomTicks,3,"(0, 3, 6, 11)",58,50,8,0,86.20689655172414,170,2.9310344827586206,2.4310344827586206,1.9310344827586206,1.4310344827586206
PRIME,EMA24,UNAMBIGUOUS,RoomTicks,4,"(0, 3, 6, 11)",70,55,15,0,78.57142857142857,125,1.7857142857142858,1.2857142857142858,0.7857142857142858,0.2857142857142858
PRIME,EMA24,UNAMBIGUOUS,RoomTicks,MISSING_OR_NO_LEVEL,"(0, 3, 6, 11)",18,16,2,0,88.88888888888889,60,3.3333333333333335,2.8333333333333335,2.3333333333333335,1.8333333333333335
PRIME,EMA24,UNAMBIGUOUS,DepthRatio,1,"(0, 0.5, 1)",6,5,1,0,83.33333333333333,15,2.5,2.0,1.5,1.0
PRIME,EMA24,UNAMBIGUOUS,DepthRatio,2,"(0, 0.5, 1)",29,25,4,0,86.20689655172414,85,2.9310344827586206,2.4310344827586206,1.9310344827586206,1.4310344827586206
PRIME,EMA24,UNAMBIGUOUS,DepthRatio,3,"(0, 0.5, 1)",98,81,17,0,82.65306122448979,235,2.3979591836734695,1.8979591836734695,1.3979591836734695,0.8979591836734695
PRIME,EMA24,UNAMBIGUOUS,DepthRatio,MISSING_OR_NO_LEVEL,"(0, 0.5, 1)",13,10,3,0,76.92307692307692,20,1.5384615384615385,1.0384615384615385,0.5384615384615385,0.03846153846153855
PRIME,EMA24,UNAMBIGUOUS,SpeedRatio,1,"(0, 0.5, 1, 2)",33,31,2,0,93.93939393939394,135,4.090909090909091,3.590909090909091,3.090909090909091,2.590909090909091
PRIME,EMA24,UNAMBIGUOUS,SpeedRatio,2,"(0, 0.5, 1, 2)",37,27,10,0,72.97297297297297,35,0.9459459459459459,0.44594594594594594,-0.05405405405405406,-0.5540540540540541
PRIME,EMA24,UNAMBIGUOUS,SpeedRatio,3,"(0, 0.5, 1, 2)",28,25,3,0,89.28571428571429,95,3.392857142857143,2.892857142857143,2.392857142857143,1.8928571428571428
PRIME,EMA24,UNAMBIGUOUS,SpeedRatio,4,"(0, 0.5, 1, 2)",35,28,7,0,80.0,70,2.0,1.5,1.0,0.5
PRIME,EMA24,UNAMBIGUOUS,SpeedRatio,MISSING_OR_NO_LEVEL,"(0, 0.5, 1, 2)",13,10,3,0,76.92307692307692,20,1.5384615384615385,1.0384615384615385,0.5384615384615385,0.03846153846153855
PRIME,EMA50,ALL,RoomTicks,2,"(0, 3, 6, 11)",11,8,3,0,72.72727272727273,10,0.9090909090909091,0.40909090909090906,-0.09090909090909094,-0.5909090909090909
PRIME,EMA50,ALL,RoomTicks,3,"(0, 3, 6, 11)",61,51,10,0,83.60655737704919,155,2.540983606557377,2.040983606557377,1.540983606557377,1.040983606557377
PRIME,EMA50,ALL,RoomTicks,4,"(0, 3, 6, 11)",60,49,11,0,81.66666666666667,135,2.25,1.75,1.25,0.75
PRIME,EMA50,ALL,RoomTicks,MISSING_OR_NO_LEVEL,"(0, 3, 6, 11)",4,4,0,0,100.0,20,5.0,4.5,4.0,3.5
PRIME,EMA50,ALL,DepthRatio,1,"(0, 0.5, 1)",7,6,1,0,85.71428571428571,20,2.857142857142857,2.357142857142857,1.8571428571428572,1.3571428571428572
PRIME,EMA50,ALL,DepthRatio,2,"(0, 0.5, 1)",28,25,3,0,89.28571428571429,95,3.392857142857143,2.892857142857143,2.392857142857143,1.8928571428571428
PRIME,EMA50,ALL,DepthRatio,3,"(0, 0.5, 1)",78,64,14,0,82.05128205128206,180,2.3076923076923075,1.8076923076923075,1.3076923076923075,0.8076923076923075
PRIME,EMA50,ALL,DepthRatio,MISSING_OR_NO_LEVEL,"(0, 0.5, 1)",23,17,6,0,73.91304347826087,25,1.0869565217391304,0.5869565217391304,0.08695652173913038,-0.4130434782608696
PRIME,EMA50,ALL,SpeedRatio,1,"(0, 0.5, 1, 2)",20,16,4,0,80.0,40,2.0,1.5,1.0,0.5
PRIME,EMA50,ALL,SpeedRatio,2,"(0, 0.5, 1, 2)",21,20,1,0,95.23809523809524,90,4.285714285714286,3.7857142857142856,3.2857142857142856,2.7857142857142856
PRIME,EMA50,ALL,SpeedRatio,3,"(0, 0.5, 1, 2)",29,25,4,0,86.20689655172414,85,2.9310344827586206,2.4310344827586206,1.9310344827586206,1.4310344827586206
PRIME,EMA50,ALL,SpeedRatio,4,"(0, 0.5, 1, 2)",42,33,9,0,78.57142857142857,75,1.7857142857142858,1.2857142857142858,0.7857142857142858,0.2857142857142858
PRIME,EMA50,ALL,SpeedRatio,MISSING_OR_NO_LEVEL,"(0, 0.5, 1, 2)",24,18,6,0,75.0,30,1.25,0.75,0.25,-0.25
PRIME,EMA50,DEV,RoomTicks,2,"(0, 3, 6, 11)",7,6,1,0,85.71428571428571,20,2.857142857142857,2.357142857142857,1.8571428571428572,1.3571428571428572
PRIME,EMA50,DEV,RoomTicks,3,"(0, 3, 6, 11)",28,24,4,0,85.71428571428571,80,2.857142857142857,2.357142857142857,1.8571428571428572,1.3571428571428572
PRIME,EMA50,DEV,RoomTicks,4,"(0, 3, 6, 11)",23,17,6,0,73.91304347826087,25,1.0869565217391304,0.5869565217391304,0.08695652173913038,-0.4130434782608696
PRIME,EMA50,DEV,RoomTicks,MISSING_OR_NO_LEVEL,"(0, 3, 6, 11)",2,2,0,0,100.0,10,5.0,4.5,4.0,3.5
PRIME,EMA50,DEV,DepthRatio,1,"(0, 0.5, 1)",2,2,0,0,100.0,10,5.0,4.5,4.0,3.5
PRIME,EMA50,DEV,DepthRatio,2,"(0, 0.5, 1)",14,13,1,0,92.85714285714286,55,3.9285714285714284,3.4285714285714284,2.9285714285714284,2.4285714285714284
PRIME,EMA50,DEV,DepthRatio,3,"(0, 0.5, 1)",34,28,6,0,82.3529411764706,80,2.3529411764705883,1.8529411764705883,1.3529411764705883,0.8529411764705883
PRIME,EMA50,DEV,DepthRatio,MISSING_OR_NO_LEVEL,"(0, 0.5, 1)",10,6,4,0,60.0,-10,-1.0,-1.5,-2.0,-2.5
PRIME,EMA50,DEV,SpeedRatio,1,"(0, 0.5, 1, 2)",6,5,1,0,83.33333333333333,15,2.5,2.0,1.5,1.0
PRIME,EMA50,DEV,SpeedRatio,2,"(0, 0.5, 1, 2)",12,12,0,0,100.0,60,5.0,4.5,4.0,3.5
PRIME,EMA50,DEV,SpeedRatio,3,"(0, 0.5, 1, 2)",10,9,1,0,90.0,35,3.5,3.0,2.5,2.0
PRIME,EMA50,DEV,SpeedRatio,4,"(0, 0.5, 1, 2)",22,17,5,0,77.27272727272727,35,1.5909090909090908,1.0909090909090908,0.5909090909090908,0.09090909090909083
PRIME,EMA50,DEV,SpeedRatio,MISSING_OR_NO_LEVEL,"(0, 0.5, 1, 2)",10,6,4,0,60.0,-10,-1.0,-1.5,-2.0,-2.5
PRIME,EMA50,LATER,RoomTicks,2,"(0, 3, 6, 11)",4,2,2,0,50.0,-10,-2.5,-3.0,-3.5,-4.0
PRIME,EMA50,LATER,RoomTicks,3,"(0, 3, 6, 11)",33,27,6,0,81.81818181818181,75,2.272727272727273,1.772727272727273,1.272727272727273,0.7727272727272729
PRIME,EMA50,LATER,RoomTicks,4,"(0, 3, 6, 11)",37,32,5,0,86.48648648648648,110,2.972972972972973,2.472972972972973,1.9729729729729728,1.4729729729729728
PRIME,EMA50,LATER,RoomTicks,MISSING_OR_NO_LEVEL,"(0, 3, 6, 11)",2,2,0,0,100.0,10,5.0,4.5,4.0,3.5
PRIME,EMA50,LATER,DepthRatio,1,"(0, 0.5, 1)",5,4,1,0,80.0,10,2.0,1.5,1.0,0.5
PRIME,EMA50,LATER,DepthRatio,2,"(0, 0.5, 1)",14,12,2,0,85.71428571428571,40,2.857142857142857,2.357142857142857,1.8571428571428572,1.3571428571428572
PRIME,EMA50,LATER,DepthRatio,3,"(0, 0.5, 1)",44,36,8,0,81.81818181818181,100,2.272727272727273,1.772727272727273,1.272727272727273,0.7727272727272729
PRIME,EMA50,LATER,DepthRatio,MISSING_OR_NO_LEVEL,"(0, 0.5, 1)",13,11,2,0,84.61538461538461,35,2.6923076923076925,2.1923076923076925,1.6923076923076925,1.1923076923076925
PRIME,EMA50,LATER,SpeedRatio,1,"(0, 0.5, 1, 2)",14,11,3,0,78.57142857142857,25,1.7857142857142858,1.2857142857142858,0.7857142857142858,0.2857142857142858
PRIME,EMA50,LATER,SpeedRatio,2,"(0, 0.5, 1, 2)",9,8,1,0,88.88888888888889,30,3.3333333333333335,2.8333333333333335,2.3333333333333335,1.8333333333333335
PRIME,EMA50,LATER,SpeedRatio,3,"(0, 0.5, 1, 2)",19,16,3,0,84.21052631578948,50,2.6315789473684212,2.1315789473684212,1.6315789473684212,1.1315789473684212
PRIME,EMA50,LATER,SpeedRatio,4,"(0, 0.5, 1, 2)",20,16,4,0,80.0,40,2.0,1.5,1.0,0.5
PRIME,EMA50,LATER,SpeedRatio,MISSING_OR_NO_LEVEL,"(0, 0.5, 1, 2)",14,12,2,0,85.71428571428571,40,2.857142857142857,2.357142857142857,1.8571428571428572,1.3571428571428572
PRIME,EMA50,LONG,RoomTicks,2,"(0, 3, 6, 11)",4,1,3,0,25.0,-25,-6.25,-6.75,-7.25,-7.75
PRIME,EMA50,LONG,RoomTicks,3,"(0, 3, 6, 11)",28,25,3,0,89.28571428571429,95,3.392857142857143,2.892857142857143,2.392857142857143,1.8928571428571428
PRIME,EMA50,LONG,RoomTicks,4,"(0, 3, 6, 11)",23,18,5,0,78.26086956521739,40,1.7391304347826086,1.2391304347826086,0.7391304347826086,0.23913043478260865
PRIME,EMA50,LONG,RoomTicks,MISSING_OR_NO_LEVEL,"(0, 3, 6, 11)",4,4,0,0,100.0,20,5.0,4.5,4.0,3.5
PRIME,EMA50,LONG,DepthRatio,1,"(0, 0.5, 1)",2,2,0,0,100.0,10,5.0,4.5,4.0,3.5
PRIME,EMA50,LONG,DepthRatio,2,"(0, 0.5, 1)",11,11,0,0,100.0,55,5.0,4.5,4.0,3.5
PRIME,EMA50,LONG,DepthRatio,3,"(0, 0.5, 1)",38,30,8,0,78.94736842105263,70,1.8421052631578947,1.3421052631578947,0.8421052631578947,0.3421052631578947
PRIME,EMA50,LONG,DepthRatio,MISSING_OR_NO_LEVEL,"(0, 0.5, 1)",8,5,3,0,62.5,-5,-0.625,-1.125,-1.625,-2.125
PRIME,EMA50,LONG,SpeedRatio,1,"(0, 0.5, 1, 2)",5,5,0,0,100.0,25,5.0,4.5,4.0,3.5
PRIME,EMA50,LONG,SpeedRatio,2,"(0, 0.5, 1, 2)",8,7,1,0,87.5,25,3.125,2.625,2.125,1.625
PRIME,EMA50,LONG,SpeedRatio,3,"(0, 0.5, 1, 2)",14,12,2,0,85.71428571428571,40,2.857142857142857,2.357142857142857,1.8571428571428572,1.3571428571428572
PRIME,EMA50,LONG,SpeedRatio,4,"(0, 0.5, 1, 2)",24,19,5,0,79.16666666666667,45,1.875,1.375,0.875,0.375
PRIME,EMA50,LONG,SpeedRatio,MISSING_OR_NO_LEVEL,"(0, 0.5, 1, 2)",8,5,3,0,62.5,-5,-0.625,-1.125,-1.625,-2.125
PRIME,EMA50,SHORT,RoomTicks,2,"(0, 3, 6, 11)",7,7,0,0,100.0,35,5.0,4.5,4.0,3.5
PRIME,EMA50,SHORT,RoomTicks,3,"(0, 3, 6, 11)",33,26,7,0,78.78787878787878,60,1.8181818181818181,1.3181818181818181,0.8181818181818181,0.3181818181818181
PRIME,EMA50,SHORT,RoomTicks,4,"(0, 3, 6, 11)",37,31,6,0,83.78378378378379,95,2.5675675675675675,2.0675675675675675,1.5675675675675675,1.0675675675675675
PRIME,EMA50,SHORT,DepthRatio,1,"(0, 0.5, 1)",5,4,1,0,80.0,10,2.0,1.5,1.0,0.5
PRIME,EMA50,SHORT,DepthRatio,2,"(0, 0.5, 1)",17,14,3,0,82.3529411764706,40,2.3529411764705883,1.8529411764705883,1.3529411764705883,0.8529411764705883
PRIME,EMA50,SHORT,DepthRatio,3,"(0, 0.5, 1)",40,34,6,0,85.0,110,2.75,2.25,1.75,1.25
PRIME,EMA50,SHORT,DepthRatio,MISSING_OR_NO_LEVEL,"(0, 0.5, 1)",15,12,3,0,80.0,30,2.0,1.5,1.0,0.5
PRIME,EMA50,SHORT,SpeedRatio,1,"(0, 0.5, 1, 2)",15,11,4,0,73.33333333333333,15,1.0,0.5,0.0,-0.5
PRIME,EMA50,SHORT,SpeedRatio,2,"(0, 0.5, 1, 2)",13,13,0,0,100.0,65,5.0,4.5,4.0,3.5
PRIME,EMA50,SHORT,SpeedRatio,3,"(0, 0.5, 1, 2)",15,13,2,0,86.66666666666667,45,3.0,2.5,2.0,1.5
PRIME,EMA50,SHORT,SpeedRatio,4,"(0, 0.5, 1, 2)",18,14,4,0,77.77777777777777,30,1.6666666666666667,1.1666666666666667,0.6666666666666667,0.16666666666666674
PRIME,EMA50,SHORT,SpeedRatio,MISSING_OR_NO_LEVEL,"(0, 0.5, 1, 2)",16,13,3,0,81.25,35,2.1875,1.6875,1.1875,0.6875
PRIME,EMA50,UNAMBIGUOUS,RoomTicks,2,"(0, 3, 6, 11)",11,8,3,0,72.72727272727273,10,0.9090909090909091,0.40909090909090906,-0.09090909090909094,-0.5909090909090909
PRIME,EMA50,UNAMBIGUOUS,RoomTicks,3,"(0, 3, 6, 11)",60,50,10,0,83.33333333333333,150,2.5,2.0,1.5,1.0
PRIME,EMA50,UNAMBIGUOUS,RoomTicks,4,"(0, 3, 6, 11)",57,46,11,0,80.70175438596492,120,2.1052631578947367,1.6052631578947367,1.1052631578947367,0.6052631578947367
PRIME,EMA50,UNAMBIGUOUS,RoomTicks,MISSING_OR_NO_LEVEL,"(0, 3, 6, 11)",4,4,0,0,100.0,20,5.0,4.5,4.0,3.5
PRIME,EMA50,UNAMBIGUOUS,DepthRatio,1,"(0, 0.5, 1)",7,6,1,0,85.71428571428571,20,2.857142857142857,2.357142857142857,1.8571428571428572,1.3571428571428572
PRIME,EMA50,UNAMBIGUOUS,DepthRatio,2,"(0, 0.5, 1)",27,24,3,0,88.88888888888889,90,3.3333333333333335,2.8333333333333335,2.3333333333333335,1.8333333333333335
PRIME,EMA50,UNAMBIGUOUS,DepthRatio,3,"(0, 0.5, 1)",77,63,14,0,81.81818181818181,175,2.272727272727273,1.772727272727273,1.272727272727273,0.7727272727272729
PRIME,EMA50,UNAMBIGUOUS,DepthRatio,MISSING_OR_NO_LEVEL,"(0, 0.5, 1)",21,15,6,0,71.42857142857143,15,0.7142857142857143,0.2142857142857143,-0.2857142857142857,-0.7857142857142857
PRIME,EMA50,UNAMBIGUOUS,SpeedRatio,1,"(0, 0.5, 1, 2)",19,15,4,0,78.94736842105263,35,1.8421052631578947,1.3421052631578947,0.8421052631578947,0.3421052631578947
PRIME,EMA50,UNAMBIGUOUS,SpeedRatio,2,"(0, 0.5, 1, 2)",21,20,1,0,95.23809523809524,90,4.285714285714286,3.7857142857142856,3.2857142857142856,2.7857142857142856
PRIME,EMA50,UNAMBIGUOUS,SpeedRatio,3,"(0, 0.5, 1, 2)",29,25,4,0,86.20689655172414,85,2.9310344827586206,2.4310344827586206,1.9310344827586206,1.4310344827586206
PRIME,EMA50,UNAMBIGUOUS,SpeedRatio,4,"(0, 0.5, 1, 2)",42,33,9,0,78.57142857142857,75,1.7857142857142858,1.2857142857142858,0.7857142857142858,0.2857142857142858
PRIME,EMA50,UNAMBIGUOUS,SpeedRatio,MISSING_OR_NO_LEVEL,"(0, 0.5, 1, 2)",21,15,6,0,71.42857142857143,15,0.7142857142857143,0.2142857142857143,-0.2857142857142857,-0.7857142857142857
