Scope,Family,Segment,Rule,Selection,Selected,Targets,Stops,Unresolved,TargetRate,TotalProxyTicks,ProxyTicksPerSelected,NetAtHalfTick,NetAtOneTick,NetAtOneHalfTicks
ALL_HOURS,COMBINED,ALL,BASELINE,ALL,1983,1489,469,25,76.04698672114402,2755,1.389309127584468,0.889309127584468,0.389309127584468,-0.110690872415532
ALL_HOURS,COMBINED,ALL,ROOM,ELIGIBLE,1983,1489,469,25,76.04698672114402,2755,1.389309127584468,0.889309127584468,0.389309127584468,-0.110690872415532
ALL_HOURS,COMBINED,ALL,ROOM,KEPT,1631,1235,372,24,76.85127566894835,2455,1.5052115266707542,1.0052115266707542,0.5052115266707542,0.005211526670754196
ALL_HOURS,COMBINED,ALL,ROOM,DROPPED,352,254,97,1,72.36467236467236,300,0.8522727272727273,0.3522727272727273,-0.1477272727272727,-0.6477272727272727
ALL_HOURS,COMBINED,ALL,ROOM,MISSING,0,0,0,0,,0,,,,
ALL_HOURS,COMBINED,ALL,DEPTH,ELIGIBLE,1857,1394,441,22,75.96730245231608,2560,1.3785675821217016,0.8785675821217016,0.3785675821217016,-0.1214324178782984
ALL_HOURS,COMBINED,ALL,DEPTH,KEPT,572,422,141,9,74.95559502664298,700,1.2237762237762237,0.7237762237762237,0.22377622377622375,-0.27622377622377625
ALL_HOURS,COMBINED,ALL,DEPTH,DROPPED,1285,972,300,13,76.41509433962264,1860,1.4474708171206225,0.9474708171206225,0.44747081712062253,-0.05252918287937747
ALL_HOURS,COMBINED,ALL,DEPTH,MISSING,126,95,28,3,77.23577235772358,195,1.5476190476190477,1.0476190476190477,0.5476190476190477,0.04761904761904767
ALL_HOURS,COMBINED,ALL,SPEED,ELIGIBLE,1838,1388,434,16,76.18002195389681,2600,1.4145810663764962,0.9145810663764962,0.41458106637649617,-0.08541893362350383
ALL_HOURS,COMBINED,ALL,SPEED,KEPT,880,671,202,7,76.86139747995418,1335,1.5170454545454546,1.0170454545454546,0.5170454545454546,0.017045454545454586
ALL_HOURS,COMBINED,ALL,SPEED,DROPPED,958,717,232,9,75.55321390937829,1265,1.3204592901878915,0.8204592901878915,0.32045929018789154,-0.17954070981210846
ALL_HOURS,COMBINED,ALL,SPEED,MISSING,145,101,35,9,74.26470588235294,155,1.0689655172413792,0.5689655172413792,0.06896551724137923,-0.4310344827586208
ALL_HOURS,COMBINED,DEV,BASELINE,ALL,943,713,223,7,76.17521367521367,1335,1.415694591728526,0.915694591728526,0.41569459172852596,-0.08430540827147404
ALL_HOURS,COMBINED,DEV,ROOM,ELIGIBLE,943,713,223,7,76.17521367521367,1335,1.415694591728526,0.915694591728526,0.41569459172852596,-0.08430540827147404
ALL_HOURS,COMBINED,DEV,ROOM,KEPT,757,578,173,6,76.96404793608522,1160,1.5323645970937914,1.0323645970937914,0.5323645970937914,0.03236459709379136
ALL_HOURS,COMBINED,DEV,ROOM,DROPPED,186,135,50,1,72.97297297297297,175,0.9408602150537635,0.4408602150537635,-0.05913978494623651,-0.5591397849462365
ALL_HOURS,COMBINED,DEV,ROOM,MISSING,0,0,0,0,,0,,,,
ALL_HOURS,COMBINED,DEV,DEPTH,ELIGIBLE,885,670,209,6,76.22298065984073,1260,1.423728813559322,0.923728813559322,0.423728813559322,-0.07627118644067798
ALL_HOURS,COMBINED,DEV,DEPTH,KEPT,271,201,67,3,75.0,335,1.2361623616236161,0.7361623616236161,0.23616236162361615,-0.26383763837638385
ALL_HOURS,COMBINED,DEV,DEPTH,DROPPED,614,469,142,3,76.759410801964,925,1.506514657980456,1.006514657980456,0.506514657980456,0.006514657980456029
ALL_HOURS,COMBINED,DEV,DEPTH,MISSING,58,43,14,1,75.43859649122807,75,1.293103448275862,0.7931034482758621,0.2931034482758621,-0.2068965517241379
ALL_HOURS,COMBINED,DEV,SPEED,ELIGIBLE,877,667,204,6,76.57864523536165,1295,1.4766248574686431,0.9766248574686431,0.47662485746864314,-0.023375142531356863
ALL_HOURS,COMBINED,DEV,SPEED,KEPT,418,324,91,3,78.07228915662651,710,1.6985645933014355,1.1985645933014355,0.6985645933014355,0.1985645933014355
ALL_HOURS,COMBINED,DEV,SPEED,DROPPED,459,343,113,3,75.21929824561404,585,1.2745098039215685,0.7745098039215685,0.27450980392156854,-0.22549019607843146
ALL_HOURS,COMBINED,DEV,SPEED,MISSING,66,46,19,1,70.76923076923077,40,0.6060606060606061,0.10606060606060608,-0.3939393939393939,-0.8939393939393939
ALL_HOURS,COMBINED,LATER,BASELINE,ALL,1040,776,246,18,75.92954990215264,1420,1.3653846153846154,0.8653846153846154,0.3653846153846154,-0.13461538461538458
ALL_HOURS,COMBINED,LATER,ROOM,ELIGIBLE,1040,776,246,18,75.92954990215264,1420,1.3653846153846154,0.8653846153846154,0.3653846153846154,-0.13461538461538458
ALL_HOURS,COMBINED,LATER,ROOM,KEPT,874,657,199,18,76.75233644859813,1295,1.4816933638443937,0.9816933638443937,0.48169336384439365,-0.01830663615560635
ALL_HOURS,COMBINED,LATER,ROOM,DROPPED,166,119,47,0,71.6867469879518,125,0.7530120481927711,0.2530120481927711,-0.24698795180722888,-0.7469879518072289
ALL_HOURS,COMBINED,LATER,ROOM,MISSING,0,0,0,0,,0,,,,
ALL_HOURS,COMBINED,LATER,DEPTH,ELIGIBLE,972,724,232,16,75.73221757322176,1300,1.337448559670782,0.8374485596707819,0.3374485596707819,-0.1625514403292181
ALL_HOURS,COMBINED,LATER,DEPTH,KEPT,301,221,74,6,74.91525423728814,365,1.212624584717608,0.712624584717608,0.21262458471760803,-0.28737541528239197
ALL_HOURS,COMBINED,LATER,DEPTH,DROPPED,671,503,158,10,76.09682299546142,935,1.3934426229508197,0.8934426229508197,0.39344262295081966,-0.10655737704918034
ALL_HOURS,COMBINED,LATER,DEPTH,MISSING,68,52,14,2,78.78787878787878,120,1.7647058823529411,1.2647058823529411,0.7647058823529411,0.2647058823529411
ALL_HOURS,COMBINED,LATER,SPEED,ELIGIBLE,961,721,230,10,75.8149316508938,1305,1.3579604578563995,0.8579604578563995,0.3579604578563995,-0.14203954214360048
ALL_HOURS,COMBINED,LATER,SPEED,KEPT,462,347,111,4,75.76419213973799,625,1.352813852813853,0.8528138528138529,0.3528138528138529,-0.1471861471861471
ALL_HOURS,COMBINED,LATER,SPEED,DROPPED,499,374,119,6,75.86206896551724,680,1.3627254509018036,0.8627254509018036,0.36272545090180364,-0.13727454909819636
ALL_HOURS,COMBINED,LATER,SPEED,MISSING,79,55,16,8,77.46478873239437,115,1.4556962025316456,0.9556962025316456,0.45569620253164556,-0.044303797468354444
ALL_HOURS,COMBINED,LONG,BASELINE,ALL,978,739,235,4,75.87268993839835,1345,1.3752556237218814,0.8752556237218814,0.37525562372188137,-0.12474437627811863
ALL_HOURS,COMBINED,LONG,ROOM,ELIGIBLE,978,739,235,4,75.87268993839835,1345,1.3752556237218814,0.8752556237218814,0.37525562372188137,-0.12474437627811863
ALL_HOURS,COMBINED,LONG,ROOM,KEPT,796,609,184,3,76.796973518285,1205,1.513819095477387,1.013819095477387,0.5138190954773869,0.013819095477386911
ALL_HOURS,COMBINED,LONG,ROOM,DROPPED,182,130,51,1,71.8232044198895,140,0.7692307692307693,0.2692307692307693,-0.23076923076923073,-0.7307692307692307
ALL_HOURS,COMBINED,LONG,ROOM,MISSING,0,0,0,0,,0,,,,
ALL_HOURS,COMBINED,LONG,DEPTH,ELIGIBLE,913,691,220,2,75.85071350164654,1255,1.3745892661555312,0.8745892661555312,0.37458926615553123,-0.12541073384446877
ALL_HOURS,COMBINED,LONG,DEPTH,KEPT,289,211,77,1,73.26388888888889,285,0.986159169550173,0.486159169550173,-0.01384083044982698,-0.513840830449827
ALL_HOURS,COMBINED,LONG,DEPTH,DROPPED,624,480,143,1,77.04654895666131,970,1.5544871794871795,1.0544871794871795,0.5544871794871795,0.054487179487179516
ALL_HOURS,COMBINED,LONG,DEPTH,MISSING,65,48,15,2,76.19047619047619,90,1.3846153846153846,0.8846153846153846,0.3846153846153846,-0.11538461538461542
ALL_HOURS,COMBINED,LONG,SPEED,ELIGIBLE,909,690,217,2,76.07497243660418,1280,1.4081408140814082,0.9081408140814082,0.40814081408140823,-0.09185918591859177
ALL_HOURS,COMBINED,LONG,SPEED,KEPT,423,327,94,2,77.67220902612827,695,1.6430260047281324,1.1430260047281324,0.6430260047281324,0.14302600472813243
ALL_HOURS,COMBINED,LONG,SPEED,DROPPED,486,363,123,0,74.69135802469135,585,1.2037037037037037,0.7037037037037037,0.20370370370370372,-0.2962962962962963
ALL_HOURS,COMBINED,LONG,SPEED,MISSING,69,49,18,2,73.13432835820896,65,0.9420289855072463,0.44202898550724634,-0.05797101449275366,-0.5579710144927537
ALL_HOURS,COMBINED,SHORT,BASELINE,ALL,1005,750,234,21,76.21951219512195,1410,1.4029850746268657,0.9029850746268657,0.4029850746268657,-0.09701492537313428
ALL_HOURS,COMBINED,SHORT,ROOM,ELIGIBLE,1005,750,234,21,76.21951219512195,1410,1.4029850746268657,0.9029850746268657,0.4029850746268657,-0.09701492537313428
ALL_HOURS,COMBINED,SHORT,ROOM,KEPT,835,626,188,21,76.90417690417691,1250,1.4970059880239521,0.9970059880239521,0.4970059880239521,-0.0029940119760478723
ALL_HOURS,COMBINED,SHORT,ROOM,DROPPED,170,124,46,0,72.94117647058823,160,0.9411764705882353,0.4411764705882353,-0.05882352941176472,-0.5588235294117647
ALL_HOURS,COMBINED,SHORT,ROOM,MISSING,0,0,0,0,,0,,,,
ALL_HOURS,COMBINED,SHORT,DEPTH,ELIGIBLE,944,703,221,20,76.08225108225108,1305,1.382415254237288,0.8824152542372881,0.38241525423728806,-0.11758474576271194
ALL_HOURS,COMBINED,SHORT,DEPTH,KEPT,283,211,64,8,76.72727272727273,415,1.4664310954063604,0.9664310954063604,0.4664310954063604,-0.03356890459363959
ALL_HOURS,COMBINED,SHORT,DEPTH,DROPPED,661,492,157,12,75.80893682588598,890,1.346444780635401,0.846444780635401,0.34644478063540096,-0.15355521936459904
ALL_HOURS,COMBINED,SHORT,DEPTH,MISSING,61,47,13,1,78.33333333333333,105,1.721311475409836,1.221311475409836,0.721311475409836,0.22131147540983598
ALL_HOURS,COMBINED,SHORT,SPEED,ELIGIBLE,929,698,217,14,76.28415300546447,1320,1.4208826695371366,0.9208826695371366,0.4208826695371366,-0.0791173304628634
ALL_HOURS,COMBINED,SHORT,SPEED,KEPT,457,344,108,5,76.10619469026548,640,1.400437636761488,0.9004376367614879,0.4004376367614879,-0.09956236323851209
ALL_HOURS,COMBINED,SHORT,SPEED,DROPPED,472,354,109,9,76.45788336933046,680,1.4406779661016949,0.9406779661016949,0.44067796610169485,-0.05932203389830515
ALL_HOURS,COMBINED,SHORT,SPEED,MISSING,76,52,17,7,75.3623188405797,90,1.1842105263157894,0.6842105263157894,0.18421052631578938,-0.3157894736842106
ALL_HOURS,COMBINED,UNAMBIGUOUS,BASELINE,ALL,1896,1434,450,12,76.11464968152866,2670,1.4082278481012658,0.9082278481012658,0.4082278481012658,-0.09177215189873422
ALL_HOURS,COMBINED,UNAMBIGUOUS,ROOM,ELIGIBLE,1896,1434,450,12,76.11464968152866,2670,1.4082278481012658,0.9082278481012658,0.4082278481012658,-0.09177215189873422
ALL_HOURS,COMBINED,UNAMBIGUOUS,ROOM,KEPT,1560,1190,359,11,76.82375726275016,2360,1.5128205128205128,1.0128205128205128,0.5128205128205128,0.012820512820512775
ALL_HOURS,COMBINED,UNAMBIGUOUS,ROOM,DROPPED,336,244,91,1,72.83582089552239,310,0.9226190476190477,0.42261904761904767,-0.07738095238095233,-0.5773809523809523
ALL_HOURS,COMBINED,UNAMBIGUOUS,ROOM,MISSING,0,0,0,0,,0,,,,
ALL_HOURS,COMBINED,UNAMBIGUOUS,DEPTH,ELIGIBLE,1776,1344,422,10,76.10419026047565,2500,1.4076576576576576,0.9076576576576576,0.4076576576576576,-0.0923423423423424
ALL_HOURS,COMBINED,UNAMBIGUOUS,DEPTH,KEPT,540,400,136,4,74.6268656716418,640,1.1851851851851851,0.6851851851851851,0.18518518518518512,-0.3148148148148149
ALL_HOURS,COMBINED,UNAMBIGUOUS,DEPTH,DROPPED,1236,944,286,6,76.7479674796748,1860,1.5048543689320388,1.0048543689320388,0.5048543689320388,0.004854368932038833
ALL_HOURS,COMBINED,UNAMBIGUOUS,DEPTH,MISSING,120,90,28,2,76.27118644067797,170,1.4166666666666667,0.9166666666666667,0.41666666666666674,-0.08333333333333326
ALL_HOURS,COMBINED,UNAMBIGUOUS,SPEED,ELIGIBLE,1776,1344,422,10,76.10419026047565,2500,1.4076576576576576,0.9076576576576576,0.4076576576576576,-0.0923423423423424
ALL_HOURS,COMBINED,UNAMBIGUOUS,SPEED,KEPT,851,648,198,5,76.59574468085107,1260,1.4806110458284372,0.9806110458284372,0.48061104582843717,-0.019388954171562833
ALL_HOURS,COMBINED,UNAMBIGUOUS,SPEED,DROPPED,925,696,224,5,75.65217391304348,1240,1.3405405405405406,0.8405405405405406,0.3405405405405406,-0.15945945945945939
ALL_HOURS,COMBINED,UNAMBIGUOUS,SPEED,MISSING,120,90,28,2,76.27118644067797,170,1.4166666666666667,0.9166666666666667,0.41666666666666674,-0.08333333333333326
ALL_HOURS,EMA8,ALL,BASELINE,ALL,1130,834,281,15,74.79820627802691,1360,1.2035398230088497,0.7035398230088497,0.20353982300884965,-0.29646017699115035
ALL_HOURS,EMA8,ALL,ROOM,ELIGIBLE,1130,834,281,15,74.79820627802691,1360,1.2035398230088497,0.7035398230088497,0.20353982300884965,-0.29646017699115035
ALL_HOURS,EMA8,ALL,ROOM,KEPT,808,604,190,14,76.0705289672544,1120,1.386138613861386,0.886138613861386,0.38613861386138604,-0.11386138613861396
ALL_HOURS,EMA8,ALL,ROOM,DROPPED,322,230,91,1,71.65109034267913,240,0.7453416149068323,0.24534161490683226,-0.25465838509316774,-0.7546583850931677
ALL_HOURS,EMA8,ALL,ROOM,MISSING,0,0,0,0,,0,,,,
ALL_HOURS,EMA8,ALL,DEPTH,ELIGIBLE,1092,804,273,15,74.65181058495821,1290,1.1813186813186813,0.6813186813186813,0.18131868131868134,-0.31868131868131866
ALL_HOURS,EMA8,ALL,DEPTH,KEPT,515,376,130,9,74.30830039525692,580,1.1262135922330097,0.6262135922330097,0.12621359223300965,-0.37378640776699035
ALL_HOURS,EMA8,ALL,DEPTH,DROPPED,577,428,143,6,74.95621716287215,710,1.2305025996533796,0.7305025996533796,0.2305025996533796,-0.2694974003466204
ALL_HOURS,EMA8,ALL,DEPTH,MISSING,38,30,8,0,78.94736842105263,70,1.8421052631578947,1.3421052631578947,0.8421052631578947,0.3421052631578947
ALL_HOURS,EMA8,ALL,SPEED,ELIGIBLE,1079,799,267,13,74.953095684803,1325,1.2279888785912882,0.7279888785912882,0.22798887859128825,-0.27201112140871175
ALL_HOURS,EMA8,ALL,SPEED,KEPT,537,402,130,5,75.56390977443608,710,1.3221601489757915,0.8221601489757915,0.3221601489757915,-0.17783985102420852
ALL_HOURS,EMA8,ALL,SPEED,DROPPED,542,397,137,8,74.34456928838951,615,1.1346863468634687,0.6346863468634687,0.1346863468634687,-0.3653136531365313
ALL_HOURS,EMA8,ALL,SPEED,MISSING,51,35,14,2,71.42857142857143,35,0.6862745098039216,0.18627450980392157,-0.3137254901960784,-0.8137254901960784
ALL_HOURS,EMA8,DEV,BASELINE,ALL,550,410,134,6,75.36764705882354,710,1.290909090909091,0.790909090909091,0.290909090909091,-0.209090909090909
ALL_HOURS,EMA8,DEV,ROOM,ELIGIBLE,550,410,134,6,75.36764705882354,710,1.290909090909091,0.790909090909091,0.290909090909091,-0.209090909090909
ALL_HOURS,EMA8,DEV,ROOM,KEPT,382,289,88,5,76.657824933687,565,1.4790575916230366,0.9790575916230366,0.4790575916230366,-0.020942408376963373
ALL_HOURS,EMA8,DEV,ROOM,DROPPED,168,121,46,1,72.45508982035928,145,0.8630952380952381,0.36309523809523814,-0.13690476190476186,-0.6369047619047619
ALL_HOURS,EMA8,DEV,ROOM,MISSING,0,0,0,0,,0,,,,
ALL_HOURS,EMA8,DEV,DEPTH,ELIGIBLE,533,397,130,6,75.33206831119544,685,1.2851782363977486,0.7851782363977486,0.28517823639774864,-0.21482176360225136
ALL_HOURS,EMA8,DEV,DEPTH,KEPT,243,178,62,3,74.16666666666667,270,1.1111111111111112,0.6111111111111112,0.11111111111111116,-0.38888888888888884
ALL_HOURS,EMA8,DEV,DEPTH,DROPPED,290,219,68,3,76.30662020905923,415,1.4310344827586208,0.9310344827586208,0.4310344827586208,-0.06896551724137923
ALL_HOURS,EMA8,DEV,DEPTH,MISSING,17,13,4,0,76.47058823529412,25,1.4705882352941178,0.9705882352941178,0.47058823529411775,-0.02941176470588225
ALL_HOURS,EMA8,DEV,SPEED,ELIGIBLE,526,394,126,6,75.76923076923077,710,1.349809885931559,0.849809885931559,0.34980988593155904,-0.15019011406844096
ALL_HOURS,EMA8,DEV,SPEED,KEPT,259,197,59,3,76.953125,395,1.5250965250965252,1.0250965250965252,0.5250965250965252,0.025096525096525157
ALL_HOURS,EMA8,DEV,SPEED,DROPPED,267,197,67,3,74.62121212121212,315,1.1797752808988764,0.6797752808988764,0.1797752808988764,-0.3202247191011236
ALL_HOURS,EMA8,DEV,SPEED,MISSING,24,16,8,0,66.66666666666667,0,0.0,-0.5,-1.0,-1.5
ALL_HOURS,EMA8,LATER,BASELINE,ALL,580,424,147,9,74.25569176882662,650,1.1206896551724137,0.6206896551724137,0.1206896551724137,-0.3793103448275863
ALL_HOURS,EMA8,LATER,ROOM,ELIGIBLE,580,424,147,9,74.25569176882662,650,1.1206896551724137,0.6206896551724137,0.1206896551724137,-0.3793103448275863
ALL_HOURS,EMA8,LATER,ROOM,KEPT,426,315,102,9,75.53956834532374,555,1.3028169014084507,0.8028169014084507,0.30281690140845074,-0.19718309859154926
ALL_HOURS,EMA8,LATER,ROOM,DROPPED,154,109,45,0,70.77922077922078,95,0.6168831168831169,0.11688311688311692,-0.3831168831168831,-0.8831168831168831
ALL_HOURS,EMA8,LATER,ROOM,MISSING,0,0,0,0,,0,,,,
ALL_HOURS,EMA8,LATER,DEPTH,ELIGIBLE,559,407,143,9,74.0,605,1.0822898032200359,0.5822898032200359,0.08228980322003587,-0.4177101967799641
ALL_HOURS,EMA8,LATER,DEPTH,KEPT,272,198,68,6,74.43609022556392,310,1.1397058823529411,0.6397058823529411,0.13970588235294112,-0.3602941176470589
ALL_HOURS,EMA8,LATER,DEPTH,DROPPED,287,209,75,3,73.59154929577464,295,1.0278745644599303,0.5278745644599303,0.027874564459930307,-0.4721254355400697
ALL_HOURS,EMA8,LATER,DEPTH,MISSING,21,17,4,0,80.95238095238095,45,2.142857142857143,1.6428571428571428,1.1428571428571428,0.6428571428571428
ALL_HOURS,EMA8,LATER,SPEED,ELIGIBLE,553,405,141,7,74.17582417582418,615,1.1121157323688968,0.6121157323688968,0.11211573236889683,-0.3878842676311032
ALL_HOURS,EMA8,LATER,SPEED,KEPT,278,205,71,2,74.27536231884058,315,1.1330935251798562,0.6330935251798562,0.13309352517985618,-0.3669064748201438
ALL_HOURS,EMA8,LATER,SPEED,DROPPED,275,200,70,5,74.07407407407408,300,1.0909090909090908,0.5909090909090908,0.09090909090909083,-0.40909090909090917
ALL_HOURS,EMA8,LATER,SPEED,MISSING,27,19,6,2,76.0,35,1.2962962962962963,0.7962962962962963,0.2962962962962963,-0.20370370370370372
ALL_HOURS,EMA8,LONG,BASELINE,ALL,586,436,148,2,74.65753424657534,700,1.1945392491467577,0.6945392491467577,0.1945392491467577,-0.3054607508532423
ALL_HOURS,EMA8,LONG,ROOM,ELIGIBLE,586,436,148,2,74.65753424657534,700,1.1945392491467577,0.6945392491467577,0.1945392491467577,-0.3054607508532423
ALL_HOURS,EMA8,LONG,ROOM,KEPT,415,314,100,1,75.84541062801932,570,1.3734939759036144,0.8734939759036144,0.37349397590361444,-0.12650602409638556
ALL_HOURS,EMA8,LONG,ROOM,DROPPED,171,122,48,1,71.76470588235294,130,0.7602339181286549,0.26023391812865493,-0.23976608187134507,-0.7397660818713451
ALL_HOURS,EMA8,LONG,ROOM,MISSING,0,0,0,0,,0,,,,
ALL_HOURS,EMA8,LONG,DEPTH,ELIGIBLE,562,416,144,2,74.28571428571429,640,1.1387900355871887,0.6387900355871887,0.13879003558718872,-0.3612099644128113
ALL_HOURS,EMA8,LONG,DEPTH,KEPT,266,192,73,1,72.45283018867924,230,0.8646616541353384,0.36466165413533835,-0.13533834586466165,-0.6353383458646616
ALL_HOURS,EMA8,LONG,DEPTH,DROPPED,296,224,71,1,75.9322033898305,410,1.385135135135135,0.8851351351351351,0.3851351351351351,-0.11486486486486491
ALL_HOURS,EMA8,LONG,DEPTH,MISSING,24,20,4,0,83.33333333333333,60,2.5,2.0,1.5,1.0
ALL_HOURS,EMA8,LONG,SPEED,ELIGIBLE,559,415,142,2,74.50628366247756,655,1.1717352415026834,0.6717352415026834,0.17173524150268338,-0.3282647584973166
ALL_HOURS,EMA8,LONG,SPEED,KEPT,273,207,64,2,76.38376383763837,395,1.4468864468864469,0.9468864468864469,0.44688644688644685,-0.05311355311355315
ALL_HOURS,EMA8,LONG,SPEED,DROPPED,286,208,78,0,72.72727272727273,260,0.9090909090909091,0.40909090909090906,-0.09090909090909094,-0.5909090909090909
ALL_HOURS,EMA8,LONG,SPEED,MISSING,27,21,6,0,77.77777777777777,45,1.6666666666666667,1.1666666666666667,0.6666666666666667,0.16666666666666674
ALL_HOURS,EMA8,SHORT,BASELINE,ALL,544,398,133,13,74.95291902071563,660,1.213235294117647,0.713235294117647,0.21323529411764697,-0.28676470588235303
ALL_HOURS,EMA8,SHORT,ROOM,ELIGIBLE,544,398,133,13,74.95291902071563,660,1.213235294117647,0.713235294117647,0.21323529411764697,-0.28676470588235303
ALL_HOURS,EMA8,SHORT,ROOM,KEPT,393,290,90,13,76.3157894736842,550,1.3994910941475827,0.8994910941475827,0.39949109414758266,-0.10050890585241734
ALL_HOURS,EMA8,SHORT,ROOM,DROPPED,151,108,43,0,71.52317880794702,110,0.7284768211920529,0.22847682119205293,-0.2715231788079471,-0.7715231788079471
ALL_HOURS,EMA8,SHORT,ROOM,MISSING,0,0,0,0,,0,,,,
ALL_HOURS,EMA8,SHORT,DEPTH,ELIGIBLE,530,388,129,13,75.04835589941973,650,1.2264150943396226,0.7264150943396226,0.2264150943396226,-0.2735849056603774
ALL_HOURS,EMA8,SHORT,DEPTH,KEPT,249,184,57,8,76.34854771784232,350,1.4056224899598393,0.9056224899598393,0.4056224899598393,-0.0943775100401607
ALL_HOURS,EMA8,SHORT,DEPTH,DROPPED,281,204,72,5,73.91304347826087,300,1.0676156583629892,0.5676156583629892,0.06761565836298922,-0.4323843416370108
ALL_HOURS,EMA8,SHORT,DEPTH,MISSING,14,10,4,0,71.42857142857143,10,0.7142857142857143,0.2142857142857143,-0.2857142857142857,-0.7857142857142857
ALL_HOURS,EMA8,SHORT,SPEED,ELIGIBLE,520,384,125,11,75.44204322200393,670,1.2884615384615385,0.7884615384615385,0.28846153846153855,-0.21153846153846145
ALL_HOURS,EMA8,SHORT,SPEED,KEPT,264,195,66,3,74.71264367816092,315,1.1931818181818181,0.6931818181818181,0.19318181818181812,-0.3068181818181819
ALL_HOURS,EMA8,SHORT,SPEED,DROPPED,256,189,59,8,76.20967741935483,355,1.38671875,0.88671875,0.38671875,-0.11328125
ALL_HOURS,EMA8,SHORT,SPEED,MISSING,24,14,8,2,63.63636363636363,-10,-0.4166666666666667,-0.9166666666666667,-1.4166666666666667,-1.9166666666666667
ALL_HOURS,EMA8,UNAMBIGUOUS,BASELINE,ALL,1076,801,267,8,75.0,1335,1.2407063197026023,0.7407063197026023,0.24070631970260226,-0.25929368029739774
ALL_HOURS,EMA8,UNAMBIGUOUS,ROOM,ELIGIBLE,1076,801,267,8,75.0,1335,1.2407063197026023,0.7407063197026023,0.24070631970260226,-0.25929368029739774
ALL_HOURS,EMA8,UNAMBIGUOUS,ROOM,KEPT,769,580,182,7,76.11548556430446,1080,1.4044213263979193,0.9044213263979193,0.4044213263979193,-0.09557867360208072
ALL_HOURS,EMA8,UNAMBIGUOUS,ROOM,DROPPED,307,221,85,1,72.22222222222223,255,0.8306188925081434,0.33061889250814336,-0.16938110749185664,-0.6693811074918566
ALL_HOURS,EMA8,UNAMBIGUOUS,ROOM,MISSING,0,0,0,0,,0,,,,
ALL_HOURS,EMA8,UNAMBIGUOUS,DEPTH,ELIGIBLE,1039,772,259,8,74.87875848690592,1270,1.2223291626564003,0.7223291626564003,0.22232916265640035,-0.27767083734359965
ALL_HOURS,EMA8,UNAMBIGUOUS,DEPTH,KEPT,488,358,126,4,73.96694214876032,530,1.0860655737704918,0.5860655737704918,0.08606557377049184,-0.41393442622950816
ALL_HOURS,EMA8,UNAMBIGUOUS,DEPTH,DROPPED,551,414,133,4,75.68555758683729,740,1.3430127041742286,0.8430127041742286,0.3430127041742286,-0.15698729582577142
ALL_HOURS,EMA8,UNAMBIGUOUS,DEPTH,MISSING,37,29,8,0,78.37837837837837,65,1.7567567567567568,1.2567567567567568,0.7567567567567568,0.2567567567567568
ALL_HOURS,EMA8,UNAMBIGUOUS,SPEED,ELIGIBLE,1039,772,259,8,74.87875848690592,1270,1.2223291626564003,0.7223291626564003,0.22232916265640035,-0.27767083734359965
ALL_HOURS,EMA8,UNAMBIGUOUS,SPEED,KEPT,521,389,128,4,75.24177949709865,665,1.276391554702495,0.7763915547024951,0.2763915547024951,-0.2236084452975049
ALL_HOURS,EMA8,UNAMBIGUOUS,SPEED,DROPPED,518,383,131,4,74.5136186770428,605,1.167953667953668,0.667953667953668,0.16795366795366795,-0.33204633204633205
ALL_HOURS,EMA8,UNAMBIGUOUS,SPEED,MISSING,37,29,8,0,78.37837837837837,65,1.7567567567567568,1.2567567567567568,0.7567567567567568,0.2567567567567568
ALL_HOURS,EMA24,ALL,BASELINE,ALL,508,384,118,6,76.49402390438247,740,1.4566929133858268,0.9566929133858268,0.45669291338582685,-0.04330708661417315
ALL_HOURS,EMA24,ALL,ROOM,ELIGIBLE,508,384,118,6,76.49402390438247,740,1.4566929133858268,0.9566929133858268,0.45669291338582685,-0.04330708661417315
ALL_HOURS,EMA24,ALL,ROOM,KEPT,503,380,117,6,76.45875251509054,730,1.4512922465208749,0.9512922465208749,0.45129224652087485,-0.04870775347912515
ALL_HOURS,EMA24,ALL,ROOM,DROPPED,5,4,1,0,80.0,10,2.0,1.5,1.0,0.5
ALL_HOURS,EMA24,ALL,ROOM,MISSING,0,0,0,0,,0,,,,
ALL_HOURS,EMA24,ALL,DEPTH,ELIGIBLE,473,359,109,5,76.7094017094017,705,1.4904862579281184,0.9904862579281184,0.4904862579281184,-0.009513742071881603
ALL_HOURS,EMA24,ALL,DEPTH,KEPT,24,20,4,0,83.33333333333333,60,2.5,2.0,1.5,1.0
ALL_HOURS,EMA24,ALL,DEPTH,DROPPED,449,339,105,5,76.35135135135135,645,1.4365256124721604,0.9365256124721604,0.4365256124721604,-0.06347438752783963
ALL_HOURS,EMA24,ALL,DEPTH,MISSING,35,25,9,1,73.52941176470588,35,1.0,0.5,0.0,-0.5
ALL_HOURS,EMA24,ALL,SPEED,ELIGIBLE,469,359,108,2,76.87366167023555,715,1.5245202558635393,1.0245202558635393,0.5245202558635393,0.024520255863539342
ALL_HOURS,EMA24,ALL,SPEED,KEPT,223,172,50,1,77.47747747747748,360,1.6143497757847534,1.1143497757847534,0.6143497757847534,0.11434977578475336
ALL_HOURS,EMA24,ALL,SPEED,DROPPED,246,187,58,1,76.3265306122449,355,1.443089430894309,0.943089430894309,0.44308943089430897,-0.05691056910569103
ALL_HOURS,EMA24,ALL,SPEED,MISSING,39,25,10,4,71.42857142857143,25,0.6410256410256411,0.14102564102564108,-0.3589743589743589,-0.8589743589743589
ALL_HOURS,EMA24,DEV,BASELINE,ALL,235,177,57,1,75.64102564102564,315,1.3404255319148937,0.8404255319148937,0.34042553191489366,-0.15957446808510634
ALL_HOURS,EMA24,DEV,ROOM,ELIGIBLE,235,177,57,1,75.64102564102564,315,1.3404255319148937,0.8404255319148937,0.34042553191489366,-0.15957446808510634
ALL_HOURS,EMA24,DEV,ROOM,KEPT,232,175,56,1,75.75757575757575,315,1.3577586206896552,0.8577586206896552,0.35775862068965525,-0.14224137931034475
ALL_HOURS,EMA24,DEV,ROOM,DROPPED,3,2,1,0,66.66666666666667,0,0.0,-0.5,-1.0,-1.5
ALL_HOURS,EMA24,DEV,ROOM,MISSING,0,0,0,0,,0,,,,
ALL_HOURS,EMA24,DEV,DEPTH,ELIGIBLE,223,169,54,0,75.7847533632287,305,1.3677130044843049,0.8677130044843049,0.3677130044843049,-0.13228699551569512
ALL_HOURS,EMA24,DEV,DEPTH,KEPT,12,10,2,0,83.33333333333333,30,2.5,2.0,1.5,1.0
ALL_HOURS,EMA24,DEV,DEPTH,DROPPED,211,159,52,0,75.35545023696683,275,1.3033175355450237,0.8033175355450237,0.3033175355450237,-0.19668246445497628
ALL_HOURS,EMA24,DEV,DEPTH,MISSING,12,8,3,1,72.72727272727273,10,0.8333333333333334,0.33333333333333337,-0.16666666666666663,-0.6666666666666666
ALL_HOURS,EMA24,DEV,SPEED,ELIGIBLE,222,169,53,0,76.12612612612612,315,1.4189189189189189,0.9189189189189189,0.41891891891891886,-0.08108108108108114
ALL_HOURS,EMA24,DEV,SPEED,KEPT,107,84,23,0,78.50467289719626,190,1.7757009345794392,1.2757009345794392,0.7757009345794392,0.2757009345794392
ALL_HOURS,EMA24,DEV,SPEED,DROPPED,115,85,30,0,73.91304347826087,125,1.0869565217391304,0.5869565217391304,0.08695652173913038,-0.4130434782608696
ALL_HOURS,EMA24,DEV,SPEED,MISSING,13,8,4,1,66.66666666666667,0,0.0,-0.5,-1.0,-1.5
ALL_HOURS,EMA24,LATER,BASELINE,ALL,273,207,61,5,77.23880597014926,425,1.5567765567765568,1.0567765567765568,0.5567765567765568,0.0567765567765568
ALL_HOURS,EMA24,LATER,ROOM,ELIGIBLE,273,207,61,5,77.23880597014926,425,1.5567765567765568,1.0567765567765568,0.5567765567765568,0.0567765567765568
ALL_HOURS,EMA24,LATER,ROOM,KEPT,271,205,61,5,77.06766917293233,415,1.5313653136531364,1.0313653136531364,0.5313653136531364,0.03136531365313644
ALL_HOURS,EMA24,LATER,ROOM,DROPPED,2,2,0,0,100.0,10,5.0,4.5,4.0,3.5
ALL_HOURS,EMA24,LATER,ROOM,MISSING,0,0,0,0,,0,,,,
ALL_HOURS,EMA24,LATER,DEPTH,ELIGIBLE,250,190,55,5,77.55102040816327,400,1.6,1.1,0.6000000000000001,0.10000000000000009
ALL_HOURS,EMA24,LATER,DEPTH,KEPT,12,10,2,0,83.33333333333333,30,2.5,2.0,1.5,1.0
ALL_HOURS,EMA24,LATER,DEPTH,DROPPED,238,180,53,5,77.25321888412017,370,1.5546218487394958,1.0546218487394958,0.5546218487394958,0.054621848739495826
ALL_HOURS,EMA24,LATER,DEPTH,MISSING,23,17,6,0,73.91304347826087,25,1.0869565217391304,0.5869565217391304,0.08695652173913038,-0.4130434782608696
ALL_HOURS,EMA24,LATER,SPEED,ELIGIBLE,247,190,55,2,77.55102040816327,400,1.6194331983805668,1.1194331983805668,0.6194331983805668,0.11943319838056676
ALL_HOURS,EMA24,LATER,SPEED,KEPT,116,88,27,1,76.52173913043478,170,1.4655172413793103,0.9655172413793103,0.4655172413793103,-0.034482758620689724
ALL_HOURS,EMA24,LATER,SPEED,DROPPED,131,102,28,1,78.46153846153847,230,1.7557251908396947,1.2557251908396947,0.7557251908396947,0.2557251908396947
ALL_HOURS,EMA24,LATER,SPEED,MISSING,26,17,6,3,73.91304347826087,25,0.9615384615384616,0.46153846153846156,-0.038461538461538436,-0.5384615384615384
ALL_HOURS,EMA24,LONG,BASELINE,ALL,241,182,59,0,75.51867219917013,320,1.3278008298755186,0.8278008298755186,0.3278008298755186,-0.17219917012448138
ALL_HOURS,EMA24,LONG,ROOM,ELIGIBLE,241,182,59,0,75.51867219917013,320,1.3278008298755186,0.8278008298755186,0.3278008298755186,-0.17219917012448138
ALL_HOURS,EMA24,LONG,ROOM,KEPT,240,181,59,0,75.41666666666667,315,1.3125,0.8125,0.3125,-0.1875
ALL_HOURS,EMA24,LONG,ROOM,DROPPED,1,1,0,0,100.0,5,5.0,4.5,4.0,3.5
ALL_HOURS,EMA24,LONG,ROOM,MISSING,0,0,0,0,,0,,,,
ALL_HOURS,EMA24,LONG,DEPTH,ELIGIBLE,222,170,52,0,76.57657657657657,330,1.4864864864864864,0.9864864864864864,0.4864864864864864,-0.013513513513513598
ALL_HOURS,EMA24,LONG,DEPTH,KEPT,16,13,3,0,81.25,35,2.1875,1.6875,1.1875,0.6875
ALL_HOURS,EMA24,LONG,DEPTH,DROPPED,206,157,49,0,76.2135922330097,295,1.4320388349514563,0.9320388349514563,0.43203883495145634,-0.06796116504854366
ALL_HOURS,EMA24,LONG,DEPTH,MISSING,19,12,7,0,63.1578947368421,-10,-0.5263157894736842,-1.026315789473684,-1.526315789473684,-2.026315789473684
ALL_HOURS,EMA24,LONG,SPEED,ELIGIBLE,221,170,51,0,76.92307692307692,340,1.5384615384615385,1.0384615384615385,0.5384615384615385,0.03846153846153855
ALL_HOURS,EMA24,LONG,SPEED,KEPT,105,82,23,0,78.0952380952381,180,1.7142857142857142,1.2142857142857142,0.7142857142857142,0.2142857142857142
ALL_HOURS,EMA24,LONG,SPEED,DROPPED,116,88,28,0,75.86206896551724,160,1.3793103448275863,0.8793103448275863,0.3793103448275863,-0.1206896551724137
ALL_HOURS,EMA24,LONG,SPEED,MISSING,20,12,8,0,60.0,-20,-1.0,-1.5,-2.0,-2.5
ALL_HOURS,EMA24,SHORT,BASELINE,ALL,267,202,59,6,77.39463601532567,420,1.5730337078651686,1.0730337078651686,0.5730337078651686,0.0730337078651686
ALL_HOURS,EMA24,SHORT,ROOM,ELIGIBLE,267,202,59,6,77.39463601532567,420,1.5730337078651686,1.0730337078651686,0.5730337078651686,0.0730337078651686
ALL_HOURS,EMA24,SHORT,ROOM,KEPT,263,199,58,6,77.43190661478599,415,1.5779467680608366,1.0779467680608366,0.5779467680608366,0.07794676806083656
ALL_HOURS,EMA24,SHORT,ROOM,DROPPED,4,3,1,0,75.0,5,1.25,0.75,0.25,-0.25
ALL_HOURS,EMA24,SHORT,ROOM,MISSING,0,0,0,0,,0,,,,
ALL_HOURS,EMA24,SHORT,DEPTH,ELIGIBLE,251,189,57,5,76.82926829268293,375,1.4940239043824701,0.9940239043824701,0.4940239043824701,-0.005976095617529875
ALL_HOURS,EMA24,SHORT,DEPTH,KEPT,8,7,1,0,87.5,25,3.125,2.625,2.125,1.625
ALL_HOURS,EMA24,SHORT,DEPTH,DROPPED,243,182,56,5,76.47058823529412,350,1.440329218106996,0.940329218106996,0.440329218106996,-0.05967078189300401
ALL_HOURS,EMA24,SHORT,DEPTH,MISSING,16,13,2,1,86.66666666666667,45,2.8125,2.3125,1.8125,1.3125
ALL_HOURS,EMA24,SHORT,SPEED,ELIGIBLE,248,189,57,2,76.82926829268293,375,1.5120967741935485,1.0120967741935485,0.5120967741935485,0.012096774193548487
ALL_HOURS,EMA24,SHORT,SPEED,KEPT,118,90,27,1,76.92307692307692,180,1.5254237288135593,1.0254237288135593,0.5254237288135593,0.025423728813559254
ALL_HOURS,EMA24,SHORT,SPEED,DROPPED,130,99,30,1,76.74418604651163,195,1.5,1.0,0.5,0.0
ALL_HOURS,EMA24,SHORT,SPEED,MISSING,19,13,2,4,86.66666666666667,45,2.3684210526315788,1.8684210526315788,1.3684210526315788,0.8684210526315788
ALL_HOURS,EMA24,UNAMBIGUOUS,BASELINE,ALL,486,371,114,1,76.49484536082474,715,1.47119341563786,0.9711934156378601,0.4711934156378601,-0.028806584362139898
ALL_HOURS,EMA24,UNAMBIGUOUS,ROOM,ELIGIBLE,486,371,114,1,76.49484536082474,715,1.47119341563786,0.9711934156378601,0.4711934156378601,-0.028806584362139898
ALL_HOURS,EMA24,UNAMBIGUOUS,ROOM,KEPT,481,367,113,1,76.45833333333333,705,1.4656964656964657,0.9656964656964657,0.4656964656964657,-0.03430353430353428
ALL_HOURS,EMA24,UNAMBIGUOUS,ROOM,DROPPED,5,4,1,0,80.0,10,2.0,1.5,1.0,0.5
ALL_HOURS,EMA24,UNAMBIGUOUS,ROOM,MISSING,0,0,0,0,,0,,,,
ALL_HOURS,EMA24,UNAMBIGUOUS,DEPTH,ELIGIBLE,453,347,105,1,76.76991150442478,685,1.5121412803532008,1.0121412803532008,0.5121412803532008,0.012141280353200834
ALL_HOURS,EMA24,UNAMBIGUOUS,DEPTH,KEPT,22,19,3,0,86.36363636363636,65,2.9545454545454546,2.4545454545454546,1.9545454545454546,1.4545454545454546
ALL_HOURS,EMA24,UNAMBIGUOUS,DEPTH,DROPPED,431,328,102,1,76.27906976744185,620,1.4385150812064966,0.9385150812064966,0.4385150812064966,-0.061484918793503374
ALL_HOURS,EMA24,UNAMBIGUOUS,DEPTH,MISSING,33,24,9,0,72.72727272727273,30,0.9090909090909091,0.40909090909090906,-0.09090909090909094,-0.5909090909090909
ALL_HOURS,EMA24,UNAMBIGUOUS,SPEED,ELIGIBLE,453,347,105,1,76.76991150442478,685,1.5121412803532008,1.0121412803532008,0.5121412803532008,0.012141280353200834
ALL_HOURS,EMA24,UNAMBIGUOUS,SPEED,KEPT,213,164,49,0,76.99530516431925,330,1.5492957746478873,1.0492957746478873,0.5492957746478873,0.04929577464788726
ALL_HOURS,EMA24,UNAMBIGUOUS,SPEED,DROPPED,240,183,56,1,76.56903765690376,355,1.4791666666666667,0.9791666666666667,0.47916666666666674,-0.02083333333333326
ALL_HOURS,EMA24,UNAMBIGUOUS,SPEED,MISSING,33,24,9,0,72.72727272727273,30,0.9090909090909091,0.40909090909090906,-0.09090909090909094,-0.5909090909090909
ALL_HOURS,EMA50,ALL,BASELINE,ALL,358,282,72,4,79.66101694915254,690,1.9273743016759777,1.4273743016759777,0.9273743016759777,0.4273743016759777
ALL_HOURS,EMA50,ALL,ROOM,ELIGIBLE,358,282,72,4,79.66101694915254,690,1.9273743016759777,1.4273743016759777,0.9273743016759777,0.4273743016759777
ALL_HOURS,EMA50,ALL,ROOM,KEPT,333,262,67,4,79.63525835866261,640,1.921921921921922,1.421921921921922,0.9219219219219219,0.4219219219219219
ALL_HOURS,EMA50,ALL,ROOM,DROPPED,25,20,5,0,80.0,50,2.0,1.5,1.0,0.5
ALL_HOURS,EMA50,ALL,ROOM,MISSING,0,0,0,0,,0,,,,
ALL_HOURS,EMA50,ALL,DEPTH,ELIGIBLE,304,241,61,2,79.80132450331126,595,1.957236842105263,1.457236842105263,0.957236842105263,0.45723684210526305
ALL_HOURS,EMA50,ALL,DEPTH,KEPT,33,26,7,0,78.78787878787878,60,1.8181818181818181,1.3181818181818181,0.8181818181818181,0.3181818181818181
ALL_HOURS,EMA50,ALL,DEPTH,DROPPED,271,215,54,2,79.92565055762081,535,1.9741697416974169,1.4741697416974169,0.9741697416974169,0.4741697416974169
ALL_HOURS,EMA50,ALL,DEPTH,MISSING,54,41,11,2,78.84615384615384,95,1.7592592592592593,1.2592592592592593,0.7592592592592593,0.2592592592592593
ALL_HOURS,EMA50,ALL,SPEED,ELIGIBLE,302,240,61,1,79.734219269103,590,1.9536423841059603,1.4536423841059603,0.9536423841059603,0.45364238410596025
ALL_HOURS,EMA50,ALL,SPEED,KEPT,125,101,23,1,81.45161290322581,275,2.2,1.7000000000000002,1.2000000000000002,0.7000000000000002
ALL_HOURS,EMA50,ALL,SPEED,DROPPED,177,139,38,0,78.53107344632768,315,1.7796610169491525,1.2796610169491525,0.7796610169491525,0.27966101694915246
ALL_HOURS,EMA50,ALL,SPEED,MISSING,56,42,11,3,79.24528301886792,100,1.7857142857142858,1.2857142857142858,0.7857142857142858,0.2857142857142858
ALL_HOURS,EMA50,DEV,BASELINE,ALL,163,130,33,0,79.75460122699387,320,1.9631901840490797,1.4631901840490797,0.9631901840490797,0.46319018404907975
ALL_HOURS,EMA50,DEV,ROOM,ELIGIBLE,163,130,33,0,79.75460122699387,320,1.9631901840490797,1.4631901840490797,0.9631901840490797,0.46319018404907975
ALL_HOURS,EMA50,DEV,ROOM,KEPT,148,118,30,0,79.72972972972973,290,1.9594594594594594,1.4594594594594594,0.9594594594594594,0.45945945945945943
ALL_HOURS,EMA50,DEV,ROOM,DROPPED,15,12,3,0,80.0,30,2.0,1.5,1.0,0.5
ALL_HOURS,EMA50,DEV,ROOM,MISSING,0,0,0,0,,0,,,,
ALL_HOURS,EMA50,DEV,DEPTH,ELIGIBLE,134,108,26,0,80.59701492537313,280,2.08955223880597,1.58955223880597,1.08955223880597,0.58955223880597
ALL_HOURS,EMA50,DEV,DEPTH,KEPT,16,13,3,0,81.25,35,2.1875,1.6875,1.1875,0.6875
ALL_HOURS,EMA50,DEV,DEPTH,DROPPED,118,95,23,0,80.50847457627118,245,2.0762711864406778,1.5762711864406778,1.0762711864406778,0.5762711864406778
ALL_HOURS,EMA50,DEV,DEPTH,MISSING,29,22,7,0,75.86206896551724,40,1.3793103448275863,0.8793103448275863,0.3793103448275863,-0.1206896551724137
ALL_HOURS,EMA50,DEV,SPEED,ELIGIBLE,134,108,26,0,80.59701492537313,280,2.08955223880597,1.58955223880597,1.08955223880597,0.58955223880597
ALL_HOURS,EMA50,DEV,SPEED,KEPT,55,45,10,0,81.81818181818181,125,2.272727272727273,1.772727272727273,1.272727272727273,0.7727272727272729
ALL_HOURS,EMA50,DEV,SPEED,DROPPED,79,63,16,0,79.74683544303798,155,1.9620253164556962,1.4620253164556962,0.9620253164556962,0.4620253164556962
ALL_HOURS,EMA50,DEV,SPEED,MISSING,29,22,7,0,75.86206896551724,40,1.3793103448275863,0.8793103448275863,0.3793103448275863,-0.1206896551724137
ALL_HOURS,EMA50,LATER,BASELINE,ALL,195,152,39,4,79.58115183246073,370,1.8974358974358974,1.3974358974358974,0.8974358974358974,0.39743589743589736
ALL_HOURS,EMA50,LATER,ROOM,ELIGIBLE,195,152,39,4,79.58115183246073,370,1.8974358974358974,1.3974358974358974,0.8974358974358974,0.39743589743589736
ALL_HOURS,EMA50,LATER,ROOM,KEPT,185,144,37,4,79.55801104972376,350,1.8918918918918919,1.3918918918918919,0.8918918918918919,0.3918918918918919
ALL_HOURS,EMA50,LATER,ROOM,DROPPED,10,8,2,0,80.0,20,2.0,1.5,1.0,0.5
ALL_HOURS,EMA50,LATER,ROOM,MISSING,0,0,0,0,,0,,,,
ALL_HOURS,EMA50,LATER,DEPTH,ELIGIBLE,170,133,35,2,79.16666666666667,315,1.8529411764705883,1.3529411764705883,0.8529411764705883,0.3529411764705883
ALL_HOURS,EMA50,LATER,DEPTH,KEPT,17,13,4,0,76.47058823529412,25,1.4705882352941178,0.9705882352941178,0.47058823529411775,-0.02941176470588225
ALL_HOURS,EMA50,LATER,DEPTH,DROPPED,153,120,31,2,79.47019867549669,290,1.8954248366013071,1.3954248366013071,0.8954248366013071,0.3954248366013071
ALL_HOURS,EMA50,LATER,DEPTH,MISSING,25,19,4,2,82.6086956521739,55,2.2,1.7000000000000002,1.2000000000000002,0.7000000000000002
ALL_HOURS,EMA50,LATER,SPEED,ELIGIBLE,168,132,35,1,79.04191616766467,310,1.8452380952380953,1.3452380952380953,0.8452380952380953,0.34523809523809534
ALL_HOURS,EMA50,LATER,SPEED,KEPT,70,56,13,1,81.15942028985508,150,2.142857142857143,1.6428571428571428,1.1428571428571428,0.6428571428571428
ALL_HOURS,EMA50,LATER,SPEED,DROPPED,98,76,22,0,77.55102040816327,160,1.6326530612244898,1.1326530612244898,0.6326530612244898,0.13265306122448983
ALL_HOURS,EMA50,LATER,SPEED,MISSING,27,20,4,3,83.33333333333333,60,2.2222222222222223,1.7222222222222223,1.2222222222222223,0.7222222222222223
ALL_HOURS,EMA50,LONG,BASELINE,ALL,155,124,29,2,81.04575163398692,330,2.129032258064516,1.629032258064516,1.129032258064516,0.629032258064516
ALL_HOURS,EMA50,LONG,ROOM,ELIGIBLE,155,124,29,2,81.04575163398692,330,2.129032258064516,1.629032258064516,1.129032258064516,0.629032258064516
ALL_HOURS,EMA50,LONG,ROOM,KEPT,145,117,26,2,81.81818181818181,325,2.2413793103448274,1.7413793103448274,1.2413793103448274,0.7413793103448274
ALL_HOURS,EMA50,LONG,ROOM,DROPPED,10,7,3,0,70.0,5,0.5,0.0,-0.5,-1.0
ALL_HOURS,EMA50,LONG,ROOM,MISSING,0,0,0,0,,0,,,,
ALL_HOURS,EMA50,LONG,DEPTH,ELIGIBLE,133,108,25,0,81.203007518797,290,2.180451127819549,1.6804511278195489,1.1804511278195489,0.6804511278195489
ALL_HOURS,EMA50,LONG,DEPTH,KEPT,7,6,1,0,85.71428571428571,20,2.857142857142857,2.357142857142857,1.8571428571428572,1.3571428571428572
ALL_HOURS,EMA50,LONG,DEPTH,DROPPED,126,102,24,0,80.95238095238095,270,2.142857142857143,1.6428571428571428,1.1428571428571428,0.6428571428571428
ALL_HOURS,EMA50,LONG,DEPTH,MISSING,22,16,4,2,80.0,40,1.8181818181818181,1.3181818181818181,0.8181818181818181,0.3181818181818181
ALL_HOURS,EMA50,LONG,SPEED,ELIGIBLE,133,108,25,0,81.203007518797,290,2.180451127819549,1.6804511278195489,1.1804511278195489,0.6804511278195489
ALL_HOURS,EMA50,LONG,SPEED,KEPT,47,40,7,0,85.1063829787234,130,2.765957446808511,2.265957446808511,1.7659574468085109,1.2659574468085109
ALL_HOURS,EMA50,LONG,SPEED,DROPPED,86,68,18,0,79.06976744186046,160,1.8604651162790697,1.3604651162790697,0.8604651162790697,0.36046511627906974
ALL_HOURS,EMA50,LONG,SPEED,MISSING,22,16,4,2,80.0,40,1.8181818181818181,1.3181818181818181,0.8181818181818181,0.3181818181818181
ALL_HOURS,EMA50,SHORT,BASELINE,ALL,203,158,43,2,78.60696517412936,360,1.7733990147783252,1.2733990147783252,0.7733990147783252,0.2733990147783252
ALL_HOURS,EMA50,SHORT,ROOM,ELIGIBLE,203,158,43,2,78.60696517412936,360,1.7733990147783252,1.2733990147783252,0.7733990147783252,0.2733990147783252
ALL_HOURS,EMA50,SHORT,ROOM,KEPT,188,145,41,2,77.95698924731182,315,1.675531914893617,1.175531914893617,0.675531914893617,0.17553191489361697
ALL_HOURS,EMA50,SHORT,ROOM,DROPPED,15,13,2,0,86.66666666666667,45,3.0,2.5,2.0,1.5
ALL_HOURS,EMA50,SHORT,ROOM,MISSING,0,0,0,0,,0,,,,
ALL_HOURS,EMA50,SHORT,DEPTH,ELIGIBLE,171,133,36,2,78.69822485207101,305,1.7836257309941521,1.2836257309941521,0.7836257309941521,0.2836257309941521
ALL_HOURS,EMA50,SHORT,DEPTH,KEPT,26,20,6,0,76.92307692307692,40,1.5384615384615385,1.0384615384615385,0.5384615384615385,0.03846153846153855
ALL_HOURS,EMA50,SHORT,DEPTH,DROPPED,145,113,30,2,79.02097902097903,265,1.8275862068965518,1.3275862068965518,0.8275862068965518,0.3275862068965518
ALL_HOURS,EMA50,SHORT,DEPTH,MISSING,32,25,7,0,78.125,55,1.71875,1.21875,0.71875,0.21875
ALL_HOURS,EMA50,SHORT,SPEED,ELIGIBLE,169,132,36,1,78.57142857142857,300,1.7751479289940828,1.2751479289940828,0.7751479289940828,0.2751479289940828
ALL_HOURS,EMA50,SHORT,SPEED,KEPT,78,61,16,1,79.22077922077922,145,1.858974358974359,1.358974358974359,0.858974358974359,0.35897435897435903
ALL_HOURS,EMA50,SHORT,SPEED,DROPPED,91,71,20,0,78.02197802197803,155,1.7032967032967032,1.2032967032967032,0.7032967032967032,0.20329670329670324
ALL_HOURS,EMA50,SHORT,SPEED,MISSING,34,26,7,1,78.78787878787878,60,1.7647058823529411,1.2647058823529411,0.7647058823529411,0.2647058823529411
ALL_HOURS,EMA50,UNAMBIGUOUS,BASELINE,ALL,347,273,71,3,79.36046511627907,655,1.8876080691642652,1.3876080691642652,0.8876080691642652,0.38760806916426516
ALL_HOURS,EMA50,UNAMBIGUOUS,ROOM,ELIGIBLE,347,273,71,3,79.36046511627907,655,1.8876080691642652,1.3876080691642652,0.8876080691642652,0.38760806916426516
ALL_HOURS,EMA50,UNAMBIGUOUS,ROOM,KEPT,323,254,66,3,79.375,610,1.888544891640867,1.388544891640867,0.8885448916408669,0.3885448916408669
ALL_HOURS,EMA50,UNAMBIGUOUS,ROOM,DROPPED,24,19,5,0,79.16666666666667,45,1.875,1.375,0.875,0.375
ALL_HOURS,EMA50,UNAMBIGUOUS,ROOM,MISSING,0,0,0,0,,0,,,,
ALL_HOURS,EMA50,UNAMBIGUOUS,DEPTH,ELIGIBLE,296,235,60,1,79.66101694915254,575,1.9425675675675675,1.4425675675675675,0.9425675675675675,0.44256756756756754
ALL_HOURS,EMA50,UNAMBIGUOUS,DEPTH,KEPT,30,23,7,0,76.66666666666667,45,1.5,1.0,0.5,0.0
ALL_HOURS,EMA50,UNAMBIGUOUS,DEPTH,DROPPED,266,212,53,1,80.0,530,1.9924812030075187,1.4924812030075187,0.9924812030075187,0.49248120300751874
ALL_HOURS,EMA50,UNAMBIGUOUS,DEPTH,MISSING,51,38,11,2,77.55102040816327,80,1.5686274509803921,1.0686274509803921,0.5686274509803921,0.06862745098039214
ALL_HOURS,EMA50,UNAMBIGUOUS,SPEED,ELIGIBLE,296,235,60,1,79.66101694915254,575,1.9425675675675675,1.4425675675675675,0.9425675675675675,0.44256756756756754
ALL_HOURS,EMA50,UNAMBIGUOUS,SPEED,KEPT,122,99,22,1,81.81818181818181,275,2.2540983606557377,1.7540983606557377,1.2540983606557377,0.7540983606557377
ALL_HOURS,EMA50,UNAMBIGUOUS,SPEED,DROPPED,174,136,38,0,78.16091954022988,300,1.7241379310344827,1.2241379310344827,0.7241379310344827,0.22413793103448265
ALL_HOURS,EMA50,UNAMBIGUOUS,SPEED,MISSING,51,38,11,2,77.55102040816327,80,1.5686274509803921,1.0686274509803921,0.5686274509803921,0.06862745098039214
PRIME,COMBINED,ALL,BASELINE,ALL,632,501,129,2,79.52380952380952,1215,1.9224683544303798,1.4224683544303798,0.9224683544303798,0.4224683544303798
PRIME,COMBINED,ALL,ROOM,ELIGIBLE,632,501,129,2,79.52380952380952,1215,1.9224683544303798,1.4224683544303798,0.9224683544303798,0.4224683544303798
PRIME,COMBINED,ALL,ROOM,KEPT,529,422,105,2,80.07590132827325,1060,2.003780718336484,1.503780718336484,1.003780718336484,0.503780718336484
PRIME,COMBINED,ALL,ROOM,DROPPED,103,79,24,0,76.69902912621359,155,1.5048543689320388,1.0048543689320388,0.5048543689320388,0.004854368932038833
PRIME,COMBINED,ALL,ROOM,MISSING,0,0,0,0,,0,,,,
PRIME,COMBINED,ALL,DEPTH,ELIGIBLE,583,463,118,2,79.69018932874354,1135,1.946826758147513,1.446826758147513,0.9468267581475129,0.44682675814751294
PRIME,COMBINED,ALL,DEPTH,KEPT,184,133,50,1,72.6775956284153,165,0.8967391304347826,0.3967391304347826,-0.1032608695652174,-0.6032608695652174
PRIME,COMBINED,ALL,DEPTH,DROPPED,399,330,68,1,82.91457286432161,970,2.431077694235589,1.9310776942355892,1.4310776942355892,0.9310776942355892
PRIME,COMBINED,ALL,DEPTH,MISSING,49,38,11,0,77.55102040816327,80,1.6326530612244898,1.1326530612244898,0.6326530612244898,0.13265306122448983
PRIME,COMBINED,ALL,SPEED,ELIGIBLE,580,461,118,1,79.62003454231433,1125,1.9396551724137931,1.4396551724137931,0.9396551724137931,0.43965517241379315
PRIME,COMBINED,ALL,SPEED,KEPT,289,235,54,0,81.31487889273356,635,2.1972318339100347,1.6972318339100347,1.1972318339100347,0.6972318339100347
PRIME,COMBINED,ALL,SPEED,DROPPED,291,226,64,1,77.93103448275862,490,1.6838487972508591,1.1838487972508591,0.6838487972508591,0.18384879725085912
PRIME,COMBINED,ALL,SPEED,MISSING,52,40,11,1,78.43137254901961,90,1.7307692307692308,1.2307692307692308,0.7307692307692308,0.23076923076923084
PRIME,COMBINED,DEV,BASELINE,ALL,306,241,65,0,78.75816993464052,555,1.8137254901960784,1.3137254901960784,0.8137254901960784,0.3137254901960784
PRIME,COMBINED,DEV,ROOM,ELIGIBLE,306,241,65,0,78.75816993464052,555,1.8137254901960784,1.3137254901960784,0.8137254901960784,0.3137254901960784
PRIME,COMBINED,DEV,ROOM,KEPT,247,197,50,0,79.75708502024291,485,1.9635627530364372,1.4635627530364372,0.9635627530364372,0.46356275303643724
PRIME,COMBINED,DEV,ROOM,DROPPED,59,44,15,0,74.57627118644068,70,1.1864406779661016,0.6864406779661016,0.18644067796610164,-0.31355932203389836
PRIME,COMBINED,DEV,ROOM,MISSING,0,0,0,0,,0,,,,
PRIME,COMBINED,DEV,DEPTH,ELIGIBLE,286,227,59,0,79.37062937062937,545,1.9055944055944056,1.4055944055944056,0.9055944055944056,0.4055944055944056
PRIME,COMBINED,DEV,DEPTH,KEPT,88,63,25,0,71.5909090909091,65,0.7386363636363636,0.23863636363636365,-0.26136363636363635,-0.7613636363636364
PRIME,COMBINED,DEV,DEPTH,DROPPED,198,164,34,0,82.82828282828282,480,2.4242424242424243,1.9242424242424243,1.4242424242424243,0.9242424242424243
PRIME,COMBINED,DEV,DEPTH,MISSING,20,14,6,0,70.0,10,0.5,0.0,-0.5,-1.0
PRIME,COMBINED,DEV,SPEED,ELIGIBLE,286,227,59,0,79.37062937062937,545,1.9055944055944056,1.4055944055944056,0.9055944055944056,0.4055944055944056
PRIME,COMBINED,DEV,SPEED,KEPT,144,119,25,0,82.63888888888889,345,2.3958333333333335,1.8958333333333335,1.3958333333333335,0.8958333333333335
PRIME,COMBINED,DEV,SPEED,DROPPED,142,108,34,0,76.05633802816901,200,1.408450704225352,0.908450704225352,0.408450704225352,-0.09154929577464799
PRIME,COMBINED,DEV,SPEED,MISSING,20,14,6,0,70.0,10,0.5,0.0,-0.5,-1.0
PRIME,COMBINED,LATER,BASELINE,ALL,326,260,64,2,80.24691358024691,660,2.0245398773006134,1.5245398773006134,1.0245398773006134,0.5245398773006134
PRIME,COMBINED,LATER,ROOM,ELIGIBLE,326,260,64,2,80.24691358024691,660,2.0245398773006134,1.5245398773006134,1.0245398773006134,0.5245398773006134
PRIME,COMBINED,LATER,ROOM,KEPT,282,225,55,2,80.35714285714286,575,2.0390070921985815,1.5390070921985815,1.0390070921985815,0.5390070921985815
PRIME,COMBINED,LATER,ROOM,DROPPED,44,35,9,0,79.54545454545455,85,1.9318181818181819,1.4318181818181819,0.9318181818181819,0.4318181818181819
PRIME,COMBINED,LATER,ROOM,MISSING,0,0,0,0,,0,,,,
PRIME,COMBINED,LATER,DEPTH,ELIGIBLE,297,236,59,2,80.0,590,1.9865319865319866,1.4865319865319866,0.9865319865319866,0.4865319865319866
PRIME,COMBINED,LATER,DEPTH,KEPT,96,70,25,1,73.6842105263158,100,1.0416666666666667,0.5416666666666667,0.04166666666666674,-0.45833333333333326
PRIME,COMBINED,LATER,DEPTH,DROPPED,201,166,34,1,83.0,490,2.4378109452736316,1.9378109452736316,1.4378109452736316,0.9378109452736316
PRIME,COMBINED,LATER,DEPTH,MISSING,29,24,5,0,82.75862068965517,70,2.413793103448276,1.9137931034482758,1.4137931034482758,0.9137931034482758
PRIME,COMBINED,LATER,SPEED,ELIGIBLE,294,234,59,1,79.86348122866895,580,1.9727891156462585,1.4727891156462585,0.9727891156462585,0.4727891156462585
PRIME,COMBINED,LATER,SPEED,KEPT,145,116,29,0,80.0,290,2.0,1.5,1.0,0.5
PRIME,COMBINED,LATER,SPEED,DROPPED,149,118,30,1,79.72972972972973,290,1.9463087248322148,1.4463087248322148,0.9463087248322148,0.44630872483221484
PRIME,COMBINED,LATER,SPEED,MISSING,32,26,5,1,83.87096774193549,80,2.5,2.0,1.5,1.0
PRIME,COMBINED,LONG,BASELINE,ALL,325,261,64,0,80.3076923076923,665,2.046153846153846,1.546153846153846,1.046153846153846,0.546153846153846
PRIME,COMBINED,LONG,ROOM,ELIGIBLE,325,261,64,0,80.3076923076923,665,2.046153846153846,1.546153846153846,1.046153846153846,0.546153846153846
PRIME,COMBINED,LONG,ROOM,KEPT,270,218,52,0,80.74074074074075,570,2.111111111111111,1.6111111111111112,1.1111111111111112,0.6111111111111112
PRIME,COMBINED,LONG,ROOM,DROPPED,55,43,12,0,78.18181818181819,95,1.7272727272727273,1.2272727272727273,0.7272727272727273,0.2272727272727273
PRIME,COMBINED,LONG,ROOM,MISSING,0,0,0,0,,0,,,,
PRIME,COMBINED,LONG,DEPTH,ELIGIBLE,300,243,57,0,81.0,645,2.15,1.65,1.15,0.6499999999999999
PRIME,COMBINED,LONG,DEPTH,KEPT,90,66,24,0,73.33333333333333,90,1.0,0.5,0.0,-0.5
PRIME,COMBINED,LONG,DEPTH,DROPPED,210,177,33,0,84.28571428571429,555,2.642857142857143,2.142857142857143,1.6428571428571428,1.1428571428571428
PRIME,COMBINED,LONG,DEPTH,MISSING,25,18,7,0,72.0,20,0.8,0.30000000000000004,-0.19999999999999996,-0.7
PRIME,COMBINED,LONG,SPEED,ELIGIBLE,300,243,57,0,81.0,645,2.15,1.65,1.15,0.6499999999999999
PRIME,COMBINED,LONG,SPEED,KEPT,133,112,21,0,84.21052631578948,350,2.6315789473684212,2.1315789473684212,1.6315789473684212,1.1315789473684212
PRIME,COMBINED,LONG,SPEED,DROPPED,167,131,36,0,78.44311377245509,295,1.7664670658682635,1.2664670658682635,0.7664670658682635,0.2664670658682635
PRIME,COMBINED,LONG,SPEED,MISSING,25,18,7,0,72.0,20,0.8,0.30000000000000004,-0.19999999999999996,-0.7
PRIME,COMBINED,SHORT,BASELINE,ALL,307,240,65,2,78.68852459016394,550,1.791530944625407,1.291530944625407,0.7915309446254071,0.2915309446254071
PRIME,COMBINED,SHORT,ROOM,ELIGIBLE,307,240,65,2,78.68852459016394,550,1.791530944625407,1.291530944625407,0.7915309446254071,0.2915309446254071
PRIME,COMBINED,SHORT,ROOM,KEPT,259,204,53,2,79.37743190661479,490,1.8918918918918919,1.3918918918918919,0.8918918918918919,0.3918918918918919
PRIME,COMBINED,SHORT,ROOM,DROPPED,48,36,12,0,75.0,60,1.25,0.75,0.25,-0.25
PRIME,COMBINED,SHORT,ROOM,MISSING,0,0,0,0,,0,,,,
PRIME,COMBINED,SHORT,DEPTH,ELIGIBLE,283,220,61,2,78.29181494661921,490,1.7314487632508835,1.2314487632508835,0.7314487632508835,0.23144876325088348
PRIME,COMBINED,SHORT,DEPTH,KEPT,94,67,26,1,72.04301075268818,75,0.7978723404255319,0.2978723404255319,-0.2021276595744681,-0.7021276595744681
PRIME,COMBINED,SHORT,DEPTH,DROPPED,189,153,35,1,81.38297872340425,415,2.195767195767196,1.6957671957671958,1.1957671957671958,0.6957671957671958
PRIME,COMBINED,SHORT,DEPTH,MISSING,24,20,4,0,83.33333333333333,60,2.5,2.0,1.5,1.0
PRIME,COMBINED,SHORT,SPEED,ELIGIBLE,280,218,61,1,78.13620071684588,480,1.7142857142857142,1.2142857142857142,0.7142857142857142,0.2142857142857142
PRIME,COMBINED,SHORT,SPEED,KEPT,156,123,33,0,78.84615384615384,285,1.8269230769230769,1.3269230769230769,0.8269230769230769,0.32692307692307687
PRIME,COMBINED,SHORT,SPEED,DROPPED,124,95,28,1,77.23577235772358,195,1.5725806451612903,1.0725806451612903,0.5725806451612903,0.07258064516129026
PRIME,COMBINED,SHORT,SPEED,MISSING,27,22,4,1,84.61538461538461,70,2.5925925925925926,2.0925925925925926,1.5925925925925926,1.0925925925925926
PRIME,COMBINED,UNAMBIGUOUS,BASELINE,ALL,617,487,129,1,79.05844155844156,1145,1.8557536466774716,1.3557536466774716,0.8557536466774716,0.35575364667747156
PRIME,COMBINED,UNAMBIGUOUS,ROOM,ELIGIBLE,617,487,129,1,79.05844155844156,1145,1.8557536466774716,1.3557536466774716,0.8557536466774716,0.35575364667747156
PRIME,COMBINED,UNAMBIGUOUS,ROOM,KEPT,516,410,105,1,79.6116504854369,1000,1.937984496124031,1.437984496124031,0.9379844961240309,0.4379844961240309
PRIME,COMBINED,UNAMBIGUOUS,ROOM,DROPPED,101,77,24,0,76.23762376237623,145,1.4356435643564356,0.9356435643564356,0.4356435643564356,-0.06435643564356441
PRIME,COMBINED,UNAMBIGUOUS,ROOM,MISSING,0,0,0,0,,0,,,,
PRIME,COMBINED,UNAMBIGUOUS,DEPTH,ELIGIBLE,572,453,118,1,79.33450087565674,1085,1.8968531468531469,1.3968531468531469,0.8968531468531469,0.3968531468531469
PRIME,COMBINED,UNAMBIGUOUS,DEPTH,KEPT,180,129,50,1,72.06703910614524,145,0.8055555555555556,0.3055555555555556,-0.19444444444444442,-0.6944444444444444
PRIME,COMBINED,UNAMBIGUOUS,DEPTH,DROPPED,392,324,68,0,82.65306122448979,940,2.3979591836734695,1.8979591836734695,1.3979591836734695,0.8979591836734695
PRIME,COMBINED,UNAMBIGUOUS,DEPTH,MISSING,45,34,11,0,75.55555555555556,60,1.3333333333333333,0.8333333333333333,0.33333333333333326,-0.16666666666666674
PRIME,COMBINED,UNAMBIGUOUS,SPEED,ELIGIBLE,572,453,118,1,79.33450087565674,1085,1.8968531468531469,1.3968531468531469,0.8968531468531469,0.3968531468531469
PRIME,COMBINED,UNAMBIGUOUS,SPEED,KEPT,284,230,54,0,80.98591549295774,610,2.147887323943662,1.647887323943662,1.147887323943662,0.647887323943662
PRIME,COMBINED,UNAMBIGUOUS,SPEED,DROPPED,288,223,64,1,77.70034843205575,475,1.6493055555555556,1.1493055555555556,0.6493055555555556,0.14930555555555558
PRIME,COMBINED,UNAMBIGUOUS,SPEED,MISSING,45,34,11,0,75.55555555555556,60,1.3333333333333333,0.8333333333333333,0.33333333333333326,-0.16666666666666674
PRIME,EMA8,ALL,BASELINE,ALL,351,270,80,1,77.14285714285714,550,1.566951566951567,1.066951566951567,0.566951566951567,0.06695156695156701
PRIME,EMA8,ALL,ROOM,ELIGIBLE,351,270,80,1,77.14285714285714,550,1.566951566951567,1.066951566951567,0.566951566951567,0.06695156695156701
PRIME,EMA8,ALL,ROOM,KEPT,259,199,59,1,77.13178294573643,405,1.5637065637065637,1.0637065637065637,0.5637065637065637,0.06370656370656369
PRIME,EMA8,ALL,ROOM,DROPPED,92,71,21,0,77.17391304347827,145,1.576086956521739,1.076086956521739,0.576086956521739,0.07608695652173902
PRIME,EMA8,ALL,ROOM,MISSING,0,0,0,0,,0,,,,
PRIME,EMA8,ALL,DEPTH,ELIGIBLE,338,259,78,1,76.8545994065282,515,1.5236686390532543,1.0236686390532543,0.5236686390532543,0.023668639053254337
PRIME,EMA8,ALL,DEPTH,KEPT,165,117,47,1,71.34146341463415,115,0.696969696969697,0.19696969696969702,-0.303030303030303,-0.803030303030303
PRIME,EMA8,ALL,DEPTH,DROPPED,173,142,31,0,82.08092485549133,400,2.3121387283236996,1.8121387283236996,1.3121387283236996,0.8121387283236996
PRIME,EMA8,ALL,DEPTH,MISSING,13,11,2,0,84.61538461538461,35,2.6923076923076925,2.1923076923076925,1.6923076923076925,1.1923076923076925
PRIME,EMA8,ALL,SPEED,ELIGIBLE,337,258,78,1,76.78571428571429,510,1.513353115727003,1.013353115727003,0.513353115727003,0.01335311572700304
PRIME,EMA8,ALL,SPEED,KEPT,180,143,37,0,79.44444444444444,345,1.9166666666666667,1.4166666666666667,0.9166666666666667,0.41666666666666674
PRIME,EMA8,ALL,SPEED,DROPPED,157,115,41,1,73.71794871794872,165,1.0509554140127388,0.5509554140127388,0.05095541401273884,-0.44904458598726116
PRIME,EMA8,ALL,SPEED,MISSING,14,12,2,0,85.71428571428571,40,2.857142857142857,2.357142857142857,1.8571428571428572,1.3571428571428572
PRIME,EMA8,DEV,BASELINE,ALL,179,140,39,0,78.2122905027933,310,1.7318435754189945,1.2318435754189945,0.7318435754189945,0.23184357541899447
PRIME,EMA8,DEV,ROOM,ELIGIBLE,179,140,39,0,78.2122905027933,310,1.7318435754189945,1.2318435754189945,0.7318435754189945,0.23184357541899447
PRIME,EMA8,DEV,ROOM,KEPT,127,102,25,0,80.31496062992126,260,2.047244094488189,1.547244094488189,1.047244094488189,0.5472440944881889
PRIME,EMA8,DEV,ROOM,DROPPED,52,38,14,0,73.07692307692308,50,0.9615384615384616,0.46153846153846156,-0.038461538461538436,-0.5384615384615384
PRIME,EMA8,DEV,ROOM,MISSING,0,0,0,0,,0,,,,
PRIME,EMA8,DEV,DEPTH,ELIGIBLE,173,135,38,0,78.03468208092485,295,1.7052023121387283,1.2052023121387283,0.7052023121387283,0.2052023121387283
PRIME,EMA8,DEV,DEPTH,KEPT,81,58,23,0,71.60493827160494,60,0.7407407407407407,0.2407407407407407,-0.2592592592592593,-0.7592592592592593
PRIME,EMA8,DEV,DEPTH,DROPPED,92,77,15,0,83.69565217391305,235,2.5543478260869565,2.0543478260869565,1.5543478260869565,1.0543478260869565
PRIME,EMA8,DEV,DEPTH,MISSING,6,5,1,0,83.33333333333333,15,2.5,2.0,1.5,1.0
PRIME,EMA8,DEV,SPEED,ELIGIBLE,173,135,38,0,78.03468208092485,295,1.7052023121387283,1.2052023121387283,0.7052023121387283,0.2052023121387283
PRIME,EMA8,DEV,SPEED,KEPT,92,76,16,0,82.6086956521739,220,2.391304347826087,1.891304347826087,1.391304347826087,0.8913043478260869
PRIME,EMA8,DEV,SPEED,DROPPED,81,59,22,0,72.8395061728395,75,0.9259259259259259,0.42592592592592593,-0.07407407407407407,-0.5740740740740741
PRIME,EMA8,DEV,SPEED,MISSING,6,5,1,0,83.33333333333333,15,2.5,2.0,1.5,1.0
PRIME,EMA8,LATER,BASELINE,ALL,172,130,41,1,76.0233918128655,240,1.3953488372093024,0.8953488372093024,0.39534883720930236,-0.10465116279069764
PRIME,EMA8,LATER,ROOM,ELIGIBLE,172,130,41,1,76.0233918128655,240,1.3953488372093024,0.8953488372093024,0.39534883720930236,-0.10465116279069764
PRIME,EMA8,LATER,ROOM,KEPT,132,97,34,1,74.04580152671755,145,1.0984848484848484,0.5984848484848484,0.0984848484848484,-0.4015151515151516
PRIME,EMA8,LATER,ROOM,DROPPED,40,33,7,0,82.5,95,2.375,1.875,1.375,0.875
PRIME,EMA8,LATER,ROOM,MISSING,0,0,0,0,,0,,,,
PRIME,EMA8,LATER,DEPTH,ELIGIBLE,165,124,40,1,75.60975609756098,220,1.3333333333333333,0.8333333333333333,0.33333333333333326,-0.16666666666666674
PRIME,EMA8,LATER,DEPTH,KEPT,84,59,24,1,71.08433734939759,55,0.6547619047619048,0.15476190476190477,-0.34523809523809523,-0.8452380952380952
PRIME,EMA8,LATER,DEPTH,DROPPED,81,65,16,0,80.24691358024691,165,2.037037037037037,1.5370370370370372,1.0370370370370372,0.5370370370370372
PRIME,EMA8,LATER,DEPTH,MISSING,7,6,1,0,85.71428571428571,20,2.857142857142857,2.357142857142857,1.8571428571428572,1.3571428571428572
PRIME,EMA8,LATER,SPEED,ELIGIBLE,164,123,40,1,75.4601226993865,215,1.3109756097560976,0.8109756097560976,0.3109756097560976,-0.18902439024390238
PRIME,EMA8,LATER,SPEED,KEPT,88,67,21,0,76.13636363636364,125,1.4204545454545454,0.9204545454545454,0.4204545454545454,-0.07954545454545459
PRIME,EMA8,LATER,SPEED,DROPPED,76,56,19,1,74.66666666666667,90,1.1842105263157894,0.6842105263157894,0.18421052631578938,-0.3157894736842106
PRIME,EMA8,LATER,SPEED,MISSING,8,7,1,0,87.5,25,3.125,2.625,2.125,1.625
PRIME,EMA8,LONG,BASELINE,ALL,185,145,40,0,78.37837837837837,325,1.7567567567567568,1.2567567567567568,0.7567567567567568,0.2567567567567568
PRIME,EMA8,LONG,ROOM,ELIGIBLE,185,145,40,0,78.37837837837837,325,1.7567567567567568,1.2567567567567568,0.7567567567567568,0.2567567567567568
PRIME,EMA8,LONG,ROOM,KEPT,134,103,31,0,76.86567164179104,205,1.5298507462686568,1.0298507462686568,0.5298507462686568,0.029850746268656803
PRIME,EMA8,LONG,ROOM,DROPPED,51,42,9,0,82.3529411764706,120,2.3529411764705883,1.8529411764705883,1.3529411764705883,0.8529411764705883
PRIME,EMA8,LONG,ROOM,MISSING,0,0,0,0,,0,,,,
PRIME,EMA8,LONG,DEPTH,ELIGIBLE,178,139,39,0,78.08988764044943,305,1.7134831460674158,1.2134831460674158,0.7134831460674158,0.2134831460674158
PRIME,EMA8,LONG,DEPTH,KEPT,81,58,23,0,71.60493827160494,60,0.7407407407407407,0.2407407407407407,-0.2592592592592593,-0.7592592592592593
PRIME,EMA8,LONG,DEPTH,DROPPED,97,81,16,0,83.50515463917526,245,2.5257731958762886,2.0257731958762886,1.5257731958762886,1.0257731958762886
PRIME,EMA8,LONG,DEPTH,MISSING,7,6,1,0,85.71428571428571,20,2.857142857142857,2.357142857142857,1.8571428571428572,1.3571428571428572
PRIME,EMA8,LONG,SPEED,ELIGIBLE,178,139,39,0,78.08988764044943,305,1.7134831460674158,1.2134831460674158,0.7134831460674158,0.2134831460674158
PRIME,EMA8,LONG,SPEED,KEPT,85,70,15,0,82.3529411764706,200,2.3529411764705883,1.8529411764705883,1.3529411764705883,0.8529411764705883
PRIME,EMA8,LONG,SPEED,DROPPED,93,69,24,0,74.19354838709677,105,1.1290322580645162,0.6290322580645162,0.12903225806451624,-0.37096774193548376
PRIME,EMA8,LONG,SPEED,MISSING,7,6,1,0,85.71428571428571,20,2.857142857142857,2.357142857142857,1.8571428571428572,1.3571428571428572
PRIME,EMA8,SHORT,BASELINE,ALL,166,125,40,1,75.75757575757575,225,1.355421686746988,0.8554216867469879,0.35542168674698793,-0.14457831325301207
PRIME,EMA8,SHORT,ROOM,ELIGIBLE,166,125,40,1,75.75757575757575,225,1.355421686746988,0.8554216867469879,0.35542168674698793,-0.14457831325301207
PRIME,EMA8,SHORT,ROOM,KEPT,125,96,28,1,77.41935483870968,200,1.6,1.1,0.6000000000000001,0.10000000000000009
PRIME,EMA8,SHORT,ROOM,DROPPED,41,29,12,0,70.73170731707317,25,0.6097560975609756,0.1097560975609756,-0.3902439024390244,-0.8902439024390244
PRIME,EMA8,SHORT,ROOM,MISSING,0,0,0,0,,0,,,,
PRIME,EMA8,SHORT,DEPTH,ELIGIBLE,160,120,39,1,75.47169811320755,210,1.3125,0.8125,0.3125,-0.1875
PRIME,EMA8,SHORT,DEPTH,KEPT,84,59,24,1,71.08433734939759,55,0.6547619047619048,0.15476190476190477,-0.34523809523809523,-0.8452380952380952
PRIME,EMA8,SHORT,DEPTH,DROPPED,76,61,15,0,80.26315789473684,155,2.039473684210526,1.539473684210526,1.039473684210526,0.5394736842105261
PRIME,EMA8,SHORT,DEPTH,MISSING,6,5,1,0,83.33333333333333,15,2.5,2.0,1.5,1.0
PRIME,EMA8,SHORT,SPEED,ELIGIBLE,159,119,39,1,75.31645569620254,205,1.2893081761006289,0.7893081761006289,0.28930817610062887,-0.21069182389937113
PRIME,EMA8,SHORT,SPEED,KEPT,95,73,22,0,76.84210526315789,145,1.5263157894736843,1.0263157894736843,0.5263157894736843,0.026315789473684292
PRIME,EMA8,SHORT,SPEED,DROPPED,64,46,17,1,73.01587301587301,60,0.9375,0.4375,-0.0625,-0.5625
PRIME,EMA8,SHORT,SPEED,MISSING,7,6,1,0,85.71428571428571,20,2.857142857142857,2.357142857142857,1.8571428571428572,1.3571428571428572
PRIME,EMA8,UNAMBIGUOUS,BASELINE,ALL,343,262,80,1,76.60818713450293,510,1.4868804664723032,0.9868804664723032,0.4868804664723032,-0.013119533527696792
PRIME,EMA8,UNAMBIGUOUS,ROOM,ELIGIBLE,343,262,80,1,76.60818713450293,510,1.4868804664723032,0.9868804664723032,0.4868804664723032,-0.013119533527696792
PRIME,EMA8,UNAMBIGUOUS,ROOM,KEPT,253,193,59,1,76.58730158730158,375,1.482213438735178,0.982213438735178,0.48221343873517797,-0.01778656126482203
PRIME,EMA8,UNAMBIGUOUS,ROOM,DROPPED,90,69,21,0,76.66666666666667,135,1.5,1.0,0.5,0.0
PRIME,EMA8,UNAMBIGUOUS,ROOM,MISSING,0,0,0,0,,0,,,,
PRIME,EMA8,UNAMBIGUOUS,DEPTH,ELIGIBLE,331,252,78,1,76.36363636363636,480,1.4501510574018126,0.9501510574018126,0.4501510574018126,-0.049848942598187396
PRIME,EMA8,UNAMBIGUOUS,DEPTH,KEPT,162,114,47,1,70.80745341614907,100,0.6172839506172839,0.11728395061728392,-0.3827160493827161,-0.8827160493827161
PRIME,EMA8,UNAMBIGUOUS,DEPTH,DROPPED,169,138,31,0,81.65680473372781,380,2.2485207100591715,1.7485207100591715,1.2485207100591715,0.7485207100591715
PRIME,EMA8,UNAMBIGUOUS,DEPTH,MISSING,12,10,2,0,83.33333333333333,30,2.5,2.0,1.5,1.0
PRIME,EMA8,UNAMBIGUOUS,SPEED,ELIGIBLE,331,252,78,1,76.36363636363636,480,1.4501510574018126,0.9501510574018126,0.4501510574018126,-0.049848942598187396
PRIME,EMA8,UNAMBIGUOUS,SPEED,KEPT,176,139,37,0,78.97727272727273,325,1.8465909090909092,1.3465909090909092,0.8465909090909092,0.34659090909090917
PRIME,EMA8,UNAMBIGUOUS,SPEED,DROPPED,155,113,41,1,73.37662337662337,155,1.0,0.5,0.0,-0.5
PRIME,EMA8,UNAMBIGUOUS,SPEED,MISSING,12,10,2,0,83.33333333333333,30,2.5,2.0,1.5,1.0
PRIME,EMA24,ALL,BASELINE,ALL,149,123,25,1,83.10810810810811,365,2.4496644295302015,1.9496644295302015,1.4496644295302015,0.9496644295302015
PRIME,EMA24,ALL,ROOM,ELIGIBLE,149,123,25,1,83.10810810810811,365,2.4496644295302015,1.9496644295302015,1.4496644295302015,0.9496644295302015
PRIME,EMA24,ALL,ROOM,KEPT,149,123,25,1,83.10810810810811,365,2.4496644295302015,1.9496644295302015,1.4496644295302015,0.9496644295302015
PRIME,EMA24,ALL,ROOM,DROPPED,0,0,0,0,,0,,,,
PRIME,EMA24,ALL,ROOM,MISSING,0,0,0,0,,0,,,,
PRIME,EMA24,ALL,DEPTH,ELIGIBLE,135,112,22,1,83.58208955223881,340,2.5185185185185186,2.0185185185185186,1.5185185185185186,1.0185185185185186
PRIME,EMA24,ALL,DEPTH,KEPT,10,9,1,0,90.0,35,3.5,3.0,2.5,2.0
PRIME,EMA24,ALL,DEPTH,DROPPED,125,103,21,1,83.06451612903226,305,2.44,1.94,1.44,0.94
PRIME,EMA24,ALL,DEPTH,MISSING,14,11,3,0,78.57142857142857,25,1.7857142857142858,1.2857142857142858,0.7857142857142858,0.2857142857142858
PRIME,EMA24,ALL,SPEED,ELIGIBLE,134,112,22,0,83.58208955223881,340,2.537313432835821,2.037313432835821,1.5373134328358211,1.0373134328358211
PRIME,EMA24,ALL,SPEED,KEPT,70,58,12,0,82.85714285714286,170,2.4285714285714284,1.9285714285714284,1.4285714285714284,0.9285714285714284
PRIME,EMA24,ALL,SPEED,DROPPED,64,54,10,0,84.375,170,2.65625,2.15625,1.65625,1.15625
PRIME,EMA24,ALL,SPEED,MISSING,15,11,3,1,78.57142857142857,25,1.6666666666666667,1.1666666666666667,0.6666666666666667,0.16666666666666674
PRIME,EMA24,DEV,BASELINE,ALL,69,54,15,0,78.26086956521739,120,1.7391304347826086,1.2391304347826086,0.7391304347826086,0.23913043478260865
PRIME,EMA24,DEV,ROOM,ELIGIBLE,69,54,15,0,78.26086956521739,120,1.7391304347826086,1.2391304347826086,0.7391304347826086,0.23913043478260865
PRIME,EMA24,DEV,ROOM,KEPT,69,54,15,0,78.26086956521739,120,1.7391304347826086,1.2391304347826086,0.7391304347826086,0.23913043478260865
PRIME,EMA24,DEV,ROOM,DROPPED,0,0,0,0,,0,,,,
PRIME,EMA24,DEV,ROOM,MISSING,0,0,0,0,,0,,,,
PRIME,EMA24,DEV,DEPTH,ELIGIBLE,65,51,14,0,78.46153846153847,115,1.7692307692307692,1.2692307692307692,0.7692307692307692,0.26923076923076916
PRIME,EMA24,DEV,DEPTH,KEPT,4,3,1,0,75.0,5,1.25,0.75,0.25,-0.25
PRIME,EMA24,DEV,DEPTH,DROPPED,61,48,13,0,78.68852459016394,110,1.8032786885245902,1.3032786885245902,0.8032786885245902,0.30327868852459017
PRIME,EMA24,DEV,DEPTH,MISSING,4,3,1,0,75.0,5,1.25,0.75,0.25,-0.25
PRIME,EMA24,DEV,SPEED,ELIGIBLE,65,51,14,0,78.46153846153847,115,1.7692307692307692,1.2692307692307692,0.7692307692307692,0.26923076923076916
PRIME,EMA24,DEV,SPEED,KEPT,35,27,8,0,77.14285714285714,55,1.5714285714285714,1.0714285714285714,0.5714285714285714,0.0714285714285714
PRIME,EMA24,DEV,SPEED,DROPPED,30,24,6,0,80.0,60,2.0,1.5,1.0,0.5
PRIME,EMA24,DEV,SPEED,MISSING,4,3,1,0,75.0,5,1.25,0.75,0.25,-0.25
PRIME,EMA24,LATER,BASELINE,ALL,80,69,10,1,87.34177215189874,245,3.0625,2.5625,2.0625,1.5625
PRIME,EMA24,LATER,ROOM,ELIGIBLE,80,69,10,1,87.34177215189874,245,3.0625,2.5625,2.0625,1.5625
PRIME,EMA24,LATER,ROOM,KEPT,80,69,10,1,87.34177215189874,245,3.0625,2.5625,2.0625,1.5625
PRIME,EMA24,LATER,ROOM,DROPPED,0,0,0,0,,0,,,,
PRIME,EMA24,LATER,ROOM,MISSING,0,0,0,0,,0,,,,
PRIME,EMA24,LATER,DEPTH,ELIGIBLE,70,61,8,1,88.40579710144928,225,3.2142857142857144,2.7142857142857144,2.2142857142857144,1.7142857142857144
PRIME,EMA24,LATER,DEPTH,KEPT,6,6,0,0,100.0,30,5.0,4.5,4.0,3.5
PRIME,EMA24,LATER,DEPTH,DROPPED,64,55,8,1,87.3015873015873,195,3.046875,2.546875,2.046875,1.546875
PRIME,EMA24,LATER,DEPTH,MISSING,10,8,2,0,80.0,20,2.0,1.5,1.0,0.5
PRIME,EMA24,LATER,SPEED,ELIGIBLE,69,61,8,0,88.40579710144928,225,3.260869565217391,2.760869565217391,2.260869565217391,1.7608695652173911
PRIME,EMA24,LATER,SPEED,KEPT,35,31,4,0,88.57142857142857,115,3.2857142857142856,2.7857142857142856,2.2857142857142856,1.7857142857142856
PRIME,EMA24,LATER,SPEED,DROPPED,34,30,4,0,88.23529411764706,110,3.235294117647059,2.735294117647059,2.235294117647059,1.7352941176470589
PRIME,EMA24,LATER,SPEED,MISSING,11,8,2,1,80.0,20,1.8181818181818181,1.3181818181818181,0.8181818181818181,0.3181818181818181
PRIME,EMA24,LONG,BASELINE,ALL,81,68,13,0,83.95061728395062,210,2.5925925925925926,2.0925925925925926,1.5925925925925926,1.0925925925925926
PRIME,EMA24,LONG,ROOM,ELIGIBLE,81,68,13,0,83.95061728395062,210,2.5925925925925926,2.0925925925925926,1.5925925925925926,1.0925925925925926
PRIME,EMA24,LONG,ROOM,KEPT,81,68,13,0,83.95061728395062,210,2.5925925925925926,2.0925925925925926,1.5925925925925926,1.0925925925925926
PRIME,EMA24,LONG,ROOM,DROPPED,0,0,0,0,,0,,,,
PRIME,EMA24,LONG,ROOM,MISSING,0,0,0,0,,0,,,,
PRIME,EMA24,LONG,DEPTH,ELIGIBLE,71,61,10,0,85.91549295774648,205,2.887323943661972,2.387323943661972,1.887323943661972,1.387323943661972
PRIME,EMA24,LONG,DEPTH,KEPT,7,6,1,0,85.71428571428571,20,2.857142857142857,2.357142857142857,1.8571428571428572,1.3571428571428572
PRIME,EMA24,LONG,DEPTH,DROPPED,64,55,9,0,85.9375,185,2.890625,2.390625,1.890625,1.390625
PRIME,EMA24,LONG,DEPTH,MISSING,10,7,3,0,70.0,5,0.5,0.0,-0.5,-1.0
PRIME,EMA24,LONG,SPEED,ELIGIBLE,71,61,10,0,85.91549295774648,205,2.887323943661972,2.387323943661972,1.887323943661972,1.387323943661972
PRIME,EMA24,LONG,SPEED,KEPT,35,30,5,0,85.71428571428571,100,2.857142857142857,2.357142857142857,1.8571428571428572,1.3571428571428572
PRIME,EMA24,LONG,SPEED,DROPPED,36,31,5,0,86.11111111111111,105,2.9166666666666665,2.4166666666666665,1.9166666666666665,1.4166666666666665
PRIME,EMA24,LONG,SPEED,MISSING,10,7,3,0,70.0,5,0.5,0.0,-0.5,-1.0
PRIME,EMA24,SHORT,BASELINE,ALL,68,55,12,1,82.08955223880596,155,2.2794117647058822,1.7794117647058822,1.2794117647058822,0.7794117647058822
PRIME,EMA24,SHORT,ROOM,ELIGIBLE,68,55,12,1,82.08955223880596,155,2.2794117647058822,1.7794117647058822,1.2794117647058822,0.7794117647058822
PRIME,EMA24,SHORT,ROOM,KEPT,68,55,12,1,82.08955223880596,155,2.2794117647058822,1.7794117647058822,1.2794117647058822,0.7794117647058822
PRIME,EMA24,SHORT,ROOM,DROPPED,0,0,0,0,,0,,,,
PRIME,EMA24,SHORT,ROOM,MISSING,0,0,0,0,,0,,,,
PRIME,EMA24,SHORT,DEPTH,ELIGIBLE,64,51,12,1,80.95238095238095,135,2.109375,1.609375,1.109375,0.609375
PRIME,EMA24,SHORT,DEPTH,KEPT,3,3,0,0,100.0,15,5.0,4.5,4.0,3.5
PRIME,EMA24,SHORT,DEPTH,DROPPED,61,48,12,1,80.0,120,1.9672131147540983,1.4672131147540983,0.9672131147540983,0.4672131147540983
PRIME,EMA24,SHORT,DEPTH,MISSING,4,4,0,0,100.0,20,5.0,4.5,4.0,3.5
PRIME,EMA24,SHORT,SPEED,ELIGIBLE,63,51,12,0,80.95238095238095,135,2.142857142857143,1.6428571428571428,1.1428571428571428,0.6428571428571428
PRIME,EMA24,SHORT,SPEED,KEPT,35,28,7,0,80.0,70,2.0,1.5,1.0,0.5
PRIME,EMA24,SHORT,SPEED,DROPPED,28,23,5,0,82.14285714285714,65,2.3214285714285716,1.8214285714285716,1.3214285714285716,0.8214285714285716
PRIME,EMA24,SHORT,SPEED,MISSING,5,4,0,1,100.0,20,4.0,3.5,3.0,2.5
PRIME,EMA24,UNAMBIGUOUS,BASELINE,ALL,146,121,25,0,82.87671232876713,355,2.4315068493150687,1.9315068493150687,1.4315068493150687,0.9315068493150687
PRIME,EMA24,UNAMBIGUOUS,ROOM,ELIGIBLE,146,121,25,0,82.87671232876713,355,2.4315068493150687,1.9315068493150687,1.4315068493150687,0.9315068493150687
PRIME,EMA24,UNAMBIGUOUS,ROOM,KEPT,146,121,25,0,82.87671232876713,355,2.4315068493150687,1.9315068493150687,1.4315068493150687,0.9315068493150687
PRIME,EMA24,UNAMBIGUOUS,ROOM,DROPPED,0,0,0,0,,0,,,,
PRIME,EMA24,UNAMBIGUOUS,ROOM,MISSING,0,0,0,0,,0,,,,
PRIME,EMA24,UNAMBIGUOUS,DEPTH,ELIGIBLE,133,111,22,0,83.45864661654136,335,2.518796992481203,2.018796992481203,1.518796992481203,1.018796992481203
PRIME,EMA24,UNAMBIGUOUS,DEPTH,KEPT,10,9,1,0,90.0,35,3.5,3.0,2.5,2.0
PRIME,EMA24,UNAMBIGUOUS,DEPTH,DROPPED,123,102,21,0,82.92682926829268,300,2.4390243902439024,1.9390243902439024,1.4390243902439024,0.9390243902439024
PRIME,EMA24,UNAMBIGUOUS,DEPTH,MISSING,13,10,3,0,76.92307692307692,20,1.5384615384615385,1.0384615384615385,0.5384615384615385,0.03846153846153855
PRIME,EMA24,UNAMBIGUOUS,SPEED,ELIGIBLE,133,111,22,0,83.45864661654136,335,2.518796992481203,2.018796992481203,1.518796992481203,1.018796992481203
PRIME,EMA24,UNAMBIGUOUS,SPEED,KEPT,70,58,12,0,82.85714285714286,170,2.4285714285714284,1.9285714285714284,1.4285714285714284,0.9285714285714284
PRIME,EMA24,UNAMBIGUOUS,SPEED,DROPPED,63,53,10,0,84.12698412698413,165,2.619047619047619,2.119047619047619,1.619047619047619,1.119047619047619
PRIME,EMA24,UNAMBIGUOUS,SPEED,MISSING,13,10,3,0,76.92307692307692,20,1.5384615384615385,1.0384615384615385,0.5384615384615385,0.03846153846153855
PRIME,EMA50,ALL,BASELINE,ALL,136,112,24,0,82.3529411764706,320,2.3529411764705883,1.8529411764705883,1.3529411764705883,0.8529411764705883
PRIME,EMA50,ALL,ROOM,ELIGIBLE,136,112,24,0,82.3529411764706,320,2.3529411764705883,1.8529411764705883,1.3529411764705883,0.8529411764705883
PRIME,EMA50,ALL,ROOM,KEPT,125,104,21,0,83.2,310,2.48,1.98,1.48,0.98
PRIME,EMA50,ALL,ROOM,DROPPED,11,8,3,0,72.72727272727273,10,0.9090909090909091,0.40909090909090906,-0.09090909090909094,-0.5909090909090909
PRIME,EMA50,ALL,ROOM,MISSING,0,0,0,0,,0,,,,
PRIME,EMA50,ALL,DEPTH,ELIGIBLE,113,95,18,0,84.070796460177,295,2.6106194690265485,2.1106194690265485,1.6106194690265485,1.1106194690265485
PRIME,EMA50,ALL,DEPTH,KEPT,9,7,2,0,77.77777777777777,15,1.6666666666666667,1.1666666666666667,0.6666666666666667,0.16666666666666674
PRIME,EMA50,ALL,DEPTH,DROPPED,104,88,16,0,84.61538461538461,280,2.6923076923076925,2.1923076923076925,1.6923076923076925,1.1923076923076925
PRIME,EMA50,ALL,DEPTH,MISSING,23,17,6,0,73.91304347826087,25,1.0869565217391304,0.5869565217391304,0.08695652173913038,-0.4130434782608696
PRIME,EMA50,ALL,SPEED,ELIGIBLE,112,94,18,0,83.92857142857143,290,2.5892857142857144,2.0892857142857144,1.5892857142857144,1.0892857142857144
PRIME,EMA50,ALL,SPEED,KEPT,41,36,5,0,87.8048780487805,130,3.1707317073170733,2.6707317073170733,2.1707317073170733,1.6707317073170733
PRIME,EMA50,ALL,SPEED,DROPPED,71,58,13,0,81.69014084507042,160,2.2535211267605635,1.7535211267605635,1.2535211267605635,0.7535211267605635
PRIME,EMA50,ALL,SPEED,MISSING,24,18,6,0,75.0,30,1.25,0.75,0.25,-0.25
PRIME,EMA50,DEV,BASELINE,ALL,60,49,11,0,81.66666666666667,135,2.25,1.75,1.25,0.75
PRIME,EMA50,DEV,ROOM,ELIGIBLE,60,49,11,0,81.66666666666667,135,2.25,1.75,1.25,0.75
PRIME,EMA50,DEV,ROOM,KEPT,53,43,10,0,81.13207547169812,115,2.169811320754717,1.6698113207547172,1.1698113207547172,0.6698113207547172
PRIME,EMA50,DEV,ROOM,DROPPED,7,6,1,0,85.71428571428571,20,2.857142857142857,2.357142857142857,1.8571428571428572,1.3571428571428572
PRIME,EMA50,DEV,ROOM,MISSING,0,0,0,0,,0,,,,
PRIME,EMA50,DEV,DEPTH,ELIGIBLE,50,43,7,0,86.0,145,2.9,2.4,1.9,1.4
PRIME,EMA50,DEV,DEPTH,KEPT,3,2,1,0,66.66666666666667,0,0.0,-0.5,-1.0,-1.5
PRIME,EMA50,DEV,DEPTH,DROPPED,47,41,6,0,87.23404255319149,145,3.0851063829787235,2.5851063829787235,2.0851063829787235,1.5851063829787235
PRIME,EMA50,DEV,DEPTH,MISSING,10,6,4,0,60.0,-10,-1.0,-1.5,-2.0,-2.5
PRIME,EMA50,DEV,SPEED,ELIGIBLE,50,43,7,0,86.0,145,2.9,2.4,1.9,1.4
PRIME,EMA50,DEV,SPEED,KEPT,18,17,1,0,94.44444444444444,75,4.166666666666667,3.666666666666667,3.166666666666667,2.666666666666667
PRIME,EMA50,DEV,SPEED,DROPPED,32,26,6,0,81.25,70,2.1875,1.6875,1.1875,0.6875
PRIME,EMA50,DEV,SPEED,MISSING,10,6,4,0,60.0,-10,-1.0,-1.5,-2.0,-2.5
PRIME,EMA50,LATER,BASELINE,ALL,76,63,13,0,82.89473684210526,185,2.4342105263157894,1.9342105263157894,1.4342105263157894,0.9342105263157894
PRIME,EMA50,LATER,ROOM,ELIGIBLE,76,63,13,0,82.89473684210526,185,2.4342105263157894,1.9342105263157894,1.4342105263157894,0.9342105263157894
PRIME,EMA50,LATER,ROOM,KEPT,72,61,11,0,84.72222222222223,195,2.7083333333333335,2.2083333333333335,1.7083333333333335,1.2083333333333335
PRIME,EMA50,LATER,ROOM,DROPPED,4,2,2,0,50.0,-10,-2.5,-3.0,-3.5,-4.0
PRIME,EMA50,LATER,ROOM,MISSING,0,0,0,0,,0,,,,
PRIME,EMA50,LATER,DEPTH,ELIGIBLE,63,52,11,0,82.53968253968254,150,2.380952380952381,1.880952380952381,1.380952380952381,0.8809523809523809
PRIME,EMA50,LATER,DEPTH,KEPT,6,5,1,0,83.33333333333333,15,2.5,2.0,1.5,1.0
PRIME,EMA50,LATER,DEPTH,DROPPED,57,47,10,0,82.45614035087719,135,2.3684210526315788,1.8684210526315788,1.3684210526315788,0.8684210526315788
PRIME,EMA50,LATER,DEPTH,MISSING,13,11,2,0,84.61538461538461,35,2.6923076923076925,2.1923076923076925,1.6923076923076925,1.1923076923076925
PRIME,EMA50,LATER,SPEED,ELIGIBLE,62,51,11,0,82.25806451612904,145,2.338709677419355,1.838709677419355,1.338709677419355,0.838709677419355
PRIME,EMA50,LATER,SPEED,KEPT,23,19,4,0,82.6086956521739,55,2.391304347826087,1.891304347826087,1.391304347826087,0.8913043478260869
PRIME,EMA50,LATER,SPEED,DROPPED,39,32,7,0,82.05128205128206,90,2.3076923076923075,1.8076923076923075,1.3076923076923075,0.8076923076923075
PRIME,EMA50,LATER,SPEED,MISSING,14,12,2,0,85.71428571428571,40,2.857142857142857,2.357142857142857,1.8571428571428572,1.3571428571428572
PRIME,EMA50,LONG,BASELINE,ALL,59,48,11,0,81.35593220338983,130,2.2033898305084745,1.7033898305084745,1.2033898305084745,0.7033898305084745
PRIME,EMA50,LONG,ROOM,ELIGIBLE,59,48,11,0,81.35593220338983,130,2.2033898305084745,1.7033898305084745,1.2033898305084745,0.7033898305084745
PRIME,EMA50,LONG,ROOM,KEPT,55,47,8,0,85.45454545454545,155,2.8181818181818183,2.3181818181818183,1.8181818181818183,1.3181818181818183
PRIME,EMA50,LONG,ROOM,DROPPED,4,1,3,0,25.0,-25,-6.25,-6.75,-7.25,-7.75
PRIME,EMA50,LONG,ROOM,MISSING,0,0,0,0,,0,,,,
PRIME,EMA50,LONG,DEPTH,ELIGIBLE,51,43,8,0,84.31372549019608,135,2.6470588235294117,2.1470588235294117,1.6470588235294117,1.1470588235294117
PRIME,EMA50,LONG,DEPTH,KEPT,2,2,0,0,100.0,10,5.0,4.5,4.0,3.5
PRIME,EMA50,LONG,DEPTH,DROPPED,49,41,8,0,83.6734693877551,125,2.5510204081632653,2.0510204081632653,1.5510204081632653,1.0510204081632653
PRIME,EMA50,LONG,DEPTH,MISSING,8,5,3,0,62.5,-5,-0.625,-1.125,-1.625,-2.125
PRIME,EMA50,LONG,SPEED,ELIGIBLE,51,43,8,0,84.31372549019608,135,2.6470588235294117,2.1470588235294117,1.6470588235294117,1.1470588235294117
PRIME,EMA50,LONG,SPEED,KEPT,13,12,1,0,92.3076923076923,50,3.8461538461538463,3.3461538461538463,2.8461538461538463,2.3461538461538463
PRIME,EMA50,LONG,SPEED,DROPPED,38,31,7,0,81.57894736842105,85,2.236842105263158,1.736842105263158,1.236842105263158,0.736842105263158
PRIME,EMA50,LONG,SPEED,MISSING,8,5,3,0,62.5,-5,-0.625,-1.125,-1.625,-2.125
PRIME,EMA50,SHORT,BASELINE,ALL,77,64,13,0,83.11688311688312,190,2.4675324675324677,1.9675324675324677,1.4675324675324677,0.9675324675324677
PRIME,EMA50,SHORT,ROOM,ELIGIBLE,77,64,13,0,83.11688311688312,190,2.4675324675324677,1.9675324675324677,1.4675324675324677,0.9675324675324677
PRIME,EMA50,SHORT,ROOM,KEPT,70,57,13,0,81.42857142857143,155,2.2142857142857144,1.7142857142857144,1.2142857142857144,0.7142857142857144
PRIME,EMA50,SHORT,ROOM,DROPPED,7,7,0,0,100.0,35,5.0,4.5,4.0,3.5
PRIME,EMA50,SHORT,ROOM,MISSING,0,0,0,0,,0,,,,
PRIME,EMA50,SHORT,DEPTH,ELIGIBLE,62,52,10,0,83.87096774193549,160,2.5806451612903225,2.0806451612903225,1.5806451612903225,1.0806451612903225
PRIME,EMA50,SHORT,DEPTH,KEPT,7,5,2,0,71.42857142857143,5,0.7142857142857143,0.2142857142857143,-0.2857142857142857,-0.7857142857142857
PRIME,EMA50,SHORT,DEPTH,DROPPED,55,47,8,0,85.45454545454545,155,2.8181818181818183,2.3181818181818183,1.8181818181818183,1.3181818181818183
PRIME,EMA50,SHORT,DEPTH,MISSING,15,12,3,0,80.0,30,2.0,1.5,1.0,0.5
PRIME,EMA50,SHORT,SPEED,ELIGIBLE,61,51,10,0,83.60655737704919,155,2.540983606557377,2.040983606557377,1.540983606557377,1.040983606557377
PRIME,EMA50,SHORT,SPEED,KEPT,28,24,4,0,85.71428571428571,80,2.857142857142857,2.357142857142857,1.8571428571428572,1.3571428571428572
PRIME,EMA50,SHORT,SPEED,DROPPED,33,27,6,0,81.81818181818181,75,2.272727272727273,1.772727272727273,1.272727272727273,0.7727272727272729
PRIME,EMA50,SHORT,SPEED,MISSING,16,13,3,0,81.25,35,2.1875,1.6875,1.1875,0.6875
PRIME,EMA50,UNAMBIGUOUS,BASELINE,ALL,132,108,24,0,81.81818181818181,300,2.272727272727273,1.772727272727273,1.272727272727273,0.7727272727272729
PRIME,EMA50,UNAMBIGUOUS,ROOM,ELIGIBLE,132,108,24,0,81.81818181818181,300,2.272727272727273,1.772727272727273,1.272727272727273,0.7727272727272729
PRIME,EMA50,UNAMBIGUOUS,ROOM,KEPT,121,100,21,0,82.64462809917356,290,2.396694214876033,1.896694214876033,1.396694214876033,0.8966942148760331
PRIME,EMA50,UNAMBIGUOUS,ROOM,DROPPED,11,8,3,0,72.72727272727273,10,0.9090909090909091,0.40909090909090906,-0.09090909090909094,-0.5909090909090909
PRIME,EMA50,UNAMBIGUOUS,ROOM,MISSING,0,0,0,0,,0,,,,
PRIME,EMA50,UNAMBIGUOUS,DEPTH,ELIGIBLE,111,93,18,0,83.78378378378379,285,2.5675675675675675,2.0675675675675675,1.5675675675675675,1.0675675675675675
PRIME,EMA50,UNAMBIGUOUS,DEPTH,KEPT,8,6,2,0,75.0,10,1.25,0.75,0.25,-0.25
PRIME,EMA50,UNAMBIGUOUS,DEPTH,DROPPED,103,87,16,0,84.46601941747574,275,2.6699029126213594,2.1699029126213594,1.6699029126213594,1.1699029126213594
PRIME,EMA50,UNAMBIGUOUS,DEPTH,MISSING,21,15,6,0,71.42857142857143,15,0.7142857142857143,0.2142857142857143,-0.2857142857142857,-0.7857142857142857
PRIME,EMA50,UNAMBIGUOUS,SPEED,ELIGIBLE,111,93,18,0,83.78378378378379,285,2.5675675675675675,2.0675675675675675,1.5675675675675675,1.0675675675675675
PRIME,EMA50,UNAMBIGUOUS,SPEED,KEPT,40,35,5,0,87.5,125,3.125,2.625,2.125,1.625
PRIME,EMA50,UNAMBIGUOUS,SPEED,DROPPED,71,58,13,0,81.69014084507042,160,2.2535211267605635,1.7535211267605635,1.2535211267605635,0.7535211267605635
PRIME,EMA50,UNAMBIGUOUS,SPEED,MISSING,21,15,6,0,71.42857142857143,15,0.7142857142857143,0.2142857142857143,-0.2857142857142857,-0.7857142857142857
