bar,time,text_time,direction,early,won,prior24,current24,gap824,gap2450,penetration,recovery,close_beyond24,tail,body,finish,extreme_recovery,sequence_recovery
2695,63921509965,2026-08-04 06:59:25.176,1,True,True,32.286646,18.041939,2.701079,8.685491,2.173673,0.0,2.826327,4.0,1.0,0.0,5.0,5.0
2847,63921512249,2026-08-04 07:37:29.576,1,True,True,48.663497,24.773208,5.695507,4.200582,0.102047,1.0,4.897953,3.0,2.0,0.0,5.0,5.0
3665,63921531813,2026-08-04 13:03:33.364,1,True,True,43.323918,22.248312,4.927164,4.64585,1.573251,1.0,3.426749,3.0,2.0,0.0,5.0,5.0
4332,63921586316,2026-08-05 04:11:56.036,1,True,True,31.032221,21.927241,3.378501,7.291084,1.642143,1.0,3.357857,3.0,2.0,0.0,5.0,5.0
5195,63921598626,2026-08-05 07:37:06.092,-1,True,True,49.021009,21.236959,4.838002,4.574172,2.454338,-1.0,2.545662,5.0,-0.0,0.0,5.0,5.0
5222,63921598815,2026-08-05 07:40:15.892,-1,True,True,43.025846,26.802672,3.520357,5.249742,1.503147,-0.0,3.496853,4.0,1.0,0.0,5.0,5.0
5790,63921603807,2026-08-05 09:03:27.040,-1,True,False,54.395026,26.732421,5.837084,7.622095,0.907468,-0.0,4.092532,4.0,1.0,0.0,5.0,5.0
6956,63921656803,2026-08-05 23:46:43.496,-1,True,True,31.395829,20.968174,3.032867,4.596572,1.234192,1.0,3.765808,3.0,2.0,0.0,5.0,5.0
8096,63921687709,2026-08-06 08:21:49.116,-1,True,True,37.207372,28.18942,4.676951,11.496895,0.233954,1.0,4.766046,3.0,2.0,0.0,5.0,5.0
8915,63921704128,2026-08-06 12:55:28.396,1,True,True,36.124701,16.429065,4.050666,3.980442,2.472831,1.0,2.527169,3.0,2.0,0.0,5.0,5.0
10533,63921770555,2026-08-07 07:22:35.944,1,True,True,38.74042,26.987045,5.356104,12.309473,0.236613,0.0,4.763387,4.0,1.0,0.0,5.0,5.0
10800,63921772822,2026-08-07 08:00:22.120,1,True,False,35.198785,23.709927,4.542234,5.442598,0.337663,1.0,4.662337,3.0,2.0,0.0,5.0,5.0
10830,63921773303,2026-08-07 08:08:23.580,1,True,True,33.879472,18.801232,3.442245,3.559523,1.991663,1.0,3.008337,3.0,2.0,0.0,5.0,5.0
11078,63921778368,2026-08-07 09:32:48.232,-1,True,False,45.66504,22.089894,4.979528,9.894053,1.913239,1.0,3.086761,3.0,2.0,0.0,5.0,5.0
11995,63922026708,2026-08-10 06:31:48.184,1,True,True,46.509547,30.080216,5.822064,4.815076,0.08327,1.0,4.91673,3.0,2.0,0.0,5.0,5.0
12007,63922026835,2026-08-10 06:33:55.564,1,True,False,41.598975,21.062111,4.111959,6.065152,1.826247,1.0,3.173753,3.0,2.0,0.0,5.0,5.0
12430,63922034155,2026-08-10 08:35:55.852,-1,True,True,46.385713,25.318961,4.937777,4.163515,1.841896,-0.0,3.158104,4.0,1.0,0.0,5.0,5.0
12587,63922037857,2026-08-10 09:37:37.904,1,True,False,38.646726,22.613508,3.917435,3.576406,1.494506,1.0,3.505494,3.0,2.0,0.0,5.0,5.0
13028,63922090527,2026-08-11 00:15:27.864,-1,True,True,38.292106,16.229462,3.199398,6.934569,1.900845,1.0,3.099155,3.0,2.0,0.0,5.0,5.0
14389,63922195794,2026-08-12 05:29:54.112,1,True,True,50.701113,31.519757,7.010729,12.051878,0.388907,-1.0,4.611093,5.0,0.0,0.0,5.0,5.0
14404,63922195800,2026-08-12 05:30:00.540,1,True,True,48.364135,25.186557,5.183243,10.524828,1.233196,1.0,3.766804,3.0,2.0,0.0,5.0,5.0
15182,63922203558,2026-08-12 07:39:18.036,1,True,True,47.424651,29.539089,5.23682,3.614472,0.268896,-1.0,4.731104,5.0,0.0,0.0,5.0,5.0
15579,63922222741,2026-08-12 12:59:01.920,-1,True,False,53.757656,20.473842,5.42833,8.342213,2.282772,-0.0,2.717228,4.0,1.0,0.0,5.0,5.0
15773,63922266088,2026-08-13 01:01:28.580,1,True,False,37.515081,22.598035,2.977971,3.946091,1.524456,0.0,3.475544,4.0,1.0,0.0,5.0,5.0
15837,63922279889,2026-08-13 04:51:29.148,1,True,False,47.962641,28.78692,5.747252,7.825867,1.368495,-1.0,3.631505,5.0,0.0,0.0,5.0,5.0
15869,63922282201,2026-08-13 05:30:01.288,1,True,True,50.096628,26.791889,5.357806,4.430554,0.255206,1.0,4.744794,3.0,2.0,0.0,5.0,5.0
16585,63922307273,2026-08-13 12:27:53.456,1,True,True,49.841315,28.173579,5.54782,10.78818,0.876229,0.0,4.123771,4.0,1.0,0.0,5.0,5.0
16690,63922321631,2026-08-13 16:27:11.944,1,True,True,35.164236,23.673221,3.185407,3.402231,0.345727,1.0,4.654273,3.0,2.0,0.0,5.0,5.0
18435,63922685307,2026-08-17 21:28:27.032,-1,True,False,41.915664,26.545907,4.379078,6.894818,0.950475,-0.0,4.049525,4.0,1.0,0.0,5.0,5.0
19389,63922721198,2026-08-18 07:26:38.012,1,True,True,33.581248,22.002695,4.037518,4.033256,0.708109,1.0,4.291891,3.0,2.0,0.0,5.0,5.0
19889,63922738165,2026-08-18 12:09:25.072,-1,True,True,47.037841,22.91254,4.643423,3.579137,1.456321,-0.0,3.543679,4.0,1.0,0.0,5.0,5.0
21548,63922815592,2026-08-19 09:39:52.592,-1,True,True,51.653761,19.288664,5.384978,7.013566,1.917767,-0.0,3.082233,4.0,1.0,0.0,5.0,5.0
21969,63922827790,2026-08-19 13:03:10.024,1,True,False,46.733327,17.928544,4.485731,3.799956,2.476117,1.0,2.523883,3.0,2.0,0.0,5.0,5.0
22657,63922884213,2026-08-20 04:43:33.968,-1,True,True,38.649333,18.712933,2.649889,6.298177,2.954283,-0.0,2.045717,4.0,1.0,0.0,5.0,5.0
22973,63922890637,2026-08-20 06:30:37.824,1,True,True,38.83115,24.123428,4.384897,5.625534,1.496934,0.0,3.503066,4.0,1.0,0.0,5.0,5.0
23283,63922892760,2026-08-20 07:06:00.356,-1,True,True,50.85494,18.722139,4.305337,6.416912,1.701958,1.0,3.298042,3.0,2.0,0.0,5.0,5.0
23428,63922893920,2026-08-20 07:25:20.768,1,True,True,53.061214,20.273086,5.786666,8.182012,1.380381,1.0,3.619619,3.0,2.0,0.0,5.0,5.0
23801,63922897491,2026-08-20 08:24:51.316,-1,True,True,49.602646,15.709742,4.585806,5.617204,3.560826,-0.0,1.439174,4.0,1.0,0.0,5.0,5.0
23807,63922897582,2026-08-20 08:26:22.076,-1,True,False,30.009128,15.74398,3.197152,5.50183,2.942103,-0.0,2.057897,4.0,1.0,0.0,5.0,5.0
25658,63922991390,2026-08-21 10:29:50.980,-1,True,True,46.84951,26.221278,5.142981,4.045761,0.386478,1.0,4.613522,3.0,2.0,0.0,5.0,5.0
25700,63922994029,2026-08-21 11:13:49.524,-1,True,True,38.641171,22.958638,3.833432,5.450383,0.501831,1.0,4.498169,3.0,2.0,0.0,5.0,5.0
27100,63923238607,2026-08-24 07:10:07.644,-1,False,True,41.244149,21.700101,4.30672,5.408279,1.717297,-0.0,3.282703,4.0,1.0,0.0,5.0,5.0
27665,63923259300,2026-08-24 12:55:00.060,-1,False,True,46.129232,15.712387,3.684376,4.893121,3.866257,-0.0,1.133743,4.0,1.0,0.0,5.0,5.0
27816,63923277856,2026-08-24 18:04:16.772,1,False,True,47.138488,27.105,6.14638,6.299863,0.209218,0.0,4.790782,4.0,1.0,0.0,5.0,5.0
27850,63923280233,2026-08-24 18:43:53.164,1,False,True,30.180904,19.74335,2.006648,3.032742,2.741349,0.0,2.258651,4.0,1.0,0.0,5.0,5.0
28355,63923320333,2026-08-25 05:52:13.884,-1,False,True,61.006316,22.779454,6.529793,5.335236,1.458587,1.0,3.541413,3.0,2.0,0.0,5.0,5.0
29162,63923360585,2026-08-25 17:03:05.336,-1,False,True,56.847375,20.682788,6.162497,9.987227,1.600333,1.0,3.399667,3.0,2.0,0.0,5.0,5.0
29661,63923406931,2026-08-26 05:55:31.280,-1,False,True,47.109666,18.087289,4.338763,5.31411,2.137824,1.0,2.862176,3.0,2.0,0.0,5.0,5.0
31121,63923479885,2026-08-27 02:11:25.768,-1,False,True,56.551207,25.488818,6.773071,4.840376,0.859069,1.0,4.140931,3.0,2.0,0.0,5.0,5.0
31201,63923487725,2026-08-27 04:22:05.156,1,False,False,53.585548,31.853724,6.438085,3.830715,0.277331,0.0,4.722669,4.0,1.0,0.0,5.0,5.0
31799,63923498642,2026-08-27 07:24:02.464,1,False,True,43.789888,26.561158,4.333233,6.417658,1.252921,0.0,3.747079,4.0,1.0,0.0,5.0,5.0
32409,63923518784,2026-08-27 12:59:44.084,1,False,True,33.145192,21.652071,3.636685,8.097366,1.727543,0.0,3.272457,4.0,1.0,0.0,5.0,5.0
32919,63923582697,2026-08-28 06:44:57.920,1,False,False,49.630468,24.81325,5.463902,7.65037,0.093096,1.0,4.906904,3.0,2.0,0.0,5.0,5.0
33250,63923583874,2026-08-28 07:04:34.412,-1,False,False,45.324001,20.277418,4.679575,8.34938,2.935865,-0.0,2.064135,4.0,1.0,0.0,5.0,5.0
33730,63923588048,2026-08-28 08:14:08.948,-1,False,False,57.564285,22.339193,6.110799,5.390464,1.553694,1.0,3.446306,3.0,2.0,0.0,5.0,5.0
33857,63923589923,2026-08-28 08:45:23.036,-1,False,True,45.210468,27.57359,4.974094,11.233652,0.379166,1.0,4.620834,3.0,2.0,0.0,5.0,5.0
33913,63923590456,2026-08-28 08:54:16.528,-1,False,False,30.430357,19.993896,3.49218,11.209215,2.689163,-0.0,2.310837,4.0,1.0,0.0,5.0,5.0
34117,63923592296,2026-08-28 09:24:56.836,-1,False,True,55.55825,17.363645,5.120484,8.845861,2.284763,1.0,2.715237,3.0,2.0,0.0,5.0,5.0
34909,63923785427,2026-08-30 15:03:47.132,-1,False,True,43.560044,24.312236,5.601427,12.357896,1.149156,-0.0,3.850844,4.0,1.0,0.0,5.0,5.0
35079,63923792871,2026-08-30 17:07:51.356,-1,False,False,40.693251,22.646044,4.400128,8.1432,1.487471,1.0,3.512529,3.0,2.0,0.0,5.0,5.0
35695,63923836149,2026-08-31 05:09:09.412,-1,False,False,58.813161,17.091486,5.266201,9.50191,2.033766,1.0,2.966234,3.0,2.0,0.0,5.0,5.0
36028,63923842113,2026-08-31 06:48:33.396,1,False,False,48.946292,25.764041,5.521151,3.591041,1.435217,0.0,3.564783,4.0,1.0,0.0,5.0,5.0
37127,63923904623,2026-09-01 00:10:23.296,1,False,False,50.676374,15.837552,4.380326,4.131528,2.896881,1.0,2.103119,3.0,2.0,0.0,5.0,5.0
37228,63923908012,2026-09-01 01:06:52.004,-1,False,True,57.140363,25.00555,6.501182,11.498121,0.355986,1.0,4.644014,3.0,2.0,0.0,5.0,5.0
38061,63923930859,2026-09-01 07:27:39.468,1,False,True,39.182581,26.90682,4.899331,10.30447,0.534564,1.0,4.465436,3.0,2.0,0.0,5.0,5.0
38133,63923932845,2026-09-01 08:00:45.596,-1,False,True,41.771539,21.471919,4.783789,5.10241,0.821439,1.0,4.178561,3.0,2.0,0.0,5.0,5.0
39022,63923972214,2026-09-01 18:56:54.676,-1,False,True,53.744785,22.665902,5.941573,8.371885,1.50978,-0.0,3.49022,4.0,1.0,0.0,5.0,5.0
39743,63924014601,2026-09-02 06:43:21.336,1,False,True,37.771623,15.227082,3.632988,4.712712,2.738684,0.0,2.261316,4.0,1.0,0.0,5.0,5.0
39872,63924016317,2026-09-02 07:11:57.328,1,False,False,30.5168,21.416869,3.260834,9.241431,1.471665,0.0,3.528335,4.0,1.0,0.0,5.0,5.0
40010,63924019363,2026-09-02 08:02:43.468,-1,False,False,35.367654,20.802185,3.647627,3.448153,1.601787,-0.0,3.398213,4.0,1.0,0.0,5.0,5.0
40558,63924051623,2026-09-02 17:00:23.324,1,False,False,50.248383,22.678523,5.107477,5.912109,1.480444,1.0,3.519556,3.0,2.0,0.0,5.0,5.0
41126,63924092980,2026-09-03 04:29:40.420,1,False,True,44.358667,26.08302,5.52689,9.24212,1.362567,0.0,3.637433,4.0,1.0,0.0,5.0,5.0
41189,63924094888,2026-09-03 05:01:28.768,-1,False,False,47.572655,18.849887,4.278419,3.281531,1.369743,1.0,3.630257,3.0,2.0,0.0,5.0,5.0
42719,63924183001,2026-09-04 05:30:01.456,-1,False,True,44.95434,26.875512,5.11385,9.776606,1.486292,-0.0,3.513708,4.0,1.0,0.0,5.0,5.0
42798,63924183001,2026-09-04 05:30:01.856,-1,False,True,33.683253,20.786157,3.572287,4.384143,2.190475,1.0,2.809525,3.0,2.0,0.0,5.0,5.0
43213,63924186674,2026-09-04 06:31:14.084,1,False,True,39.608548,27.384866,4.378326,5.80232,0.755902,0.0,4.244098,4.0,1.0,0.0,5.0,5.0
43434,63924190374,2026-09-04 07:32:54.040,-1,False,True,33.454871,21.975474,2.693688,4.727972,1.019899,1.0,3.980101,3.0,2.0,0.0,5.0,5.0
44627,63924504015,2026-09-07 22:40:15.292,-1,False,True,59.322443,28.563855,6.995875,5.636171,0.783363,-0.0,4.216637,4.0,1.0,0.0,5.0,5.0
45257,63924530662,2026-09-08 06:04:22.156,1,False,True,44.821183,23.235602,5.324883,9.852395,1.359398,1.0,3.640602,3.0,2.0,0.0,5.0,5.0
45329,63924532447,2026-09-08 06:34:07.740,-1,False,True,43.743622,20.371896,4.375171,3.708227,1.053724,1.0,3.946276,3.0,2.0,0.0,5.0,5.0
46611,63924603232,2026-09-09 02:13:52.692,-1,False,True,37.74088,22.502651,3.24007,3.894442,1.851016,-0.0,3.148984,4.0,1.0,0.0,5.0,5.0
47503,63924624313,2026-09-09 08:05:13.344,-1,False,True,43.778837,21.186946,5.113143,8.67427,1.799815,1.0,3.200185,3.0,2.0,0.0,5.0,5.0
47886,63924634814,2026-09-09 11:00:14.080,1,False,False,44.604713,20.016937,4.214759,3.374941,2.045836,1.0,2.954164,3.0,2.0,0.0,5.0,5.0
48906,63924704925,2026-09-10 06:28:45.292,-1,False,False,41.93779,25.893163,4.389186,5.564793,0.487984,-0.0,4.512016,4.0,1.0,0.0,5.0,5.0
49060,63924705664,2026-09-10 06:41:04.512,1,False,True,35.266844,22.594615,3.911001,4.235745,1.49859,1.0,3.50141,3.0,2.0,0.0,5.0,5.0
50440,63924744875,2026-09-10 17:34:35.000,1,False,True,47.106457,28.046437,5.407853,6.571058,0.906336,0.0,4.093664,4.0,1.0,0.0,5.0,5.0
50786,63924772276,2026-09-11 01:11:16.440,-1,False,True,37.269829,22.212482,3.41311,3.076987,2.219474,-0.0,2.780526,4.0,1.0,0.0,5.0,5.0
51984,63924792559,2026-09-11 06:49:19.088,-1,False,True,38.196754,15.803394,3.353389,3.354078,3.542199,-0.0,1.457801,4.0,1.0,0.0,5.0,5.0
52349,63924796120,2026-09-11 07:48:40.776,-1,False,False,46.682941,18.366521,4.386954,7.680497,2.080803,1.0,2.919197,3.0,2.0,0.0,5.0,5.0
52430,63924796800,2026-09-11 08:00:00.780,-1,False,True,31.73843,17.567711,2.963658,4.605788,1.937489,1.0,3.062511,3.0,2.0,0.0,5.0,5.0
52881,63924814794,2026-09-11 12:59:54.168,-1,False,True,52.649545,23.872247,5.511436,7.532049,2.164295,-0.0,2.835705,4.0,1.0,0.0,5.0,5.0
