CandidateIndex,Tier
0,ONE_BAR_NO_TAIL
1,ONE_BAR_NO_TAIL
2,TWO_BAR_TAIL_2_3
3,ONE_BAR_NO_TAIL
4,ONE_BAR_NO_TAIL
5,ONE_BAR_STRICT_OTHER
6,ONE_BAR_STRICT_OTHER
7,THREE_BAR_CORE
8,ONE_BAR_TAIL_2_3
9,ONE_BAR_TAIL_2_3
10,ONE_BAR_TAIL_2_3
11,THREE_BAR_CORE
12,TWO_BAR_TAIL_2_3
13,TWO_BAR_TAIL_2_3
14,TWO_BAR_TAIL_2_3
15,THREE_BAR_CORE
16,ONE_BAR_NO_TAIL
17,ONE_BAR_STRICT_OTHER
18,ONE_BAR_NO_TAIL
19,ONE_BAR_NO_TAIL
20,ONE_BAR_NO_TAIL
21,ONE_BAR_STRICT_OTHER
22,ONE_BAR_NO_TAIL
23,TWO_BAR_TAIL_2_3
24,THREE_BAR_CORE
25,ONE_BAR_NO_TAIL
26,ONE_BAR_NO_TAIL
27,THREE_BAR_CORE
28,ONE_BAR_STRICT_OTHER
29,ONE_BAR_TAIL_2_3
30,THREE_BAR_CORE
31,TWO_BAR_TAIL_2_3
32,ONE_BAR_TAIL_2_3
33,ONE_BAR_STRICT_OTHER
34,THREE_BAR_CORE
35,ONE_BAR_TAIL_2_3
36,ONE_BAR_NO_TAIL
37,ONE_BAR_NO_TAIL
38,ONE_BAR_TAIL_2_3
39,ONE_BAR_TAIL_2_3
40,ONE_BAR_NO_TAIL
41,THREE_BAR_CORE
42,ONE_BAR_NO_TAIL
43,ONE_BAR_TAIL_2_3
44,ONE_BAR_NO_TAIL
45,ONE_BAR_NO_TAIL
46,THREE_BAR_CORE
47,ONE_BAR_TAIL_2_3
48,THREE_BAR_CORE
49,ONE_BAR_NO_TAIL
50,ONE_BAR_TAIL_2_3
51,ONE_BAR_NO_TAIL
52,ONE_BAR_TAIL_2_3
53,THREE_BAR_CORE
54,THREE_BAR_CORE
55,ONE_BAR_NO_TAIL
56,ONE_BAR_TAIL_2_3
57,ONE_BAR_TAIL_2_3
58,ONE_BAR_NO_TAIL
59,ONE_BAR_TAIL_2_3
60,ONE_BAR_NO_TAIL
61,TWO_BAR_TAIL_2_3
62,ONE_BAR_TAIL_2_3
63,THREE_BAR_CORE
64,ONE_BAR_NO_TAIL
65,ONE_BAR_NO_TAIL
66,THREE_BAR_CORE
67,THREE_BAR_CORE
68,ONE_BAR_NO_TAIL
69,ONE_BAR_NO_TAIL
70,ONE_BAR_TAIL_2_3
71,ONE_BAR_NO_TAIL
72,THREE_BAR_CORE
73,ONE_BAR_NO_TAIL
74,ONE_BAR_TAIL_2_3
75,THREE_BAR_CORE
76,ONE_BAR_TAIL_2_3
77,ONE_BAR_TAIL_2_3
78,ONE_BAR_TAIL_2_3
79,THREE_BAR_CORE
80,ONE_BAR_TAIL_2_3
81,TWO_BAR_TAIL_2_3
82,ONE_BAR_TAIL_2_3
83,THREE_BAR_CORE
84,ONE_BAR_TAIL_2_3
85,THREE_BAR_CORE
86,THREE_BAR_CORE
87,ONE_BAR_NO_TAIL
88,ONE_BAR_TAIL_2_3
89,ONE_BAR_NO_TAIL
90,THREE_BAR_CORE
91,ONE_BAR_NO_TAIL
92,THREE_BAR_CORE
93,ONE_BAR_NO_TAIL
94,THREE_BAR_CORE
95,THREE_BAR_CORE
96,ONE_BAR_NO_TAIL
97,ONE_BAR_NO_TAIL
98,ONE_BAR_TAIL_2_3
99,ONE_BAR_TAIL_2_3
100,ONE_BAR_NO_TAIL
101,ONE_BAR_NO_TAIL
102,ONE_BAR_NO_TAIL
103,THREE_BAR_CORE
104,ONE_BAR_STRICT_OTHER
105,ONE_BAR_NO_TAIL
106,ONE_BAR_NO_TAIL
107,TWO_BAR_TAIL_2_3
108,ONE_BAR_TAIL_2_3
109,ONE_BAR_STRICT_OTHER
110,ONE_BAR_TAIL_2_3
111,ONE_BAR_NO_TAIL
112,THREE_BAR_CORE
113,ONE_BAR_NO_TAIL
114,ONE_BAR_NO_TAIL
115,ONE_BAR_NO_TAIL
116,THREE_BAR_CORE
117,ONE_BAR_TAIL_2_3
118,TWO_BAR_TAIL_2_3
119,ONE_BAR_TAIL_2_3
120,THREE_BAR_CORE
121,ONE_BAR_NO_TAIL
122,THREE_BAR_CORE
123,ONE_BAR_NO_TAIL
124,ONE_BAR_STRICT_OTHER
125,ONE_BAR_NO_TAIL
126,THREE_BAR_CORE
127,ONE_BAR_TAIL_2_3
128,THREE_BAR_CORE
129,ONE_BAR_NO_TAIL
130,ONE_BAR_NO_TAIL
131,ONE_BAR_NO_TAIL
132,THREE_BAR_CORE
133,ONE_BAR_NO_TAIL
134,THREE_BAR_CORE
135,TWO_BAR_TAIL_2_3
136,ONE_BAR_NO_TAIL
137,ONE_BAR_NO_TAIL
138,TWO_BAR_TAIL_2_3
139,ONE_BAR_TAIL_2_3
140,TWO_BAR_TAIL_2_3
141,ONE_BAR_STRICT_OTHER
142,ONE_BAR_NO_TAIL
143,THREE_BAR_CORE
144,TWO_BAR_TAIL_2_3
145,ONE_BAR_NO_TAIL
146,ONE_BAR_STRICT_OTHER
147,ONE_BAR_TAIL_2_3
148,THREE_BAR_CORE
149,THREE_BAR_CORE
150,ONE_BAR_NO_TAIL
151,ONE_BAR_STRICT_OTHER
152,ONE_BAR_NO_TAIL
153,ONE_BAR_NO_TAIL
154,THREE_BAR_CORE
155,TWO_BAR_TAIL_2_3
156,THREE_BAR_CORE
157,ONE_BAR_STRICT_OTHER
158,TWO_BAR_TAIL_2_3
159,TWO_BAR_TAIL_2_3
160,TWO_BAR_TAIL_2_3
161,ONE_BAR_NO_TAIL
162,ONE_BAR_TAIL_2_3
163,THREE_BAR_CORE
164,THREE_BAR_CORE
165,ONE_BAR_TAIL_2_3
166,ONE_BAR_TAIL_2_3
167,THREE_BAR_CORE
168,ONE_BAR_TAIL_2_3
169,ONE_BAR_TAIL_2_3
170,ONE_BAR_TAIL_2_3
171,ONE_BAR_NO_TAIL
172,THREE_BAR_CORE
173,TWO_BAR_TAIL_2_3
174,ONE_BAR_TAIL_2_3
175,ONE_BAR_TAIL_2_3
176,THREE_BAR_CORE
177,ONE_BAR_TAIL_2_3
178,ONE_BAR_NO_TAIL
179,ONE_BAR_NO_TAIL
180,ONE_BAR_NO_TAIL
181,ONE_BAR_NO_TAIL
182,ONE_BAR_STRICT_OTHER
183,ONE_BAR_NO_TAIL
184,ONE_BAR_NO_TAIL
185,ONE_BAR_STRICT_OTHER
186,THREE_BAR_CORE
187,ONE_BAR_NO_TAIL
188,ONE_BAR_NO_TAIL
189,ONE_BAR_NO_TAIL
190,ONE_BAR_NO_TAIL
191,TWO_BAR_TAIL_2_3
192,ONE_BAR_TAIL_2_3
193,ONE_BAR_NO_TAIL
194,ONE_BAR_STRICT_OTHER
195,ONE_BAR_TAIL_2_3
196,THREE_BAR_CORE
197,THREE_BAR_CORE
198,THREE_BAR_CORE
199,THREE_BAR_CORE
200,ONE_BAR_TAIL_2_3
201,ONE_BAR_NO_TAIL
202,ONE_BAR_STRICT_OTHER
203,ONE_BAR_STRICT_OTHER
204,TWO_BAR_TAIL_2_3
205,THREE_BAR_CORE
206,THREE_BAR_CORE
207,ONE_BAR_NO_TAIL
208,ONE_BAR_NO_TAIL
209,TWO_BAR_TAIL_2_3
210,ONE_BAR_TAIL_2_3
211,THREE_BAR_CORE
212,ONE_BAR_NO_TAIL
213,THREE_BAR_CORE
214,ONE_BAR_NO_TAIL
215,ONE_BAR_TAIL_2_3
216,THREE_BAR_CORE
217,ONE_BAR_NO_TAIL
218,ONE_BAR_TAIL_2_3
219,THREE_BAR_CORE
220,TWO_BAR_TAIL_2_3
221,TWO_BAR_TAIL_2_3
222,ONE_BAR_NO_TAIL
223,THREE_BAR_CORE
224,THREE_BAR_CORE
225,THREE_BAR_CORE
226,ONE_BAR_TAIL_2_3
227,ONE_BAR_STRICT_OTHER
228,THREE_BAR_CORE
229,THREE_BAR_CORE
230,ONE_BAR_NO_TAIL
231,TWO_BAR_TAIL_2_3
232,TWO_BAR_TAIL_2_3
233,THREE_BAR_CORE
234,THREE_BAR_CORE
235,ONE_BAR_NO_TAIL
236,ONE_BAR_TAIL_2_3
237,ONE_BAR_TAIL_2_3
238,ONE_BAR_NO_TAIL
239,TWO_BAR_TAIL_2_3
240,ONE_BAR_NO_TAIL
241,ONE_BAR_TAIL_2_3
242,TWO_BAR_TAIL_2_3
243,ONE_BAR_NO_TAIL
244,ONE_BAR_STRICT_OTHER
245,ONE_BAR_STRICT_OTHER
246,THREE_BAR_CORE
247,ONE_BAR_NO_TAIL
248,TWO_BAR_TAIL_2_3
249,THREE_BAR_CORE
250,THREE_BAR_CORE
251,ONE_BAR_NO_TAIL
252,THREE_BAR_CORE
253,TWO_BAR_TAIL_2_3
254,ONE_BAR_NO_TAIL
255,ONE_BAR_TAIL_2_3
256,ONE_BAR_TAIL_2_3
257,THREE_BAR_CORE
258,THREE_BAR_CORE
259,ONE_BAR_NO_TAIL
260,ONE_BAR_NO_TAIL
261,ONE_BAR_TAIL_2_3
262,ONE_BAR_NO_TAIL
263,ONE_BAR_NO_TAIL
264,ONE_BAR_NO_TAIL
265,ONE_BAR_TAIL_2_3
266,ONE_BAR_NO_TAIL
267,ONE_BAR_STRICT_OTHER
268,ONE_BAR_TAIL_2_3
269,ONE_BAR_NO_TAIL
270,ONE_BAR_STRICT_OTHER
271,ONE_BAR_STRICT_OTHER
272,ONE_BAR_NO_TAIL
273,ONE_BAR_NO_TAIL
274,THREE_BAR_CORE
275,ONE_BAR_NO_TAIL
276,THREE_BAR_CORE
277,ONE_BAR_TAIL_2_3
278,ONE_BAR_TAIL_2_3
279,THREE_BAR_CORE
280,ONE_BAR_NO_TAIL
281,ONE_BAR_TAIL_2_3
282,TWO_BAR_TAIL_2_3
283,TWO_BAR_TAIL_2_3
284,THREE_BAR_CORE
285,ONE_BAR_NO_TAIL
286,ONE_BAR_NO_TAIL
287,ONE_BAR_NO_TAIL
288,ONE_BAR_STRICT_OTHER
289,ONE_BAR_NO_TAIL
290,TWO_BAR_TAIL_2_3
291,THREE_BAR_CORE
292,ONE_BAR_NO_TAIL
293,ONE_BAR_NO_TAIL
294,TWO_BAR_TAIL_2_3
295,THREE_BAR_CORE
296,ONE_BAR_TAIL_2_3
297,ONE_BAR_TAIL_2_3
298,TWO_BAR_TAIL_2_3
299,ONE_BAR_NO_TAIL
300,ONE_BAR_NO_TAIL
301,ONE_BAR_NO_TAIL
302,ONE_BAR_NO_TAIL
303,THREE_BAR_CORE
304,TWO_BAR_TAIL_2_3
305,TWO_BAR_TAIL_2_3
306,ONE_BAR_NO_TAIL
307,ONE_BAR_NO_TAIL
308,TWO_BAR_TAIL_2_3
309,ONE_BAR_TAIL_2_3
310,ONE_BAR_NO_TAIL
311,ONE_BAR_NO_TAIL
312,ONE_BAR_TAIL_2_3
313,ONE_BAR_TAIL_2_3
314,ONE_BAR_NO_TAIL
315,ONE_BAR_TAIL_2_3
316,ONE_BAR_NO_TAIL
317,THREE_BAR_CORE
318,THREE_BAR_CORE
319,ONE_BAR_TAIL_2_3
320,THREE_BAR_CORE
321,ONE_BAR_NO_TAIL
322,THREE_BAR_CORE
323,TWO_BAR_TAIL_2_3
324,ONE_BAR_TAIL_2_3
325,ONE_BAR_TAIL_2_3
326,THREE_BAR_CORE
327,ONE_BAR_NO_TAIL
328,ONE_BAR_TAIL_2_3
329,ONE_BAR_NO_TAIL
330,ONE_BAR_NO_TAIL
331,ONE_BAR_TAIL_2_3
332,THREE_BAR_CORE
333,THREE_BAR_CORE
334,ONE_BAR_NO_TAIL
335,ONE_BAR_NO_TAIL
336,ONE_BAR_TAIL_2_3
337,THREE_BAR_CORE
338,ONE_BAR_TAIL_2_3
339,ONE_BAR_TAIL_2_3
340,ONE_BAR_NO_TAIL
341,ONE_BAR_NO_TAIL
342,THREE_BAR_CORE
343,TWO_BAR_TAIL_2_3
344,ONE_BAR_STRICT_OTHER
345,ONE_BAR_STRICT_OTHER
346,ONE_BAR_NO_TAIL
347,ONE_BAR_TAIL_2_3
348,ONE_BAR_STRICT_OTHER
349,THREE_BAR_CORE
350,TWO_BAR_TAIL_2_3
351,THREE_BAR_CORE
352,ONE_BAR_NO_TAIL
353,ONE_BAR_TAIL_2_3
354,THREE_BAR_CORE
355,ONE_BAR_NO_TAIL
356,THREE_BAR_CORE
357,ONE_BAR_NO_TAIL
358,ONE_BAR_STRICT_OTHER
359,ONE_BAR_NO_TAIL
360,THREE_BAR_CORE
361,THREE_BAR_CORE
362,ONE_BAR_TAIL_2_3
363,ONE_BAR_NO_TAIL
364,ONE_BAR_NO_TAIL
365,ONE_BAR_NO_TAIL
366,ONE_BAR_NO_TAIL
367,ONE_BAR_NO_TAIL
368,THREE_BAR_CORE
369,ONE_BAR_NO_TAIL
370,ONE_BAR_STRICT_OTHER
371,THREE_BAR_CORE
