Prior8Min,Prior24Min,Gap824Min,PenMin,PenMax,Current8Min,DevN,DevTarget,DevRate,HoldN,HoldTarget,HoldRate
20,10,1.5,0,4.5,-999,376,268,71.28,435,308,70.8
20,10,1.5,0,4.5,0,356,253,71.07,414,291,70.29
20,10,1.5,0,4.5,15,303,216,71.29,339,238,70.21
20,10,1.5,0.5,4.5,-999,358,256,71.51,423,299,70.69
20,10,1.5,0.5,4.5,0,338,241,71.3,402,282,70.15
20,10,1.5,0.5,4.5,15,285,204,71.58,327,229,70.03
20,10,1.5,1,4.5,-999,335,240,71.64,393,281,71.5
20,10,1.5,1,4.5,0,315,225,71.43,372,264,70.97
20,10,1.5,1,4.5,15,262,188,71.76,297,211,71.04
20,10,1.5,1,2.5,-999,145,109,75.17,145,102,70.34
20,10,1.5,1,2.5,0,145,109,75.17,145,102,70.34
20,10,1.5,1,2.5,15,145,109,75.17,145,102,70.34
20,10,3,0,4.5,-999,321,230,71.65,366,257,70.22
20,10,3,0,4.5,0,309,220,71.2,350,243,69.43
20,10,3,0,4.5,15,273,195,71.43,300,208,69.33
20,10,3,0.5,4.5,-999,303,218,71.95,354,248,70.06
20,10,3,0.5,4.5,0,291,208,71.48,338,234,69.23
20,10,3,0.5,4.5,15,255,183,71.76,288,199,69.1
20,10,3,1,4.5,-999,280,202,72.14,327,232,70.95
20,10,3,1,4.5,0,268,192,71.64,311,218,70.1
20,10,3,1,4.5,15,232,167,71.98,261,183,70.11
20,10,3,1,2.5,-999,130,99,76.15,136,93,68.38
20,10,3,1,2.5,0,130,99,76.15,136,93,68.38
20,10,3,1,2.5,15,130,99,76.15,136,93,68.38
20,10,4,0,4.5,-999,270,192,71.11,301,213,70.76
20,10,4,0,4.5,0,264,186,70.45,294,207,70.41
20,10,4,0,4.5,15,240,169,70.42,263,185,70.34
20,10,4,0.5,4.5,-999,252,180,71.43,290,205,70.69
20,10,4,0.5,4.5,0,246,174,70.73,283,199,70.32
20,10,4,0.5,4.5,15,222,157,70.72,252,177,70.24
20,10,4,1,4.5,-999,229,164,71.62,264,189,71.59
20,10,4,1,4.5,0,223,158,70.85,257,183,71.21
20,10,4,1,4.5,15,199,141,70.85,226,161,71.24
20,10,4,1,2.5,-999,115,88,76.52,123,86,69.92
20,10,4,1,2.5,0,115,88,76.52,123,86,69.92
20,10,4,1,2.5,15,115,88,76.52,123,86,69.92
20,10,5,0,4.5,-999,216,156,72.22,255,181,70.98
20,10,5,0,4.5,0,214,154,71.96,251,178,70.92
20,10,5,0,4.5,15,196,143,72.96,230,162,70.43
20,10,5,0.5,4.5,-999,199,144,72.36,244,173,70.9
20,10,5,0.5,4.5,0,197,142,72.08,240,170,70.83
20,10,5,0.5,4.5,15,179,131,73.18,219,154,70.32
20,10,5,1,4.5,-999,176,128,72.73,220,159,72.27
20,10,5,1,4.5,0,174,126,72.41,216,156,72.22
20,10,5,1,4.5,15,156,115,73.72,195,140,71.79
20,10,5,1,2.5,-999,89,71,79.78,108,79,73.15
20,10,5,1,2.5,0,89,71,79.78,108,79,73.15
20,10,5,1,2.5,15,89,71,79.78,108,79,73.15
20,20,1.5,0,4.5,-999,372,265,71.24,430,305,70.93
20,20,1.5,0,4.5,0,353,250,70.82,411,290,70.56
20,20,1.5,0,4.5,15,302,215,71.19,337,237,70.33
20,20,1.5,0.5,4.5,-999,354,253,71.47,418,296,70.81
20,20,1.5,0.5,4.5,0,335,238,71.04,399,281,70.43
20,20,1.5,0.5,4.5,15,284,203,71.48,325,228,70.15
20,20,1.5,1,4.5,-999,331,237,71.6,388,278,71.65
20,20,1.5,1,4.5,0,312,222,71.15,369,263,71.27
20,20,1.5,1,4.5,15,261,187,71.65,295,210,71.19
20,20,1.5,1,2.5,-999,144,108,75.0,145,102,70.34
20,20,1.5,1,2.5,0,144,108,75.0,145,102,70.34
20,20,1.5,1,2.5,15,144,108,75.0,145,102,70.34
20,20,3,0,4.5,-999,321,230,71.65,366,257,70.22
20,20,3,0,4.5,0,309,220,71.2,350,243,69.43
20,20,3,0,4.5,15,273,195,71.43,300,208,69.33
20,20,3,0.5,4.5,-999,303,218,71.95,354,248,70.06
20,20,3,0.5,4.5,0,291,208,71.48,338,234,69.23
20,20,3,0.5,4.5,15,255,183,71.76,288,199,69.1
20,20,3,1,4.5,-999,280,202,72.14,327,232,70.95
20,20,3,1,4.5,0,268,192,71.64,311,218,70.1
20,20,3,1,4.5,15,232,167,71.98,261,183,70.11
20,20,3,1,2.5,-999,130,99,76.15,136,93,68.38
20,20,3,1,2.5,0,130,99,76.15,136,93,68.38
20,20,3,1,2.5,15,130,99,76.15,136,93,68.38
20,20,4,0,4.5,-999,270,192,71.11,301,213,70.76
20,20,4,0,4.5,0,264,186,70.45,294,207,70.41
20,20,4,0,4.5,15,240,169,70.42,263,185,70.34
20,20,4,0.5,4.5,-999,252,180,71.43,290,205,70.69
20,20,4,0.5,4.5,0,246,174,70.73,283,199,70.32
20,20,4,0.5,4.5,15,222,157,70.72,252,177,70.24
20,20,4,1,4.5,-999,229,164,71.62,264,189,71.59
20,20,4,1,4.5,0,223,158,70.85,257,183,71.21
20,20,4,1,4.5,15,199,141,70.85,226,161,71.24
20,20,4,1,2.5,-999,115,88,76.52,123,86,69.92
20,20,4,1,2.5,0,115,88,76.52,123,86,69.92
20,20,4,1,2.5,15,115,88,76.52,123,86,69.92
20,20,5,0,4.5,-999,216,156,72.22,255,181,70.98
20,20,5,0,4.5,0,214,154,71.96,251,178,70.92
20,20,5,0,4.5,15,196,143,72.96,230,162,70.43
20,20,5,0.5,4.5,-999,199,144,72.36,244,173,70.9
20,20,5,0.5,4.5,0,197,142,72.08,240,170,70.83
20,20,5,0.5,4.5,15,179,131,73.18,219,154,70.32
20,20,5,1,4.5,-999,176,128,72.73,220,159,72.27
20,20,5,1,4.5,0,174,126,72.41,216,156,72.22
20,20,5,1,4.5,15,156,115,73.72,195,140,71.79
20,20,5,1,2.5,-999,89,71,79.78,108,79,73.15
20,20,5,1,2.5,0,89,71,79.78,108,79,73.15
20,20,5,1,2.5,15,89,71,79.78,108,79,73.15
20,30,1.5,0,4.5,-999,333,239,71.77,387,274,70.8
20,30,1.5,0,4.5,0,321,228,71.03,369,260,70.46
20,30,1.5,0,4.5,15,282,201,71.28,314,221,70.38
20,30,1.5,0.5,4.5,-999,315,227,72.06,375,265,70.67
20,30,1.5,0.5,4.5,0,303,216,71.29,357,251,70.31
20,30,1.5,0.5,4.5,15,264,189,71.59,302,212,70.2
20,30,1.5,1,4.5,-999,292,211,72.26,346,247,71.39
20,30,1.5,1,4.5,0,280,200,71.43,328,233,71.04
20,30,1.5,1,4.5,15,241,173,71.78,273,194,71.06
20,30,1.5,1,2.5,-999,132,100,75.76,138,96,69.57
20,30,1.5,1,2.5,0,132,100,75.76,138,96,69.57
20,30,1.5,1,2.5,15,132,100,75.76,138,96,69.57
20,30,3,0,4.5,-999,316,228,72.15,361,253,70.08
20,30,3,0,4.5,0,305,218,71.48,345,239,69.28
20,30,3,0,4.5,15,271,194,71.59,297,206,69.36
20,30,3,0.5,4.5,-999,298,216,72.48,349,244,69.91
20,30,3,0.5,4.5,0,287,206,71.78,333,230,69.07
20,30,3,0.5,4.5,15,253,182,71.94,285,197,69.12
20,30,3,1,4.5,-999,275,200,72.73,322,228,70.81
20,30,3,1,4.5,0,264,190,71.97,306,214,69.93
20,30,3,1,4.5,15,230,166,72.17,258,181,70.16
20,30,3,1,2.5,-999,130,99,76.15,134,92,68.66
20,30,3,1,2.5,0,130,99,76.15,134,92,68.66
20,30,3,1,2.5,15,130,99,76.15,134,92,68.66
20,30,4,0,4.5,-999,270,192,71.11,301,213,70.76
20,30,4,0,4.5,0,264,186,70.45,294,207,70.41
20,30,4,0,4.5,15,240,169,70.42,263,185,70.34
20,30,4,0.5,4.5,-999,252,180,71.43,290,205,70.69
20,30,4,0.5,4.5,0,246,174,70.73,283,199,70.32
20,30,4,0.5,4.5,15,222,157,70.72,252,177,70.24
20,30,4,1,4.5,-999,229,164,71.62,264,189,71.59
20,30,4,1,4.5,0,223,158,70.85,257,183,71.21
20,30,4,1,4.5,15,199,141,70.85,226,161,71.24
20,30,4,1,2.5,-999,115,88,76.52,123,86,69.92
20,30,4,1,2.5,0,115,88,76.52,123,86,69.92
20,30,4,1,2.5,15,115,88,76.52,123,86,69.92
20,30,5,0,4.5,-999,216,156,72.22,255,181,70.98
20,30,5,0,4.5,0,214,154,71.96,251,178,70.92
20,30,5,0,4.5,15,196,143,72.96,230,162,70.43
20,30,5,0.5,4.5,-999,199,144,72.36,244,173,70.9
20,30,5,0.5,4.5,0,197,142,72.08,240,170,70.83
20,30,5,0.5,4.5,15,179,131,73.18,219,154,70.32
20,30,5,1,4.5,-999,176,128,72.73,220,159,72.27
20,30,5,1,4.5,0,174,126,72.41,216,156,72.22
20,30,5,1,4.5,15,156,115,73.72,195,140,71.79
20,30,5,1,2.5,-999,89,71,79.78,108,79,73.15
20,30,5,1,2.5,0,89,71,79.78,108,79,73.15
20,30,5,1,2.5,15,89,71,79.78,108,79,73.15
20,39,1.5,0,4.5,-999,254,183,72.05,291,209,71.82
20,39,1.5,0,4.5,0,250,179,71.6,282,201,71.28
20,39,1.5,0,4.5,15,227,163,71.81,256,181,70.7
20,39,1.5,0.5,4.5,-999,236,171,72.46,280,201,71.79
20,39,1.5,0.5,4.5,0,232,167,71.98,271,193,71.22
20,39,1.5,0.5,4.5,15,209,151,72.25,245,173,70.61
20,39,1.5,1,4.5,-999,214,155,72.43,255,186,72.94
20,39,1.5,1,4.5,0,210,151,71.9,246,178,72.36
20,39,1.5,1,4.5,15,187,135,72.19,220,158,71.82
20,39,1.5,1,2.5,-999,109,86,78.9,118,85,72.03
20,39,1.5,1,2.5,0,109,86,78.9,118,85,72.03
20,39,1.5,1,2.5,15,109,86,78.9,118,85,72.03
20,39,3,0,4.5,-999,254,183,72.05,291,209,71.82
20,39,3,0,4.5,0,250,179,71.6,282,201,71.28
20,39,3,0,4.5,15,227,163,71.81,256,181,70.7
20,39,3,0.5,4.5,-999,236,171,72.46,280,201,71.79
20,39,3,0.5,4.5,0,232,167,71.98,271,193,71.22
20,39,3,0.5,4.5,15,209,151,72.25,245,173,70.61
20,39,3,1,4.5,-999,214,155,72.43,255,186,72.94
20,39,3,1,4.5,0,210,151,71.9,246,178,72.36
20,39,3,1,4.5,15,187,135,72.19,220,158,71.82
20,39,3,1,2.5,-999,109,86,78.9,118,85,72.03
20,39,3,1,2.5,0,109,86,78.9,118,85,72.03
20,39,3,1,2.5,15,109,86,78.9,118,85,72.03
20,39,4,0,4.5,-999,244,174,71.31,279,203,72.76
20,39,4,0,4.5,0,241,171,70.95,274,198,72.26
20,39,4,0,4.5,15,219,156,71.23,250,179,71.6
20,39,4,0.5,4.5,-999,226,162,71.68,268,195,72.76
20,39,4,0.5,4.5,0,223,159,71.3,263,190,72.24
20,39,4,0.5,4.5,15,201,144,71.64,239,171,71.55
20,39,4,1,4.5,-999,204,146,71.57,243,180,74.07
20,39,4,1,4.5,0,201,143,71.14,238,175,73.53
20,39,4,1,4.5,15,179,128,71.51,214,156,72.9
20,39,4,1,2.5,-999,105,83,79.05,114,84,73.68
20,39,4,1,2.5,0,105,83,79.05,114,84,73.68
20,39,4,1,2.5,15,105,83,79.05,114,84,73.68
20,39,5,0,4.5,-999,213,155,72.77,251,180,71.71
20,39,5,0,4.5,0,211,153,72.51,248,177,71.37
20,39,5,0,4.5,15,193,142,73.58,227,161,70.93
20,39,5,0.5,4.5,-999,196,143,72.96,240,172,71.67
20,39,5,0.5,4.5,0,194,141,72.68,237,169,71.31
20,39,5,0.5,4.5,15,176,130,73.86,216,153,70.83
20,39,5,1,4.5,-999,174,127,72.99,216,158,73.15
20,39,5,1,4.5,0,172,125,72.67,213,155,72.77
20,39,5,1,4.5,15,154,114,74.03,192,139,72.4
20,39,5,1,2.5,-999,88,71,80.68,106,79,74.53
20,39,5,1,2.5,0,88,71,80.68,106,79,74.53
20,39,5,1,2.5,15,88,71,80.68,106,79,74.53
30,10,1.5,0,4.5,-999,367,264,71.93,428,303,70.79
30,10,1.5,0,4.5,0,350,249,71.14,410,289,70.49
30,10,1.5,0,4.5,15,302,215,71.19,339,238,70.21
30,10,1.5,0.5,4.5,-999,349,252,72.21,416,294,70.67
30,10,1.5,0.5,4.5,0,332,237,71.39,398,280,70.35
30,10,1.5,0.5,4.5,15,284,203,71.48,327,229,70.03
30,10,1.5,1,4.5,-999,326,236,72.39,386,276,71.5
30,10,1.5,1,4.5,0,309,221,71.52,368,262,71.2
30,10,1.5,1,4.5,15,261,187,71.65,297,211,71.04
30,10,1.5,1,2.5,-999,145,109,75.17,145,102,70.34
30,10,1.5,1,2.5,0,145,109,75.17,145,102,70.34
30,10,1.5,1,2.5,15,145,109,75.17,145,102,70.34
30,10,3,0,4.5,-999,319,230,72.1,363,254,69.97
30,10,3,0,4.5,0,308,220,71.43,348,241,69.25
30,10,3,0,4.5,15,273,195,71.43,300,208,69.33
30,10,3,0.5,4.5,-999,301,218,72.43,351,245,69.8
30,10,3,0.5,4.5,0,290,208,71.72,336,232,69.05
30,10,3,0.5,4.5,15,255,183,71.76,288,199,69.1
30,10,3,1,4.5,-999,278,202,72.66,324,229,70.68
30,10,3,1,4.5,0,267,192,71.91,309,216,69.9
30,10,3,1,4.5,15,232,167,71.98,261,183,70.11
30,10,3,1,2.5,-999,130,99,76.15,136,93,68.38
30,10,3,1,2.5,0,130,99,76.15,136,93,68.38
30,10,3,1,2.5,15,130,99,76.15,136,93,68.38
30,10,4,0,4.5,-999,270,192,71.11,300,212,70.67
30,10,4,0,4.5,0,264,186,70.45,294,207,70.41
30,10,4,0,4.5,15,240,169,70.42,263,185,70.34
30,10,4,0.5,4.5,-999,252,180,71.43,289,204,70.59
30,10,4,0.5,4.5,0,246,174,70.73,283,199,70.32
30,10,4,0.5,4.5,15,222,157,70.72,252,177,70.24
30,10,4,1,4.5,-999,229,164,71.62,263,188,71.48
30,10,4,1,4.5,0,223,158,70.85,257,183,71.21
30,10,4,1,4.5,15,199,141,70.85,226,161,71.24
30,10,4,1,2.5,-999,115,88,76.52,123,86,69.92
30,10,4,1,2.5,0,115,88,76.52,123,86,69.92
30,10,4,1,2.5,15,115,88,76.52,123,86,69.92
30,10,5,0,4.5,-999,216,156,72.22,255,181,70.98
30,10,5,0,4.5,0,214,154,71.96,251,178,70.92
30,10,5,0,4.5,15,196,143,72.96,230,162,70.43
30,10,5,0.5,4.5,-999,199,144,72.36,244,173,70.9
30,10,5,0.5,4.5,0,197,142,72.08,240,170,70.83
30,10,5,0.5,4.5,15,179,131,73.18,219,154,70.32
30,10,5,1,4.5,-999,176,128,72.73,220,159,72.27
30,10,5,1,4.5,0,174,126,72.41,216,156,72.22
30,10,5,1,4.5,15,156,115,73.72,195,140,71.79
30,10,5,1,2.5,-999,89,71,79.78,108,79,73.15
30,10,5,1,2.5,0,89,71,79.78,108,79,73.15
30,10,5,1,2.5,15,89,71,79.78,108,79,73.15
30,20,1.5,0,4.5,-999,365,262,71.78,426,302,70.89
30,20,1.5,0,4.5,0,348,247,70.98,408,288,70.59
30,20,1.5,0,4.5,15,301,214,71.1,337,237,70.33
30,20,1.5,0.5,4.5,-999,347,250,72.05,414,293,70.77
30,20,1.5,0.5,4.5,0,330,235,71.21,396,279,70.45
30,20,1.5,0.5,4.5,15,283,202,71.38,325,228,70.15
30,20,1.5,1,4.5,-999,324,234,72.22,384,275,71.61
30,20,1.5,1,4.5,0,307,219,71.34,366,261,71.31
30,20,1.5,1,4.5,15,260,186,71.54,295,210,71.19
30,20,1.5,1,2.5,-999,144,108,75.0,145,102,70.34
30,20,1.5,1,2.5,0,144,108,75.0,145,102,70.34
30,20,1.5,1,2.5,15,144,108,75.0,145,102,70.34
30,20,3,0,4.5,-999,319,230,72.1,363,254,69.97
30,20,3,0,4.5,0,308,220,71.43,348,241,69.25
30,20,3,0,4.5,15,273,195,71.43,300,208,69.33
30,20,3,0.5,4.5,-999,301,218,72.43,351,245,69.8
30,20,3,0.5,4.5,0,290,208,71.72,336,232,69.05
30,20,3,0.5,4.5,15,255,183,71.76,288,199,69.1
30,20,3,1,4.5,-999,278,202,72.66,324,229,70.68
30,20,3,1,4.5,0,267,192,71.91,309,216,69.9
30,20,3,1,4.5,15,232,167,71.98,261,183,70.11
30,20,3,1,2.5,-999,130,99,76.15,136,93,68.38
30,20,3,1,2.5,0,130,99,76.15,136,93,68.38
30,20,3,1,2.5,15,130,99,76.15,136,93,68.38
30,20,4,0,4.5,-999,270,192,71.11,300,212,70.67
30,20,4,0,4.5,0,264,186,70.45,294,207,70.41
30,20,4,0,4.5,15,240,169,70.42,263,185,70.34
30,20,4,0.5,4.5,-999,252,180,71.43,289,204,70.59
30,20,4,0.5,4.5,0,246,174,70.73,283,199,70.32
30,20,4,0.5,4.5,15,222,157,70.72,252,177,70.24
30,20,4,1,4.5,-999,229,164,71.62,263,188,71.48
30,20,4,1,4.5,0,223,158,70.85,257,183,71.21
30,20,4,1,4.5,15,199,141,70.85,226,161,71.24
30,20,4,1,2.5,-999,115,88,76.52,123,86,69.92
30,20,4,1,2.5,0,115,88,76.52,123,86,69.92
30,20,4,1,2.5,15,115,88,76.52,123,86,69.92
30,20,5,0,4.5,-999,216,156,72.22,255,181,70.98
30,20,5,0,4.5,0,214,154,71.96,251,178,70.92
30,20,5,0,4.5,15,196,143,72.96,230,162,70.43
30,20,5,0.5,4.5,-999,199,144,72.36,244,173,70.9
30,20,5,0.5,4.5,0,197,142,72.08,240,170,70.83
30,20,5,0.5,4.5,15,179,131,73.18,219,154,70.32
30,20,5,1,4.5,-999,176,128,72.73,220,159,72.27
30,20,5,1,4.5,0,174,126,72.41,216,156,72.22
30,20,5,1,4.5,15,156,115,73.72,195,140,71.79
30,20,5,1,2.5,-999,89,71,79.78,108,79,73.15
30,20,5,1,2.5,0,89,71,79.78,108,79,73.15
30,20,5,1,2.5,15,89,71,79.78,108,79,73.15
30,30,1.5,0,4.5,-999,333,239,71.77,385,272,70.65
30,30,1.5,0,4.5,0,321,228,71.03,368,259,70.38
30,30,1.5,0,4.5,15,282,201,71.28,314,221,70.38
30,30,1.5,0.5,4.5,-999,315,227,72.06,373,263,70.51
30,30,1.5,0.5,4.5,0,303,216,71.29,356,250,70.22
30,30,1.5,0.5,4.5,15,264,189,71.59,302,212,70.2
30,30,1.5,1,4.5,-999,292,211,72.26,344,245,71.22
30,30,1.5,1,4.5,0,280,200,71.43,327,232,70.95
30,30,1.5,1,4.5,15,241,173,71.78,273,194,71.06
30,30,1.5,1,2.5,-999,132,100,75.76,138,96,69.57
30,30,1.5,1,2.5,0,132,100,75.76,138,96,69.57
30,30,1.5,1,2.5,15,132,100,75.76,138,96,69.57
30,30,3,0,4.5,-999,316,228,72.15,359,251,69.92
30,30,3,0,4.5,0,305,218,71.48,344,238,69.19
30,30,3,0,4.5,15,271,194,71.59,297,206,69.36
30,30,3,0.5,4.5,-999,298,216,72.48,347,242,69.74
30,30,3,0.5,4.5,0,287,206,71.78,332,229,68.98
30,30,3,0.5,4.5,15,253,182,71.94,285,197,69.12
30,30,3,1,4.5,-999,275,200,72.73,320,226,70.62
30,30,3,1,4.5,0,264,190,71.97,305,213,69.84
30,30,3,1,4.5,15,230,166,72.17,258,181,70.16
30,30,3,1,2.5,-999,130,99,76.15,134,92,68.66
30,30,3,1,2.5,0,130,99,76.15,134,92,68.66
30,30,3,1,2.5,15,130,99,76.15,134,92,68.66
30,30,4,0,4.5,-999,270,192,71.11,300,212,70.67
30,30,4,0,4.5,0,264,186,70.45,294,207,70.41
30,30,4,0,4.5,15,240,169,70.42,263,185,70.34
30,30,4,0.5,4.5,-999,252,180,71.43,289,204,70.59
30,30,4,0.5,4.5,0,246,174,70.73,283,199,70.32
30,30,4,0.5,4.5,15,222,157,70.72,252,177,70.24
30,30,4,1,4.5,-999,229,164,71.62,263,188,71.48
30,30,4,1,4.5,0,223,158,70.85,257,183,71.21
30,30,4,1,4.5,15,199,141,70.85,226,161,71.24
30,30,4,1,2.5,-999,115,88,76.52,123,86,69.92
30,30,4,1,2.5,0,115,88,76.52,123,86,69.92
30,30,4,1,2.5,15,115,88,76.52,123,86,69.92
30,30,5,0,4.5,-999,216,156,72.22,255,181,70.98
30,30,5,0,4.5,0,214,154,71.96,251,178,70.92
30,30,5,0,4.5,15,196,143,72.96,230,162,70.43
30,30,5,0.5,4.5,-999,199,144,72.36,244,173,70.9
30,30,5,0.5,4.5,0,197,142,72.08,240,170,70.83
30,30,5,0.5,4.5,15,179,131,73.18,219,154,70.32
30,30,5,1,4.5,-999,176,128,72.73,220,159,72.27
30,30,5,1,4.5,0,174,126,72.41,216,156,72.22
30,30,5,1,4.5,15,156,115,73.72,195,140,71.79
30,30,5,1,2.5,-999,89,71,79.78,108,79,73.15
30,30,5,1,2.5,0,89,71,79.78,108,79,73.15
30,30,5,1,2.5,15,89,71,79.78,108,79,73.15
30,39,1.5,0,4.5,-999,254,183,72.05,290,208,71.72
30,39,1.5,0,4.5,0,250,179,71.6,282,201,71.28
30,39,1.5,0,4.5,15,227,163,71.81,256,181,70.7
30,39,1.5,0.5,4.5,-999,236,171,72.46,279,200,71.68
30,39,1.5,0.5,4.5,0,232,167,71.98,271,193,71.22
30,39,1.5,0.5,4.5,15,209,151,72.25,245,173,70.61
30,39,1.5,1,4.5,-999,214,155,72.43,254,185,72.83
30,39,1.5,1,4.5,0,210,151,71.9,246,178,72.36
30,39,1.5,1,4.5,15,187,135,72.19,220,158,71.82
30,39,1.5,1,2.5,-999,109,86,78.9,118,85,72.03
30,39,1.5,1,2.5,0,109,86,78.9,118,85,72.03
30,39,1.5,1,2.5,15,109,86,78.9,118,85,72.03
30,39,3,0,4.5,-999,254,183,72.05,290,208,71.72
30,39,3,0,4.5,0,250,179,71.6,282,201,71.28
30,39,3,0,4.5,15,227,163,71.81,256,181,70.7
30,39,3,0.5,4.5,-999,236,171,72.46,279,200,71.68
30,39,3,0.5,4.5,0,232,167,71.98,271,193,71.22
30,39,3,0.5,4.5,15,209,151,72.25,245,173,70.61
30,39,3,1,4.5,-999,214,155,72.43,254,185,72.83
30,39,3,1,4.5,0,210,151,71.9,246,178,72.36
30,39,3,1,4.5,15,187,135,72.19,220,158,71.82
30,39,3,1,2.5,-999,109,86,78.9,118,85,72.03
30,39,3,1,2.5,0,109,86,78.9,118,85,72.03
30,39,3,1,2.5,15,109,86,78.9,118,85,72.03
30,39,4,0,4.5,-999,244,174,71.31,278,202,72.66
30,39,4,0,4.5,0,241,171,70.95,274,198,72.26
30,39,4,0,4.5,15,219,156,71.23,250,179,71.6
30,39,4,0.5,4.5,-999,226,162,71.68,267,194,72.66
30,39,4,0.5,4.5,0,223,159,71.3,263,190,72.24
30,39,4,0.5,4.5,15,201,144,71.64,239,171,71.55
30,39,4,1,4.5,-999,204,146,71.57,242,179,73.97
30,39,4,1,4.5,0,201,143,71.14,238,175,73.53
30,39,4,1,4.5,15,179,128,71.51,214,156,72.9
30,39,4,1,2.5,-999,105,83,79.05,114,84,73.68
30,39,4,1,2.5,0,105,83,79.05,114,84,73.68
30,39,4,1,2.5,15,105,83,79.05,114,84,73.68
30,39,5,0,4.5,-999,213,155,72.77,251,180,71.71
30,39,5,0,4.5,0,211,153,72.51,248,177,71.37
30,39,5,0,4.5,15,193,142,73.58,227,161,70.93
30,39,5,0.5,4.5,-999,196,143,72.96,240,172,71.67
30,39,5,0.5,4.5,0,194,141,72.68,237,169,71.31
30,39,5,0.5,4.5,15,176,130,73.86,216,153,70.83
30,39,5,1,4.5,-999,174,127,72.99,216,158,73.15
30,39,5,1,4.5,0,172,125,72.67,213,155,72.77
30,39,5,1,4.5,15,154,114,74.03,192,139,72.4
30,39,5,1,2.5,-999,88,71,80.68,106,79,74.53
30,39,5,1,2.5,0,88,71,80.68,106,79,74.53
30,39,5,1,2.5,15,88,71,80.68,106,79,74.53
39,10,1.5,0,4.5,-999,352,253,71.88,408,291,71.32
39,10,1.5,0,4.5,0,338,240,71.01,394,280,71.07
39,10,1.5,0,4.5,15,298,212,71.14,333,234,70.27
39,10,1.5,0.5,4.5,-999,334,241,72.16,396,282,71.21
39,10,1.5,0.5,4.5,0,320,228,71.25,382,271,70.94
39,10,1.5,0.5,4.5,15,280,200,71.43,321,225,70.09
39,10,1.5,1,4.5,-999,311,225,72.35,366,264,72.13
39,10,1.5,1,4.5,0,297,212,71.38,352,253,71.88
39,10,1.5,1,4.5,15,257,184,71.6,291,207,71.13
39,10,1.5,1,2.5,-999,142,107,75.35,143,100,69.93
39,10,1.5,1,2.5,0,142,107,75.35,143,100,69.93
39,10,1.5,1,2.5,15,142,107,75.35,143,100,69.93
39,10,3,0,4.5,-999,308,223,72.4,351,246,70.09
39,10,3,0,4.5,0,299,214,71.57,338,235,69.53
39,10,3,0,4.5,15,270,193,71.48,298,206,69.13
39,10,3,0.5,4.5,-999,290,211,72.76,339,237,69.91
39,10,3,0.5,4.5,0,281,202,71.89,326,226,69.33
39,10,3,0.5,4.5,15,252,181,71.83,286,197,68.88
39,10,3,1,4.5,-999,267,195,73.03,312,221,70.83
39,10,3,1,4.5,0,258,186,72.09,299,210,70.23
39,10,3,1,4.5,15,229,165,72.05,259,181,69.88
39,10,3,1,2.5,-999,128,98,76.56,135,92,68.15
39,10,3,1,2.5,0,128,98,76.56,135,92,68.15
39,10,3,1,2.5,15,128,98,76.56,135,92,68.15
39,10,4,0,4.5,-999,264,189,71.59,292,208,71.23
39,10,4,0,4.5,0,258,183,70.93,287,204,71.08
39,10,4,0,4.5,15,238,168,70.59,263,185,70.34
39,10,4,0.5,4.5,-999,246,177,71.95,281,200,71.17
39,10,4,0.5,4.5,0,240,171,71.25,276,196,71.01
39,10,4,0.5,4.5,15,220,156,70.91,252,177,70.24
39,10,4,1,4.5,-999,223,161,72.2,255,184,72.16
39,10,4,1,4.5,0,217,155,71.43,250,180,72.0
39,10,4,1,4.5,15,197,140,71.07,226,161,71.24
39,10,4,1,2.5,-999,113,87,76.99,123,86,69.92
39,10,4,1,2.5,0,113,87,76.99,123,86,69.92
39,10,4,1,2.5,15,113,87,76.99,123,86,69.92
39,10,5,0,4.5,-999,212,154,72.64,253,179,70.75
39,10,5,0,4.5,0,210,152,72.38,250,177,70.8
39,10,5,0,4.5,15,196,143,72.96,230,162,70.43
39,10,5,0.5,4.5,-999,195,142,72.82,242,171,70.66
39,10,5,0.5,4.5,0,193,140,72.54,239,169,70.71
39,10,5,0.5,4.5,15,179,131,73.18,219,154,70.32
39,10,5,1,4.5,-999,172,126,73.26,218,157,72.02
39,10,5,1,4.5,0,170,124,72.94,215,155,72.09
39,10,5,1,4.5,15,156,115,73.72,195,140,71.79
39,10,5,1,2.5,-999,89,71,79.78,108,79,73.15
39,10,5,1,2.5,0,89,71,79.78,108,79,73.15
39,10,5,1,2.5,15,89,71,79.78,108,79,73.15
39,20,1.5,0,4.5,-999,352,253,71.88,408,291,71.32
39,20,1.5,0,4.5,0,338,240,71.01,394,280,71.07
39,20,1.5,0,4.5,15,298,212,71.14,333,234,70.27
39,20,1.5,0.5,4.5,-999,334,241,72.16,396,282,71.21
39,20,1.5,0.5,4.5,0,320,228,71.25,382,271,70.94
39,20,1.5,0.5,4.5,15,280,200,71.43,321,225,70.09
39,20,1.5,1,4.5,-999,311,225,72.35,366,264,72.13
39,20,1.5,1,4.5,0,297,212,71.38,352,253,71.88
39,20,1.5,1,4.5,15,257,184,71.6,291,207,71.13
39,20,1.5,1,2.5,-999,142,107,75.35,143,100,69.93
39,20,1.5,1,2.5,0,142,107,75.35,143,100,69.93
39,20,1.5,1,2.5,15,142,107,75.35,143,100,69.93
39,20,3,0,4.5,-999,308,223,72.4,351,246,70.09
39,20,3,0,4.5,0,299,214,71.57,338,235,69.53
39,20,3,0,4.5,15,270,193,71.48,298,206,69.13
39,20,3,0.5,4.5,-999,290,211,72.76,339,237,69.91
39,20,3,0.5,4.5,0,281,202,71.89,326,226,69.33
39,20,3,0.5,4.5,15,252,181,71.83,286,197,68.88
39,20,3,1,4.5,-999,267,195,73.03,312,221,70.83
39,20,3,1,4.5,0,258,186,72.09,299,210,70.23
39,20,3,1,4.5,15,229,165,72.05,259,181,69.88
39,20,3,1,2.5,-999,128,98,76.56,135,92,68.15
39,20,3,1,2.5,0,128,98,76.56,135,92,68.15
39,20,3,1,2.5,15,128,98,76.56,135,92,68.15
39,20,4,0,4.5,-999,264,189,71.59,292,208,71.23
39,20,4,0,4.5,0,258,183,70.93,287,204,71.08
39,20,4,0,4.5,15,238,168,70.59,263,185,70.34
39,20,4,0.5,4.5,-999,246,177,71.95,281,200,71.17
39,20,4,0.5,4.5,0,240,171,71.25,276,196,71.01
39,20,4,0.5,4.5,15,220,156,70.91,252,177,70.24
39,20,4,1,4.5,-999,223,161,72.2,255,184,72.16
39,20,4,1,4.5,0,217,155,71.43,250,180,72.0
39,20,4,1,4.5,15,197,140,71.07,226,161,71.24
39,20,4,1,2.5,-999,113,87,76.99,123,86,69.92
39,20,4,1,2.5,0,113,87,76.99,123,86,69.92
39,20,4,1,2.5,15,113,87,76.99,123,86,69.92
39,20,5,0,4.5,-999,212,154,72.64,253,179,70.75
39,20,5,0,4.5,0,210,152,72.38,250,177,70.8
39,20,5,0,4.5,15,196,143,72.96,230,162,70.43
39,20,5,0.5,4.5,-999,195,142,72.82,242,171,70.66
39,20,5,0.5,4.5,0,193,140,72.54,239,169,70.71
39,20,5,0.5,4.5,15,179,131,73.18,219,154,70.32
39,20,5,1,4.5,-999,172,126,73.26,218,157,72.02
39,20,5,1,4.5,0,170,124,72.94,215,155,72.09
39,20,5,1,4.5,15,156,115,73.72,195,140,71.79
39,20,5,1,2.5,-999,89,71,79.78,108,79,73.15
39,20,5,1,2.5,0,89,71,79.78,108,79,73.15
39,20,5,1,2.5,15,89,71,79.78,108,79,73.15
39,30,1.5,0,4.5,-999,322,232,72.05,373,265,71.05
39,30,1.5,0,4.5,0,312,222,71.15,359,254,70.75
39,30,1.5,0,4.5,15,279,199,71.33,313,220,70.29
39,30,1.5,0.5,4.5,-999,304,220,72.37,361,256,70.91
39,30,1.5,0.5,4.5,0,294,210,71.43,347,245,70.61
39,30,1.5,0.5,4.5,15,261,187,71.65,301,211,70.1
39,30,1.5,1,4.5,-999,281,204,72.6,332,238,71.69
39,30,1.5,1,4.5,0,271,194,71.59,318,227,71.38
39,30,1.5,1,4.5,15,238,171,71.85,272,193,70.96
39,30,1.5,1,2.5,-999,130,99,76.15,138,96,69.57
39,30,1.5,1,2.5,0,130,99,76.15,138,96,69.57
39,30,1.5,1,2.5,15,130,99,76.15,138,96,69.57
39,30,3,0,4.5,-999,305,221,72.46,348,244,70.11
39,30,3,0,4.5,0,296,212,71.62,335,233,69.55
39,30,3,0,4.5,15,268,192,71.64,296,205,69.26
39,30,3,0.5,4.5,-999,287,209,72.82,336,235,69.94
39,30,3,0.5,4.5,0,278,200,71.94,323,224,69.35
39,30,3,0.5,4.5,15,250,180,72.0,284,196,69.01
39,30,3,1,4.5,-999,264,193,73.11,309,219,70.87
39,30,3,1,4.5,0,255,184,72.16,296,208,70.27
39,30,3,1,4.5,15,227,164,72.25,257,180,70.04
39,30,3,1,2.5,-999,128,98,76.56,134,92,68.66
39,30,3,1,2.5,0,128,98,76.56,134,92,68.66
39,30,3,1,2.5,15,128,98,76.56,134,92,68.66
39,30,4,0,4.5,-999,264,189,71.59,292,208,71.23
39,30,4,0,4.5,0,258,183,70.93,287,204,71.08
39,30,4,0,4.5,15,238,168,70.59,263,185,70.34
39,30,4,0.5,4.5,-999,246,177,71.95,281,200,71.17
39,30,4,0.5,4.5,0,240,171,71.25,276,196,71.01
39,30,4,0.5,4.5,15,220,156,70.91,252,177,70.24
39,30,4,1,4.5,-999,223,161,72.2,255,184,72.16
39,30,4,1,4.5,0,217,155,71.43,250,180,72.0
39,30,4,1,4.5,15,197,140,71.07,226,161,71.24
39,30,4,1,2.5,-999,113,87,76.99,123,86,69.92
39,30,4,1,2.5,0,113,87,76.99,123,86,69.92
39,30,4,1,2.5,15,113,87,76.99,123,86,69.92
39,30,5,0,4.5,-999,212,154,72.64,253,179,70.75
39,30,5,0,4.5,0,210,152,72.38,250,177,70.8
39,30,5,0,4.5,15,196,143,72.96,230,162,70.43
39,30,5,0.5,4.5,-999,195,142,72.82,242,171,70.66
39,30,5,0.5,4.5,0,193,140,72.54,239,169,70.71
39,30,5,0.5,4.5,15,179,131,73.18,219,154,70.32
39,30,5,1,4.5,-999,172,126,73.26,218,157,72.02
39,30,5,1,4.5,0,170,124,72.94,215,155,72.09
39,30,5,1,4.5,15,156,115,73.72,195,140,71.79
39,30,5,1,2.5,-999,89,71,79.78,108,79,73.15
39,30,5,1,2.5,0,89,71,79.78,108,79,73.15
39,30,5,1,2.5,15,89,71,79.78,108,79,73.15
39,39,1.5,0,4.5,-999,250,181,72.4,287,205,71.43
39,39,1.5,0,4.5,0,246,177,71.95,280,199,71.07
39,39,1.5,0,4.5,15,227,163,71.81,256,181,70.7
39,39,1.5,0.5,4.5,-999,232,169,72.84,276,197,71.38
39,39,1.5,0.5,4.5,0,228,165,72.37,269,191,71.0
39,39,1.5,0.5,4.5,15,209,151,72.25,245,173,70.61
39,39,1.5,1,4.5,-999,210,153,72.86,251,182,72.51
39,39,1.5,1,4.5,0,206,149,72.33,244,176,72.13
39,39,1.5,1,4.5,15,187,135,72.19,220,158,71.82
39,39,1.5,1,2.5,-999,109,86,78.9,118,85,72.03
39,39,1.5,1,2.5,0,109,86,78.9,118,85,72.03
39,39,1.5,1,2.5,15,109,86,78.9,118,85,72.03
39,39,3,0,4.5,-999,250,181,72.4,287,205,71.43
39,39,3,0,4.5,0,246,177,71.95,280,199,71.07
39,39,3,0,4.5,15,227,163,71.81,256,181,70.7
39,39,3,0.5,4.5,-999,232,169,72.84,276,197,71.38
39,39,3,0.5,4.5,0,228,165,72.37,269,191,71.0
39,39,3,0.5,4.5,15,209,151,72.25,245,173,70.61
39,39,3,1,4.5,-999,210,153,72.86,251,182,72.51
39,39,3,1,4.5,0,206,149,72.33,244,176,72.13
39,39,3,1,4.5,15,187,135,72.19,220,158,71.82
39,39,3,1,2.5,-999,109,86,78.9,118,85,72.03
39,39,3,1,2.5,0,109,86,78.9,118,85,72.03
39,39,3,1,2.5,15,109,86,78.9,118,85,72.03
39,39,4,0,4.5,-999,240,172,71.67,275,199,72.36
39,39,4,0,4.5,0,237,169,71.31,272,196,72.06
39,39,4,0,4.5,15,219,156,71.23,250,179,71.6
39,39,4,0.5,4.5,-999,222,160,72.07,264,191,72.35
39,39,4,0.5,4.5,0,219,157,71.69,261,188,72.03
39,39,4,0.5,4.5,15,201,144,71.64,239,171,71.55
39,39,4,1,4.5,-999,200,144,72.0,239,176,73.64
39,39,4,1,4.5,0,197,141,71.57,236,173,73.31
39,39,4,1,4.5,15,179,128,71.51,214,156,72.9
39,39,4,1,2.5,-999,105,83,79.05,114,84,73.68
39,39,4,1,2.5,0,105,83,79.05,114,84,73.68
39,39,4,1,2.5,15,105,83,79.05,114,84,73.68
39,39,5,0,4.5,-999,209,153,73.21,249,178,71.49
39,39,5,0,4.5,0,207,151,72.95,247,176,71.26
39,39,5,0,4.5,15,193,142,73.58,227,161,70.93
39,39,5,0.5,4.5,-999,192,141,73.44,238,170,71.43
39,39,5,0.5,4.5,0,190,139,73.16,236,168,71.19
39,39,5,0.5,4.5,15,176,130,73.86,216,153,70.83
39,39,5,1,4.5,-999,170,125,73.53,214,156,72.9
39,39,5,1,4.5,0,168,123,73.21,212,154,72.64
39,39,5,1,4.5,15,154,114,74.03,192,139,72.4
39,39,5,1,2.5,-999,88,71,80.68,106,79,74.53
39,39,5,1,2.5,0,88,71,80.68,106,79,74.53
39,39,5,1,2.5,15,88,71,80.68,106,79,74.53
45,10,1.5,0,4.5,-999,324,233,71.91,385,275,71.43
45,10,1.5,0,4.5,0,318,227,71.38,375,267,71.2
45,10,1.5,0,4.5,15,287,205,71.43,323,228,70.59
45,10,1.5,0.5,4.5,-999,306,221,72.22,373,266,71.31
45,10,1.5,0.5,4.5,0,300,215,71.67,363,258,71.07
45,10,1.5,0.5,4.5,15,269,193,71.75,311,219,70.42
45,10,1.5,1,4.5,-999,284,205,72.18,343,248,72.3
45,10,1.5,1,4.5,0,278,199,71.58,333,240,72.07
45,10,1.5,1,4.5,15,247,177,71.66,281,201,71.53
45,10,1.5,1,2.5,-999,138,104,75.36,141,99,70.21
45,10,1.5,1,2.5,0,138,104,75.36,141,99,70.21
45,10,1.5,1,2.5,15,138,104,75.36,141,99,70.21
45,10,3,0,4.5,-999,288,209,72.57,337,236,70.03
45,10,3,0,4.5,0,283,204,72.08,328,228,69.51
45,10,3,0,4.5,15,261,188,72.03,292,202,69.18
45,10,3,0.5,4.5,-999,270,197,72.96,325,227,69.85
45,10,3,0.5,4.5,0,265,192,72.45,316,219,69.3
45,10,3,0.5,4.5,15,243,176,72.43,280,193,68.93
45,10,3,1,4.5,-999,248,181,72.98,298,211,70.81
45,10,3,1,4.5,0,243,176,72.43,289,203,70.24
45,10,3,1,4.5,15,221,160,72.4,253,177,69.96
45,10,3,1,2.5,-999,126,97,76.98,134,92,68.66
45,10,3,1,2.5,0,126,97,76.98,134,92,68.66
45,10,3,1,2.5,15,126,97,76.98,134,92,68.66
45,10,4,0,4.5,-999,250,179,71.6,287,206,71.78
45,10,4,0,4.5,0,247,176,71.26,283,202,71.38
45,10,4,0,4.5,15,231,164,71.0,261,184,70.5
45,10,4,0.5,4.5,-999,232,167,71.98,276,198,71.74
45,10,4,0.5,4.5,0,229,164,71.62,272,194,71.32
45,10,4,0.5,4.5,15,213,152,71.36,250,176,70.4
45,10,4,1,4.5,-999,210,151,71.9,250,182,72.8
45,10,4,1,4.5,0,207,148,71.5,246,178,72.36
45,10,4,1,4.5,15,191,136,71.2,224,160,71.43
45,10,4,1,2.5,-999,111,86,77.48,122,86,70.49
45,10,4,1,2.5,0,111,86,77.48,122,86,70.49
45,10,4,1,2.5,15,111,86,77.48,122,86,70.49
45,10,5,0,4.5,-999,205,151,73.66,250,178,71.2
45,10,5,0,4.5,0,204,150,73.53,248,176,70.97
45,10,5,0,4.5,15,192,142,73.96,230,162,70.43
45,10,5,0.5,4.5,-999,188,139,73.94,239,170,71.13
45,10,5,0.5,4.5,0,187,138,73.8,237,168,70.89
45,10,5,0.5,4.5,15,175,130,74.29,219,154,70.32
45,10,5,1,4.5,-999,166,123,74.1,215,156,72.56
45,10,5,1,4.5,0,165,122,73.94,213,154,72.3
45,10,5,1,4.5,15,153,114,74.51,195,140,71.79
45,10,5,1,2.5,-999,88,71,80.68,108,79,73.15
45,10,5,1,2.5,0,88,71,80.68,108,79,73.15
45,10,5,1,2.5,15,88,71,80.68,108,79,73.15
45,20,1.5,0,4.5,-999,324,233,71.91,385,275,71.43
45,20,1.5,0,4.5,0,318,227,71.38,375,267,71.2
45,20,1.5,0,4.5,15,287,205,71.43,323,228,70.59
45,20,1.5,0.5,4.5,-999,306,221,72.22,373,266,71.31
45,20,1.5,0.5,4.5,0,300,215,71.67,363,258,71.07
45,20,1.5,0.5,4.5,15,269,193,71.75,311,219,70.42
45,20,1.5,1,4.5,-999,284,205,72.18,343,248,72.3
45,20,1.5,1,4.5,0,278,199,71.58,333,240,72.07
45,20,1.5,1,4.5,15,247,177,71.66,281,201,71.53
45,20,1.5,1,2.5,-999,138,104,75.36,141,99,70.21
45,20,1.5,1,2.5,0,138,104,75.36,141,99,70.21
45,20,1.5,1,2.5,15,138,104,75.36,141,99,70.21
45,20,3,0,4.5,-999,288,209,72.57,337,236,70.03
45,20,3,0,4.5,0,283,204,72.08,328,228,69.51
45,20,3,0,4.5,15,261,188,72.03,292,202,69.18
45,20,3,0.5,4.5,-999,270,197,72.96,325,227,69.85
45,20,3,0.5,4.5,0,265,192,72.45,316,219,69.3
45,20,3,0.5,4.5,15,243,176,72.43,280,193,68.93
45,20,3,1,4.5,-999,248,181,72.98,298,211,70.81
45,20,3,1,4.5,0,243,176,72.43,289,203,70.24
45,20,3,1,4.5,15,221,160,72.4,253,177,69.96
45,20,3,1,2.5,-999,126,97,76.98,134,92,68.66
45,20,3,1,2.5,0,126,97,76.98,134,92,68.66
45,20,3,1,2.5,15,126,97,76.98,134,92,68.66
45,20,4,0,4.5,-999,250,179,71.6,287,206,71.78
45,20,4,0,4.5,0,247,176,71.26,283,202,71.38
45,20,4,0,4.5,15,231,164,71.0,261,184,70.5
45,20,4,0.5,4.5,-999,232,167,71.98,276,198,71.74
45,20,4,0.5,4.5,0,229,164,71.62,272,194,71.32
45,20,4,0.5,4.5,15,213,152,71.36,250,176,70.4
45,20,4,1,4.5,-999,210,151,71.9,250,182,72.8
45,20,4,1,4.5,0,207,148,71.5,246,178,72.36
45,20,4,1,4.5,15,191,136,71.2,224,160,71.43
45,20,4,1,2.5,-999,111,86,77.48,122,86,70.49
45,20,4,1,2.5,0,111,86,77.48,122,86,70.49
45,20,4,1,2.5,15,111,86,77.48,122,86,70.49
45,20,5,0,4.5,-999,205,151,73.66,250,178,71.2
45,20,5,0,4.5,0,204,150,73.53,248,176,70.97
45,20,5,0,4.5,15,192,142,73.96,230,162,70.43
45,20,5,0.5,4.5,-999,188,139,73.94,239,170,71.13
45,20,5,0.5,4.5,0,187,138,73.8,237,168,70.89
45,20,5,0.5,4.5,15,175,130,74.29,219,154,70.32
45,20,5,1,4.5,-999,166,123,74.1,215,156,72.56
45,20,5,1,4.5,0,165,122,73.94,213,154,72.3
45,20,5,1,4.5,15,153,114,74.51,195,140,71.79
45,20,5,1,2.5,-999,88,71,80.68,108,79,73.15
45,20,5,1,2.5,0,88,71,80.68,108,79,73.15
45,20,5,1,2.5,15,88,71,80.68,108,79,73.15
45,30,1.5,0,4.5,-999,305,220,72.13,361,257,71.19
45,30,1.5,0,4.5,0,299,214,71.57,351,249,70.94
45,30,1.5,0,4.5,15,272,195,71.69,308,217,70.45
45,30,1.5,0.5,4.5,-999,287,208,72.47,349,248,71.06
45,30,1.5,0.5,4.5,0,281,202,71.89,339,240,70.8
45,30,1.5,0.5,4.5,15,254,183,72.05,296,208,70.27
45,30,1.5,1,4.5,-999,265,192,72.45,320,230,71.88
45,30,1.5,1,4.5,0,259,186,71.81,310,222,71.61
45,30,1.5,1,4.5,15,232,167,71.98,267,190,71.16
45,30,1.5,1,2.5,-999,128,98,76.56,137,96,70.07
45,30,1.5,1,2.5,0,128,98,76.56,137,96,70.07
45,30,1.5,1,2.5,15,128,98,76.56,137,96,70.07
45,30,3,0,4.5,-999,288,209,72.57,336,236,70.24
45,30,3,0,4.5,0,283,204,72.08,327,228,69.72
45,30,3,0,4.5,15,261,188,72.03,291,202,69.42
45,30,3,0.5,4.5,-999,270,197,72.96,324,227,70.06
45,30,3,0.5,4.5,0,265,192,72.45,315,219,69.52
45,30,3,0.5,4.5,15,243,176,72.43,279,193,69.18
45,30,3,1,4.5,-999,248,181,72.98,297,211,71.04
45,30,3,1,4.5,0,243,176,72.43,288,203,70.49
45,30,3,1,4.5,15,221,160,72.4,252,177,70.24
45,30,3,1,2.5,-999,126,97,76.98,133,92,69.17
45,30,3,1,2.5,0,126,97,76.98,133,92,69.17
45,30,3,1,2.5,15,126,97,76.98,133,92,69.17
45,30,4,0,4.5,-999,250,179,71.6,287,206,71.78
45,30,4,0,4.5,0,247,176,71.26,283,202,71.38
45,30,4,0,4.5,15,231,164,71.0,261,184,70.5
45,30,4,0.5,4.5,-999,232,167,71.98,276,198,71.74
45,30,4,0.5,4.5,0,229,164,71.62,272,194,71.32
45,30,4,0.5,4.5,15,213,152,71.36,250,176,70.4
45,30,4,1,4.5,-999,210,151,71.9,250,182,72.8
45,30,4,1,4.5,0,207,148,71.5,246,178,72.36
45,30,4,1,4.5,15,191,136,71.2,224,160,71.43
45,30,4,1,2.5,-999,111,86,77.48,122,86,70.49
45,30,4,1,2.5,0,111,86,77.48,122,86,70.49
45,30,4,1,2.5,15,111,86,77.48,122,86,70.49
45,30,5,0,4.5,-999,205,151,73.66,250,178,71.2
45,30,5,0,4.5,0,204,150,73.53,248,176,70.97
45,30,5,0,4.5,15,192,142,73.96,230,162,70.43
45,30,5,0.5,4.5,-999,188,139,73.94,239,170,71.13
45,30,5,0.5,4.5,0,187,138,73.8,237,168,70.89
45,30,5,0.5,4.5,15,175,130,74.29,219,154,70.32
45,30,5,1,4.5,-999,166,123,74.1,215,156,72.56
45,30,5,1,4.5,0,165,122,73.94,213,154,72.3
45,30,5,1,4.5,15,153,114,74.51,195,140,71.79
45,30,5,1,2.5,-999,88,71,80.68,108,79,73.15
45,30,5,1,2.5,0,88,71,80.68,108,79,73.15
45,30,5,1,2.5,15,88,71,80.68,108,79,73.15
45,39,1.5,0,4.5,-999,246,179,72.76,285,204,71.58
45,39,1.5,0,4.5,0,243,176,72.43,278,198,71.22
45,39,1.5,0,4.5,15,226,163,72.12,256,181,70.7
45,39,1.5,0.5,4.5,-999,228,167,73.25,274,196,71.53
45,39,1.5,0.5,4.5,0,225,164,72.89,267,190,71.16
45,39,1.5,0.5,4.5,15,208,151,72.6,245,173,70.61
45,39,1.5,1,4.5,-999,206,151,73.3,249,181,72.69
45,39,1.5,1,4.5,0,203,148,72.91,242,175,72.31
45,39,1.5,1,4.5,15,186,135,72.58,220,158,71.82
45,39,1.5,1,2.5,-999,109,86,78.9,118,85,72.03
45,39,1.5,1,2.5,0,109,86,78.9,118,85,72.03
45,39,1.5,1,2.5,15,109,86,78.9,118,85,72.03
45,39,3,0,4.5,-999,246,179,72.76,285,204,71.58
45,39,3,0,4.5,0,243,176,72.43,278,198,71.22
45,39,3,0,4.5,15,226,163,72.12,256,181,70.7
45,39,3,0.5,4.5,-999,228,167,73.25,274,196,71.53
45,39,3,0.5,4.5,0,225,164,72.89,267,190,71.16
45,39,3,0.5,4.5,15,208,151,72.6,245,173,70.61
45,39,3,1,4.5,-999,206,151,73.3,249,181,72.69
45,39,3,1,4.5,0,203,148,72.91,242,175,72.31
45,39,3,1,4.5,15,186,135,72.58,220,158,71.82
45,39,3,1,2.5,-999,109,86,78.9,118,85,72.03
45,39,3,1,2.5,0,109,86,78.9,118,85,72.03
45,39,3,1,2.5,15,109,86,78.9,118,85,72.03
45,39,4,0,4.5,-999,236,170,72.03,273,198,72.53
45,39,4,0,4.5,0,234,168,71.79,270,195,72.22
45,39,4,0,4.5,15,218,156,71.56,250,179,71.6
45,39,4,0.5,4.5,-999,218,158,72.48,262,190,72.52
45,39,4,0.5,4.5,0,216,156,72.22,259,187,72.2
45,39,4,0.5,4.5,15,200,144,72.0,239,171,71.55
45,39,4,1,4.5,-999,196,142,72.45,237,175,73.84
45,39,4,1,4.5,0,194,140,72.16,234,172,73.5
45,39,4,1,4.5,15,178,128,71.91,214,156,72.9
45,39,4,1,2.5,-999,105,83,79.05,114,84,73.68
45,39,4,1,2.5,0,105,83,79.05,114,84,73.68
45,39,4,1,2.5,15,105,83,79.05,114,84,73.68
45,39,5,0,4.5,-999,205,151,73.66,247,177,71.66
45,39,5,0,4.5,0,204,150,73.53,245,175,71.43
45,39,5,0,4.5,15,192,142,73.96,227,161,70.93
45,39,5,0.5,4.5,-999,188,139,73.94,236,169,71.61
45,39,5,0.5,4.5,0,187,138,73.8,234,167,71.37
45,39,5,0.5,4.5,15,175,130,74.29,216,153,70.83
45,39,5,1,4.5,-999,166,123,74.1,212,155,73.11
45,39,5,1,4.5,0,165,122,73.94,210,153,72.86
45,39,5,1,4.5,15,153,114,74.51,192,139,72.4
45,39,5,1,2.5,-999,88,71,80.68,106,79,74.53
45,39,5,1,2.5,0,88,71,80.68,106,79,74.53
45,39,5,1,2.5,15,88,71,80.68,106,79,74.53
