PullbackBars,Prior8Min,Prior24Min,GapMin,PenMin,PenMax,Current8Min,DevN,DevTarget,DevRate,HoldN,HoldTarget,HoldRate
1,0,10,1.5,0,4.5,-999,628,443,70.54,625,437,69.92
1,0,10,1.5,0,4.5,0,617,437,70.83,621,436,70.21
1,0,10,1.5,0,4.5,15,568,404,71.13,575,410,71.3
1,0,10,1.5,0.5,4.5,-999,596,421,70.64,585,408,69.74
1,0,10,1.5,0.5,4.5,0,585,415,70.94,581,407,70.05
1,0,10,1.5,0.5,4.5,15,536,382,71.27,535,381,71.21
1,0,10,1.5,1,4.5,-999,538,380,70.63,528,372,70.45
1,0,10,1.5,1,4.5,0,527,374,70.97,524,371,70.8
1,0,10,1.5,1,4.5,15,478,341,71.34,478,345,72.18
1,0,10,1.5,1,2.5,-999,213,146,68.54,205,144,70.24
1,0,10,1.5,1,2.5,0,213,146,68.54,205,144,70.24
1,0,10,1.5,1,2.5,15,213,146,68.54,205,144,70.24
1,0,10,3,0,4.5,-999,518,363,70.08,517,359,69.44
1,0,10,3,0,4.5,0,513,361,70.37,515,359,69.71
1,0,10,3,0,4.5,15,479,339,70.77,482,341,70.75
1,0,10,3,0.5,4.5,-999,487,342,70.23,477,330,69.18
1,0,10,3,0.5,4.5,0,482,340,70.54,475,330,69.47
1,0,10,3,0.5,4.5,15,448,318,70.98,442,312,70.59
1,0,10,3,1,4.5,-999,431,302,70.07,424,296,69.81
1,0,10,3,1,4.5,0,426,300,70.42,422,296,70.14
1,0,10,3,1,4.5,15,392,278,70.92,389,278,71.47
1,0,10,3,1,2.5,-999,185,127,68.65,179,128,71.51
1,0,10,3,1,2.5,0,185,127,68.65,179,128,71.51
1,0,10,3,1,2.5,15,185,127,68.65,179,128,71.51
1,0,10,5,0,4.5,-999,349,250,71.63,326,233,71.47
1,0,10,5,0,4.5,0,347,248,71.47,325,233,71.69
1,0,10,5,0,4.5,15,329,238,72.34,310,225,72.58
1,0,10,5,0.5,4.5,-999,320,230,71.88,293,208,70.99
1,0,10,5,0.5,4.5,0,318,228,71.7,292,208,71.23
1,0,10,5,0.5,4.5,15,300,218,72.67,277,200,72.2
1,0,10,5,1,4.5,-999,275,198,72.0,253,181,71.54
1,0,10,5,1,4.5,0,273,196,71.79,252,181,71.83
1,0,10,5,1,4.5,15,255,186,72.94,237,173,73.0
1,0,10,5,1,2.5,-999,135,93,68.89,125,88,70.4
1,0,10,5,1,2.5,0,135,93,68.89,125,88,70.4
1,0,10,5,1,2.5,15,135,93,68.89,125,88,70.4
1,0,20,1.5,0,4.5,-999,601,424,70.55,592,414,69.93
1,0,20,1.5,0,4.5,0,591,418,70.73,588,413,70.24
1,0,20,1.5,0,4.5,15,544,386,70.96,546,390,71.43
1,0,20,1.5,0.5,4.5,-999,569,402,70.65,552,385,69.75
1,0,20,1.5,0.5,4.5,0,559,396,70.84,548,384,70.07
1,0,20,1.5,0.5,4.5,15,512,364,71.09,506,361,71.34
1,0,20,1.5,1,4.5,-999,511,361,70.65,495,349,70.51
1,0,20,1.5,1,4.5,0,501,355,70.86,491,348,70.88
1,0,20,1.5,1,4.5,15,454,323,71.15,449,325,72.38
1,0,20,1.5,1,2.5,-999,210,144,68.57,200,140,70.0
1,0,20,1.5,1,2.5,0,210,144,68.57,200,140,70.0
1,0,20,1.5,1,2.5,15,210,144,68.57,200,140,70.0
1,0,20,3,0,4.5,-999,518,363,70.08,516,359,69.57
1,0,20,3,0,4.5,0,513,361,70.37,514,359,69.84
1,0,20,3,0,4.5,15,479,339,70.77,481,341,70.89
1,0,20,3,0.5,4.5,-999,487,342,70.23,476,330,69.33
1,0,20,3,0.5,4.5,0,482,340,70.54,474,330,69.62
1,0,20,3,0.5,4.5,15,448,318,70.98,441,312,70.75
1,0,20,3,1,4.5,-999,431,302,70.07,423,296,69.98
1,0,20,3,1,4.5,0,426,300,70.42,421,296,70.31
1,0,20,3,1,4.5,15,392,278,70.92,388,278,71.65
1,0,20,3,1,2.5,-999,185,127,68.65,179,128,71.51
1,0,20,3,1,2.5,0,185,127,68.65,179,128,71.51
1,0,20,3,1,2.5,15,185,127,68.65,179,128,71.51
1,0,20,5,0,4.5,-999,349,250,71.63,326,233,71.47
1,0,20,5,0,4.5,0,347,248,71.47,325,233,71.69
1,0,20,5,0,4.5,15,329,238,72.34,310,225,72.58
1,0,20,5,0.5,4.5,-999,320,230,71.88,293,208,70.99
1,0,20,5,0.5,4.5,0,318,228,71.7,292,208,71.23
1,0,20,5,0.5,4.5,15,300,218,72.67,277,200,72.2
1,0,20,5,1,4.5,-999,275,198,72.0,253,181,71.54
1,0,20,5,1,4.5,0,273,196,71.79,252,181,71.83
1,0,20,5,1,4.5,15,255,186,72.94,237,173,73.0
1,0,20,5,1,2.5,-999,135,93,68.89,125,88,70.4
1,0,20,5,1,2.5,0,135,93,68.89,125,88,70.4
1,0,20,5,1,2.5,15,135,93,68.89,125,88,70.4
1,0,30,1.5,0,4.5,-999,520,366,70.38,502,349,69.52
1,0,30,1.5,0,4.5,0,511,361,70.65,498,348,69.88
1,0,30,1.5,0,4.5,15,471,335,71.13,464,329,70.91
1,0,30,1.5,0.5,4.5,-999,488,344,70.49,462,320,69.26
1,0,30,1.5,0.5,4.5,0,479,339,70.77,458,319,69.65
1,0,30,1.5,0.5,4.5,15,439,313,71.3,424,300,70.75
1,0,30,1.5,1,4.5,-999,432,304,70.37,408,285,69.85
1,0,30,1.5,1,4.5,0,423,299,70.69,404,284,70.3
1,0,30,1.5,1,4.5,15,383,273,71.28,370,265,71.62
1,0,30,1.5,1,2.5,-999,185,126,68.11,175,124,70.86
1,0,30,1.5,1,2.5,0,185,126,68.11,175,124,70.86
1,0,30,1.5,1,2.5,15,185,126,68.11,175,124,70.86
1,0,30,3,0,4.5,-999,495,347,70.1,480,331,68.96
1,0,30,3,0,4.5,0,490,345,70.41,478,331,69.25
1,0,30,3,0,4.5,15,458,324,70.74,449,315,70.16
1,0,30,3,0.5,4.5,-999,464,326,70.26,440,302,68.64
1,0,30,3,0.5,4.5,0,459,324,70.59,438,302,68.95
1,0,30,3,0.5,4.5,15,427,303,70.96,409,286,69.93
1,0,30,3,1,4.5,-999,408,286,70.1,387,268,69.25
1,0,30,3,1,4.5,0,403,284,70.47,385,268,69.61
1,0,30,3,1,4.5,15,371,263,70.89,356,252,70.79
1,0,30,3,1,2.5,-999,179,121,67.6,170,120,70.59
1,0,30,3,1,2.5,0,179,121,67.6,170,120,70.59
1,0,30,3,1,2.5,15,179,121,67.6,170,120,70.59
1,0,30,5,0,4.5,-999,349,250,71.63,326,233,71.47
1,0,30,5,0,4.5,0,347,248,71.47,325,233,71.69
1,0,30,5,0,4.5,15,329,238,72.34,310,225,72.58
1,0,30,5,0.5,4.5,-999,320,230,71.88,293,208,70.99
1,0,30,5,0.5,4.5,0,318,228,71.7,292,208,71.23
1,0,30,5,0.5,4.5,15,300,218,72.67,277,200,72.2
1,0,30,5,1,4.5,-999,275,198,72.0,253,181,71.54
1,0,30,5,1,4.5,0,273,196,71.79,252,181,71.83
1,0,30,5,1,4.5,15,255,186,72.94,237,173,73.0
1,0,30,5,1,2.5,-999,135,93,68.89,125,88,70.4
1,0,30,5,1,2.5,0,135,93,68.89,125,88,70.4
1,0,30,5,1,2.5,15,135,93,68.89,125,88,70.4
1,0,39,1.5,0,4.5,-999,372,265,71.24,362,258,71.27
1,0,39,1.5,0,4.5,0,369,263,71.27,360,258,71.67
1,0,39,1.5,0,4.5,15,343,248,72.3,338,244,72.19
1,0,39,1.5,0.5,4.5,-999,342,244,71.35,328,232,70.73
1,0,39,1.5,0.5,4.5,0,339,242,71.39,326,232,71.17
1,0,39,1.5,0.5,4.5,15,313,227,72.52,304,218,71.71
1,0,39,1.5,1,4.5,-999,296,211,71.28,288,205,71.18
1,0,39,1.5,1,4.5,0,293,209,71.33,286,205,71.68
1,0,39,1.5,1,4.5,15,267,194,72.66,264,191,72.35
1,0,39,1.5,1,2.5,-999,130,91,70.0,135,95,70.37
1,0,39,1.5,1,2.5,0,130,91,70.0,135,95,70.37
1,0,39,1.5,1,2.5,15,130,91,70.0,135,95,70.37
1,0,39,3,0,4.5,-999,370,264,71.35,360,256,71.11
1,0,39,3,0,4.5,0,367,262,71.39,358,256,71.51
1,0,39,3,0,4.5,15,343,248,72.3,337,243,72.11
1,0,39,3,0.5,4.5,-999,340,243,71.47,326,230,70.55
1,0,39,3,0.5,4.5,0,337,241,71.51,324,230,70.99
1,0,39,3,0.5,4.5,15,313,227,72.52,303,217,71.62
1,0,39,3,1,4.5,-999,294,210,71.43,286,203,70.98
1,0,39,3,1,4.5,0,291,208,71.48,284,203,71.48
1,0,39,3,1,4.5,15,267,194,72.66,263,190,72.24
1,0,39,3,1,2.5,-999,130,91,70.0,135,95,70.37
1,0,39,3,1,2.5,0,130,91,70.0,135,95,70.37
1,0,39,3,1,2.5,15,130,91,70.0,135,95,70.37
1,0,39,5,0,4.5,-999,330,238,72.12,314,225,71.66
1,0,39,5,0,4.5,0,328,236,71.95,313,225,71.88
1,0,39,5,0,4.5,15,310,226,72.9,299,217,72.58
1,0,39,5,0.5,4.5,-999,301,218,72.43,281,200,71.17
1,0,39,5,0.5,4.5,0,299,216,72.24,280,200,71.43
1,0,39,5,0.5,4.5,15,281,206,73.31,266,192,72.18
1,0,39,5,1,4.5,-999,257,187,72.76,243,174,71.6
1,0,39,5,1,4.5,0,255,185,72.55,242,174,71.9
1,0,39,5,1,4.5,15,237,175,73.84,228,166,72.81
1,0,39,5,1,2.5,-999,125,87,69.6,123,87,70.73
1,0,39,5,1,2.5,0,125,87,69.6,123,87,70.73
1,0,39,5,1,2.5,15,125,87,69.6,123,87,70.73
1,20,10,1.5,0,4.5,-999,616,434,70.45,604,422,69.87
1,20,10,1.5,0,4.5,0,606,428,70.63,600,421,70.17
1,20,10,1.5,0,4.5,15,559,396,70.84,562,399,71.0
1,20,10,1.5,0.5,4.5,-999,584,412,70.55,564,393,69.68
1,20,10,1.5,0.5,4.5,0,574,406,70.73,560,392,70.0
1,20,10,1.5,0.5,4.5,15,527,374,70.97,522,370,70.88
1,20,10,1.5,1,4.5,-999,526,371,70.53,507,357,70.41
1,20,10,1.5,1,4.5,0,516,365,70.74,503,356,70.78
1,20,10,1.5,1,4.5,15,469,333,71.0,465,334,71.83
1,20,10,1.5,1,2.5,-999,213,146,68.54,205,144,70.24
1,20,10,1.5,1,2.5,0,213,146,68.54,205,144,70.24
1,20,10,1.5,1,2.5,15,213,146,68.54,205,144,70.24
1,20,10,3,0,4.5,-999,513,358,69.79,507,353,69.63
1,20,10,3,0,4.5,0,508,356,70.08,505,353,69.9
1,20,10,3,0,4.5,15,474,334,70.46,477,337,70.65
1,20,10,3,0.5,4.5,-999,482,337,69.92,467,324,69.38
1,20,10,3,0.5,4.5,0,477,335,70.23,465,324,69.68
1,20,10,3,0.5,4.5,15,443,313,70.65,437,308,70.48
1,20,10,3,1,4.5,-999,426,297,69.72,414,290,70.05
1,20,10,3,1,4.5,0,421,295,70.07,412,290,70.39
1,20,10,3,1,4.5,15,387,273,70.54,384,274,71.35
1,20,10,3,1,2.5,-999,185,127,68.65,179,128,71.51
1,20,10,3,1,2.5,0,185,127,68.65,179,128,71.51
1,20,10,3,1,2.5,15,185,127,68.65,179,128,71.51
1,20,10,5,0,4.5,-999,348,249,71.55,325,233,71.69
1,20,10,5,0,4.5,0,346,247,71.39,324,233,71.91
1,20,10,5,0,4.5,15,328,237,72.26,310,225,72.58
1,20,10,5,0.5,4.5,-999,319,229,71.79,292,208,71.23
1,20,10,5,0.5,4.5,0,317,227,71.61,291,208,71.48
1,20,10,5,0.5,4.5,15,299,217,72.58,277,200,72.2
1,20,10,5,1,4.5,-999,274,197,71.9,252,181,71.83
1,20,10,5,1,4.5,0,272,195,71.69,251,181,72.11
1,20,10,5,1,4.5,15,254,185,72.83,237,173,73.0
1,20,10,5,1,2.5,-999,135,93,68.89,125,88,70.4
1,20,10,5,1,2.5,0,135,93,68.89,125,88,70.4
1,20,10,5,1,2.5,15,135,93,68.89,125,88,70.4
1,20,20,1.5,0,4.5,-999,595,418,70.25,578,405,70.07
1,20,20,1.5,0,4.5,0,585,412,70.43,574,404,70.38
1,20,20,1.5,0,4.5,15,538,380,70.63,539,384,71.24
1,20,20,1.5,0.5,4.5,-999,563,396,70.34,538,376,69.89
1,20,20,1.5,0.5,4.5,0,553,390,70.52,534,375,70.22
1,20,20,1.5,0.5,4.5,15,506,358,70.75,499,355,71.14
1,20,20,1.5,1,4.5,-999,505,355,70.3,481,340,70.69
1,20,20,1.5,1,4.5,0,495,349,70.51,477,339,71.07
1,20,20,1.5,1,4.5,15,448,317,70.76,442,319,72.17
1,20,20,1.5,1,2.5,-999,210,144,68.57,200,140,70.0
1,20,20,1.5,1,2.5,0,210,144,68.57,200,140,70.0
1,20,20,1.5,1,2.5,15,210,144,68.57,200,140,70.0
1,20,20,3,0,4.5,-999,513,358,69.79,507,353,69.63
1,20,20,3,0,4.5,0,508,356,70.08,505,353,69.9
1,20,20,3,0,4.5,15,474,334,70.46,477,337,70.65
1,20,20,3,0.5,4.5,-999,482,337,69.92,467,324,69.38
1,20,20,3,0.5,4.5,0,477,335,70.23,465,324,69.68
1,20,20,3,0.5,4.5,15,443,313,70.65,437,308,70.48
1,20,20,3,1,4.5,-999,426,297,69.72,414,290,70.05
1,20,20,3,1,4.5,0,421,295,70.07,412,290,70.39
1,20,20,3,1,4.5,15,387,273,70.54,384,274,71.35
1,20,20,3,1,2.5,-999,185,127,68.65,179,128,71.51
1,20,20,3,1,2.5,0,185,127,68.65,179,128,71.51
1,20,20,3,1,2.5,15,185,127,68.65,179,128,71.51
1,20,20,5,0,4.5,-999,348,249,71.55,325,233,71.69
1,20,20,5,0,4.5,0,346,247,71.39,324,233,71.91
1,20,20,5,0,4.5,15,328,237,72.26,310,225,72.58
1,20,20,5,0.5,4.5,-999,319,229,71.79,292,208,71.23
1,20,20,5,0.5,4.5,0,317,227,71.61,291,208,71.48
1,20,20,5,0.5,4.5,15,299,217,72.58,277,200,72.2
1,20,20,5,1,4.5,-999,274,197,71.9,252,181,71.83
1,20,20,5,1,4.5,0,272,195,71.69,251,181,72.11
1,20,20,5,1,4.5,15,254,185,72.83,237,173,73.0
1,20,20,5,1,2.5,-999,135,93,68.89,125,88,70.4
1,20,20,5,1,2.5,0,135,93,68.89,125,88,70.4
1,20,20,5,1,2.5,15,135,93,68.89,125,88,70.4
1,20,30,1.5,0,4.5,-999,518,364,70.27,498,347,69.68
1,20,30,1.5,0,4.5,0,509,359,70.53,494,346,70.04
1,20,30,1.5,0,4.5,15,469,333,71.0,463,328,70.84
1,20,30,1.5,0.5,4.5,-999,486,342,70.37,458,318,69.43
1,20,30,1.5,0.5,4.5,0,477,337,70.65,454,317,69.82
1,20,30,1.5,0.5,4.5,15,437,311,71.17,423,299,70.69
1,20,30,1.5,1,4.5,-999,430,302,70.23,404,283,70.05
1,20,30,1.5,1,4.5,0,421,297,70.55,400,282,70.5
1,20,30,1.5,1,4.5,15,381,271,71.13,369,264,71.54
1,20,30,1.5,1,2.5,-999,185,126,68.11,175,124,70.86
1,20,30,1.5,1,2.5,0,185,126,68.11,175,124,70.86
1,20,30,1.5,1,2.5,15,185,126,68.11,175,124,70.86
1,20,30,3,0,4.5,-999,493,345,69.98,476,329,69.12
1,20,30,3,0,4.5,0,488,343,70.29,474,329,69.41
1,20,30,3,0,4.5,15,456,322,70.61,448,314,70.09
1,20,30,3,0.5,4.5,-999,462,324,70.13,436,300,68.81
1,20,30,3,0.5,4.5,0,457,322,70.46,434,300,69.12
1,20,30,3,0.5,4.5,15,425,301,70.82,408,285,69.85
1,20,30,3,1,4.5,-999,406,284,69.95,383,266,69.45
1,20,30,3,1,4.5,0,401,282,70.32,381,266,69.82
1,20,30,3,1,4.5,15,369,261,70.73,355,251,70.7
1,20,30,3,1,2.5,-999,179,121,67.6,170,120,70.59
1,20,30,3,1,2.5,0,179,121,67.6,170,120,70.59
1,20,30,3,1,2.5,15,179,121,67.6,170,120,70.59
1,20,30,5,0,4.5,-999,348,249,71.55,325,233,71.69
1,20,30,5,0,4.5,0,346,247,71.39,324,233,71.91
1,20,30,5,0,4.5,15,328,237,72.26,310,225,72.58
1,20,30,5,0.5,4.5,-999,319,229,71.79,292,208,71.23
1,20,30,5,0.5,4.5,0,317,227,71.61,291,208,71.48
1,20,30,5,0.5,4.5,15,299,217,72.58,277,200,72.2
1,20,30,5,1,4.5,-999,274,197,71.9,252,181,71.83
1,20,30,5,1,4.5,0,272,195,71.69,251,181,72.11
1,20,30,5,1,4.5,15,254,185,72.83,237,173,73.0
1,20,30,5,1,2.5,-999,135,93,68.89,125,88,70.4
1,20,30,5,1,2.5,0,135,93,68.89,125,88,70.4
1,20,30,5,1,2.5,15,135,93,68.89,125,88,70.4
1,20,39,1.5,0,4.5,-999,370,263,71.08,361,257,71.19
1,20,39,1.5,0,4.5,0,367,261,71.12,359,257,71.59
1,20,39,1.5,0,4.5,15,341,246,72.14,338,244,72.19
1,20,39,1.5,0.5,4.5,-999,340,242,71.18,327,231,70.64
1,20,39,1.5,0.5,4.5,0,337,240,71.22,325,231,71.08
1,20,39,1.5,0.5,4.5,15,311,225,72.35,304,218,71.71
1,20,39,1.5,1,4.5,-999,294,209,71.09,287,204,71.08
1,20,39,1.5,1,4.5,0,291,207,71.13,285,204,71.58
1,20,39,1.5,1,4.5,15,265,192,72.45,264,191,72.35
1,20,39,1.5,1,2.5,-999,130,91,70.0,135,95,70.37
1,20,39,1.5,1,2.5,0,130,91,70.0,135,95,70.37
1,20,39,1.5,1,2.5,15,130,91,70.0,135,95,70.37
1,20,39,3,0,4.5,-999,368,262,71.2,359,255,71.03
1,20,39,3,0,4.5,0,365,260,71.23,357,255,71.43
1,20,39,3,0,4.5,15,341,246,72.14,337,243,72.11
1,20,39,3,0.5,4.5,-999,338,241,71.3,325,229,70.46
1,20,39,3,0.5,4.5,0,335,239,71.34,323,229,70.9
1,20,39,3,0.5,4.5,15,311,225,72.35,303,217,71.62
1,20,39,3,1,4.5,-999,292,208,71.23,285,202,70.88
1,20,39,3,1,4.5,0,289,206,71.28,283,202,71.38
1,20,39,3,1,4.5,15,265,192,72.45,263,190,72.24
1,20,39,3,1,2.5,-999,130,91,70.0,135,95,70.37
1,20,39,3,1,2.5,0,130,91,70.0,135,95,70.37
1,20,39,3,1,2.5,15,130,91,70.0,135,95,70.37
1,20,39,5,0,4.5,-999,329,237,72.04,314,225,71.66
1,20,39,5,0,4.5,0,327,235,71.87,313,225,71.88
1,20,39,5,0,4.5,15,309,225,72.82,299,217,72.58
1,20,39,5,0.5,4.5,-999,300,217,72.33,281,200,71.17
1,20,39,5,0.5,4.5,0,298,215,72.15,280,200,71.43
1,20,39,5,0.5,4.5,15,280,205,73.21,266,192,72.18
1,20,39,5,1,4.5,-999,256,186,72.66,243,174,71.6
1,20,39,5,1,4.5,0,254,184,72.44,242,174,71.9
1,20,39,5,1,4.5,15,236,174,73.73,228,166,72.81
1,20,39,5,1,2.5,-999,125,87,69.6,123,87,70.73
1,20,39,5,1,2.5,0,125,87,69.6,123,87,70.73
1,20,39,5,1,2.5,15,125,87,69.6,123,87,70.73
1,39,10,1.5,0,4.5,-999,548,386,70.44,527,373,70.78
1,39,10,1.5,0,4.5,0,540,380,70.37,524,372,70.99
1,39,10,1.5,0,4.5,15,501,355,70.86,500,356,71.2
1,39,10,1.5,0.5,4.5,-999,516,364,70.54,487,344,70.64
1,39,10,1.5,0.5,4.5,0,508,358,70.47,484,343,70.87
1,39,10,1.5,0.5,4.5,15,469,333,71.0,460,327,71.09
1,39,10,1.5,1,4.5,-999,458,323,70.52,430,308,71.63
1,39,10,1.5,1,4.5,0,450,317,70.44,427,307,71.9
1,39,10,1.5,1,4.5,15,411,292,71.05,403,291,72.21
1,39,10,1.5,1,2.5,-999,206,142,68.93,196,138,70.41
1,39,10,1.5,1,2.5,0,206,142,68.93,196,138,70.41
1,39,10,1.5,1,2.5,15,206,142,68.93,196,138,70.41
1,39,10,3,0,4.5,-999,470,329,70.0,467,324,69.38
1,39,10,3,0,4.5,0,467,327,70.02,465,324,69.68
1,39,10,3,0,4.5,15,439,310,70.62,445,312,70.11
1,39,10,3,0.5,4.5,-999,439,308,70.16,427,295,69.09
1,39,10,3,0.5,4.5,0,436,306,70.18,425,295,69.41
1,39,10,3,0.5,4.5,15,408,289,70.83,405,283,69.88
1,39,10,3,1,4.5,-999,383,268,69.97,374,261,69.79
1,39,10,3,1,4.5,0,380,266,70.0,372,261,70.16
1,39,10,3,1,4.5,15,352,249,70.74,352,249,70.74
1,39,10,3,1,2.5,-999,181,124,68.51,174,124,71.26
1,39,10,3,1,2.5,0,181,124,68.51,174,124,71.26
1,39,10,3,1,2.5,15,181,124,68.51,174,124,71.26
1,39,10,5,0,4.5,-999,332,235,70.78,313,224,71.57
1,39,10,5,0,4.5,0,330,233,70.61,312,224,71.79
1,39,10,5,0,4.5,15,314,225,71.66,299,217,72.58
1,39,10,5,0.5,4.5,-999,303,215,70.96,280,199,71.07
1,39,10,5,0.5,4.5,0,301,213,70.76,279,199,71.33
1,39,10,5,0.5,4.5,15,285,205,71.93,266,192,72.18
1,39,10,5,1,4.5,-999,258,183,70.93,240,172,71.67
1,39,10,5,1,4.5,0,256,181,70.7,239,172,71.97
1,39,10,5,1,4.5,15,240,173,72.08,226,165,73.01
1,39,10,5,1,2.5,-999,133,92,69.17,121,85,70.25
1,39,10,5,1,2.5,0,133,92,69.17,121,85,70.25
1,39,10,5,1,2.5,15,133,92,69.17,121,85,70.25
1,39,20,1.5,0,4.5,-999,546,384,70.33,523,370,70.75
1,39,20,1.5,0,4.5,0,538,378,70.26,520,369,70.96
1,39,20,1.5,0,4.5,15,499,353,70.74,496,353,71.17
1,39,20,1.5,0.5,4.5,-999,514,362,70.43,483,341,70.6
1,39,20,1.5,0.5,4.5,0,506,356,70.36,480,340,70.83
1,39,20,1.5,0.5,4.5,15,467,331,70.88,456,324,71.05
1,39,20,1.5,1,4.5,-999,456,321,70.39,426,305,71.6
1,39,20,1.5,1,4.5,0,448,315,70.31,423,304,71.87
1,39,20,1.5,1,4.5,15,409,290,70.9,399,288,72.18
1,39,20,1.5,1,2.5,-999,205,141,68.78,193,135,69.95
1,39,20,1.5,1,2.5,0,205,141,68.78,193,135,69.95
1,39,20,1.5,1,2.5,15,205,141,68.78,193,135,69.95
1,39,20,3,0,4.5,-999,470,329,70.0,467,324,69.38
1,39,20,3,0,4.5,0,467,327,70.02,465,324,69.68
1,39,20,3,0,4.5,15,439,310,70.62,445,312,70.11
1,39,20,3,0.5,4.5,-999,439,308,70.16,427,295,69.09
1,39,20,3,0.5,4.5,0,436,306,70.18,425,295,69.41
1,39,20,3,0.5,4.5,15,408,289,70.83,405,283,69.88
1,39,20,3,1,4.5,-999,383,268,69.97,374,261,69.79
1,39,20,3,1,4.5,0,380,266,70.0,372,261,70.16
1,39,20,3,1,4.5,15,352,249,70.74,352,249,70.74
1,39,20,3,1,2.5,-999,181,124,68.51,174,124,71.26
1,39,20,3,1,2.5,0,181,124,68.51,174,124,71.26
1,39,20,3,1,2.5,15,181,124,68.51,174,124,71.26
1,39,20,5,0,4.5,-999,332,235,70.78,313,224,71.57
1,39,20,5,0,4.5,0,330,233,70.61,312,224,71.79
1,39,20,5,0,4.5,15,314,225,71.66,299,217,72.58
1,39,20,5,0.5,4.5,-999,303,215,70.96,280,199,71.07
1,39,20,5,0.5,4.5,0,301,213,70.76,279,199,71.33
1,39,20,5,0.5,4.5,15,285,205,71.93,266,192,72.18
1,39,20,5,1,4.5,-999,258,183,70.93,240,172,71.67
1,39,20,5,1,4.5,0,256,181,70.7,239,172,71.97
1,39,20,5,1,4.5,15,240,173,72.08,226,165,73.01
1,39,20,5,1,2.5,-999,133,92,69.17,121,85,70.25
1,39,20,5,1,2.5,0,133,92,69.17,121,85,70.25
1,39,20,5,1,2.5,15,133,92,69.17,121,85,70.25
1,39,30,1.5,0,4.5,-999,486,341,70.16,466,326,69.96
1,39,30,1.5,0,4.5,0,479,336,70.15,463,325,70.19
1,39,30,1.5,0,4.5,15,443,314,70.88,440,310,70.45
1,39,30,1.5,0.5,4.5,-999,454,319,70.26,426,297,69.72
1,39,30,1.5,0.5,4.5,0,447,314,70.25,423,296,69.98
1,39,30,1.5,0.5,4.5,15,411,292,71.05,400,281,70.25
1,39,30,1.5,1,4.5,-999,398,279,70.1,372,262,70.43
1,39,30,1.5,1,4.5,0,391,274,70.08,369,261,70.73
1,39,30,1.5,1,4.5,15,355,252,70.99,346,246,71.1
1,39,30,1.5,1,2.5,-999,183,125,68.31,171,121,70.76
1,39,30,1.5,1,2.5,0,183,125,68.31,171,121,70.76
1,39,30,1.5,1,2.5,15,183,125,68.31,171,121,70.76
1,39,30,3,0,4.5,-999,461,322,69.85,448,309,68.97
1,39,30,3,0,4.5,0,458,320,69.87,446,309,69.28
1,39,30,3,0,4.5,15,430,303,70.47,426,297,69.72
1,39,30,3,0.5,4.5,-999,430,301,70.0,408,280,68.63
1,39,30,3,0.5,4.5,0,427,299,70.02,406,280,68.97
1,39,30,3,0.5,4.5,15,399,282,70.68,386,268,69.43
1,39,30,3,1,4.5,-999,374,261,69.79,355,246,69.3
1,39,30,3,1,4.5,0,371,259,69.81,353,246,69.69
1,39,30,3,1,4.5,15,343,242,70.55,333,234,70.27
1,39,30,3,1,2.5,-999,177,120,67.8,166,117,70.48
1,39,30,3,1,2.5,0,177,120,67.8,166,117,70.48
1,39,30,3,1,2.5,15,177,120,67.8,166,117,70.48
1,39,30,5,0,4.5,-999,332,235,70.78,313,224,71.57
1,39,30,5,0,4.5,0,330,233,70.61,312,224,71.79
1,39,30,5,0,4.5,15,314,225,71.66,299,217,72.58
1,39,30,5,0.5,4.5,-999,303,215,70.96,280,199,71.07
1,39,30,5,0.5,4.5,0,301,213,70.76,279,199,71.33
1,39,30,5,0.5,4.5,15,285,205,71.93,266,192,72.18
1,39,30,5,1,4.5,-999,258,183,70.93,240,172,71.67
1,39,30,5,1,4.5,0,256,181,70.7,239,172,71.97
1,39,30,5,1,4.5,15,240,173,72.08,226,165,73.01
1,39,30,5,1,2.5,-999,133,92,69.17,121,85,70.25
1,39,30,5,1,2.5,0,133,92,69.17,121,85,70.25
1,39,30,5,1,2.5,15,133,92,69.17,121,85,70.25
1,39,39,1.5,0,4.5,-999,359,253,70.47,348,248,71.26
1,39,39,1.5,0,4.5,0,356,251,70.51,346,248,71.68
1,39,39,1.5,0,4.5,15,332,238,71.69,328,237,72.26
1,39,39,1.5,0.5,4.5,-999,329,232,70.52,314,222,70.7
1,39,39,1.5,0.5,4.5,0,326,230,70.55,312,222,71.15
1,39,39,1.5,0.5,4.5,15,302,217,71.85,294,211,71.77
1,39,39,1.5,1,4.5,-999,283,199,70.32,274,195,71.17
1,39,39,1.5,1,4.5,0,280,197,70.36,272,195,71.69
1,39,39,1.5,1,4.5,15,256,184,71.88,254,184,72.44
1,39,39,1.5,1,2.5,-999,130,91,70.0,132,93,70.45
1,39,39,1.5,1,2.5,0,130,91,70.0,132,93,70.45
1,39,39,1.5,1,2.5,15,130,91,70.0,132,93,70.45
1,39,39,3,0,4.5,-999,357,252,70.59,346,246,71.1
1,39,39,3,0,4.5,0,354,250,70.62,344,246,71.51
1,39,39,3,0,4.5,15,332,238,71.69,327,236,72.17
1,39,39,3,0.5,4.5,-999,327,231,70.64,312,220,70.51
1,39,39,3,0.5,4.5,0,324,229,70.68,310,220,70.97
1,39,39,3,0.5,4.5,15,302,217,71.85,293,210,71.67
1,39,39,3,1,4.5,-999,281,198,70.46,272,193,70.96
1,39,39,3,1,4.5,0,278,196,70.5,270,193,71.48
1,39,39,3,1,4.5,15,256,184,71.88,253,183,72.33
1,39,39,3,1,2.5,-999,130,91,70.0,132,93,70.45
1,39,39,3,1,2.5,0,130,91,70.0,132,93,70.45
1,39,39,3,1,2.5,15,130,91,70.0,132,93,70.45
1,39,39,5,0,4.5,-999,318,227,71.38,305,218,71.48
1,39,39,5,0,4.5,0,316,225,71.2,304,218,71.71
1,39,39,5,0,4.5,15,300,217,72.33,291,211,72.51
1,39,39,5,0.5,4.5,-999,289,207,71.63,272,193,70.96
1,39,39,5,0.5,4.5,0,287,205,71.43,271,193,71.22
1,39,39,5,0.5,4.5,15,271,197,72.69,258,186,72.09
1,39,39,5,1,4.5,-999,245,176,71.84,234,167,71.37
1,39,39,5,1,4.5,0,243,174,71.6,233,167,71.67
1,39,39,5,1,4.5,15,227,166,73.13,220,160,72.73
1,39,39,5,1,2.5,-999,125,87,69.6,120,85,70.83
1,39,39,5,1,2.5,0,125,87,69.6,120,85,70.83
1,39,39,5,1,2.5,15,125,87,69.6,120,85,70.83
2,0,10,1.5,0,4.5,-999,559,394,70.48,612,425,69.44
2,0,10,1.5,0,4.5,0,490,345,70.41,548,379,69.16
2,0,10,1.5,0,4.5,15,390,273,70.0,421,289,68.65
2,0,10,1.5,0.5,4.5,-999,539,380,70.5,599,416,69.45
2,0,10,1.5,0.5,4.5,0,470,331,70.43,535,370,69.16
2,0,10,1.5,0.5,4.5,15,370,259,70.0,408,280,68.63
2,0,10,1.5,1,4.5,-999,513,361,70.37,563,396,70.34
2,0,10,1.5,1,4.5,0,444,312,70.27,499,350,70.14
2,0,10,1.5,1,4.5,15,344,240,69.77,372,260,69.89
2,0,10,1.5,1,2.5,-999,179,129,72.07,180,128,71.11
2,0,10,1.5,1,2.5,0,179,129,72.07,180,128,71.11
2,0,10,1.5,1,2.5,15,179,129,72.07,180,128,71.11
2,0,10,3,0,4.5,-999,466,332,71.24,521,360,69.1
2,0,10,3,0,4.5,0,423,301,71.16,472,321,68.01
2,0,10,3,0,4.5,15,350,248,70.86,378,256,67.72
2,0,10,3,0.5,4.5,-999,446,318,71.3,508,351,69.09
2,0,10,3,0.5,4.5,0,403,287,71.22,459,312,67.97
2,0,10,3,0.5,4.5,15,330,234,70.91,365,247,67.67
2,0,10,3,1,4.5,-999,420,299,71.19,475,333,70.11
2,0,10,3,1,4.5,0,377,268,71.09,426,294,69.01
2,0,10,3,1,4.5,15,304,215,70.72,332,229,68.98
2,0,10,3,1,2.5,-999,160,117,73.12,170,118,69.41
2,0,10,3,1,2.5,0,160,117,73.12,170,118,69.41
2,0,10,3,1,2.5,15,160,117,73.12,170,118,69.41
2,0,10,5,0,4.5,-999,314,227,72.29,354,250,70.62
2,0,10,5,0,4.5,0,292,210,71.92,340,238,70.0
2,0,10,5,0,4.5,15,256,185,72.27,293,203,69.28
2,0,10,5,0.5,4.5,-999,295,213,72.2,342,242,70.76
2,0,10,5,0.5,4.5,0,273,196,71.79,328,230,70.12
2,0,10,5,0.5,4.5,15,237,171,72.15,281,195,69.4
2,0,10,5,1,4.5,-999,269,194,72.12,313,226,72.2
2,0,10,5,1,4.5,0,247,177,71.66,299,214,71.57
2,0,10,5,1,4.5,15,211,152,72.04,252,179,71.03
2,0,10,5,1,2.5,-999,114,85,74.56,136,102,75.0
2,0,10,5,1,2.5,0,114,85,74.56,136,102,75.0
2,0,10,5,1,2.5,15,114,85,74.56,136,102,75.0
2,0,20,1.5,0,4.5,-999,552,390,70.65,604,420,69.54
2,0,20,1.5,0,4.5,0,484,341,70.45,543,376,69.24
2,0,20,1.5,0,4.5,15,388,272,70.1,419,288,68.74
2,0,20,1.5,0.5,4.5,-999,532,376,70.68,591,411,69.54
2,0,20,1.5,0.5,4.5,0,464,327,70.47,530,367,69.25
2,0,20,1.5,0.5,4.5,15,368,258,70.11,406,279,68.72
2,0,20,1.5,1,4.5,-999,506,357,70.55,555,391,70.45
2,0,20,1.5,1,4.5,0,438,308,70.32,494,347,70.24
2,0,20,1.5,1,4.5,15,342,239,69.88,370,259,70.0
2,0,20,1.5,1,2.5,-999,178,128,71.91,180,128,71.11
2,0,20,1.5,1,2.5,0,178,128,71.91,180,128,71.11
2,0,20,1.5,1,2.5,15,178,128,71.91,180,128,71.11
2,0,20,3,0,4.5,-999,466,332,71.24,521,360,69.1
2,0,20,3,0,4.5,0,423,301,71.16,472,321,68.01
2,0,20,3,0,4.5,15,350,248,70.86,378,256,67.72
2,0,20,3,0.5,4.5,-999,446,318,71.3,508,351,69.09
2,0,20,3,0.5,4.5,0,403,287,71.22,459,312,67.97
2,0,20,3,0.5,4.5,15,330,234,70.91,365,247,67.67
2,0,20,3,1,4.5,-999,420,299,71.19,475,333,70.11
2,0,20,3,1,4.5,0,377,268,71.09,426,294,69.01
2,0,20,3,1,4.5,15,304,215,70.72,332,229,68.98
2,0,20,3,1,2.5,-999,160,117,73.12,170,118,69.41
2,0,20,3,1,2.5,0,160,117,73.12,170,118,69.41
2,0,20,3,1,2.5,15,160,117,73.12,170,118,69.41
2,0,20,5,0,4.5,-999,314,227,72.29,354,250,70.62
2,0,20,5,0,4.5,0,292,210,71.92,340,238,70.0
2,0,20,5,0,4.5,15,256,185,72.27,293,203,69.28
2,0,20,5,0.5,4.5,-999,295,213,72.2,342,242,70.76
2,0,20,5,0.5,4.5,0,273,196,71.79,328,230,70.12
2,0,20,5,0.5,4.5,15,237,171,72.15,281,195,69.4
2,0,20,5,1,4.5,-999,269,194,72.12,313,226,72.2
2,0,20,5,1,4.5,0,247,177,71.66,299,214,71.57
2,0,20,5,1,4.5,15,211,152,72.04,252,179,71.03
2,0,20,5,1,2.5,-999,114,85,74.56,136,102,75.0
2,0,20,5,1,2.5,0,114,85,74.56,136,102,75.0
2,0,20,5,1,2.5,15,114,85,74.56,136,102,75.0
2,0,30,1.5,0,4.5,-999,495,353,71.31,544,376,69.12
2,0,30,1.5,0,4.5,0,439,312,71.07,492,339,68.9
2,0,30,1.5,0,4.5,15,360,254,70.56,393,270,68.7
2,0,30,1.5,0.5,4.5,-999,475,339,71.37,531,367,69.11
2,0,30,1.5,0.5,4.5,0,419,298,71.12,479,330,68.89
2,0,30,1.5,0.5,4.5,15,340,240,70.59,380,261,68.68
2,0,30,1.5,1,4.5,-999,449,320,71.27,496,347,69.96
2,0,30,1.5,1,4.5,0,393,279,70.99,444,310,69.82
2,0,30,1.5,1,4.5,15,314,221,70.38,345,241,69.86
2,0,30,1.5,1,2.5,-999,161,117,72.67,171,121,70.76
2,0,30,1.5,1,2.5,0,161,117,72.67,171,121,70.76
2,0,30,1.5,1,2.5,15,161,117,72.67,171,121,70.76
2,0,30,3,0,4.5,-999,459,329,71.68,510,352,69.02
2,0,30,3,0,4.5,0,417,298,71.46,465,316,67.96
2,0,30,3,0,4.5,15,347,246,70.89,374,254,67.91
2,0,30,3,0.5,4.5,-999,439,315,71.75,497,343,69.01
2,0,30,3,0.5,4.5,0,397,284,71.54,452,307,67.92
2,0,30,3,0.5,4.5,15,327,232,70.95,361,245,67.87
2,0,30,3,1,4.5,-999,413,296,71.67,464,325,70.04
2,0,30,3,1,4.5,0,371,265,71.43,419,289,68.97
2,0,30,3,1,4.5,15,301,213,70.76,328,227,69.21
2,0,30,3,1,2.5,-999,159,116,72.96,167,117,70.06
2,0,30,3,1,2.5,0,159,116,72.96,167,117,70.06
2,0,30,3,1,2.5,15,159,116,72.96,167,117,70.06
2,0,30,5,0,4.5,-999,314,227,72.29,354,250,70.62
2,0,30,5,0,4.5,0,292,210,71.92,340,238,70.0
2,0,30,5,0,4.5,15,256,185,72.27,293,203,69.28
2,0,30,5,0.5,4.5,-999,295,213,72.2,342,242,70.76
2,0,30,5,0.5,4.5,0,273,196,71.79,328,230,70.12
2,0,30,5,0.5,4.5,15,237,171,72.15,281,195,69.4
2,0,30,5,1,4.5,-999,269,194,72.12,313,226,72.2
2,0,30,5,1,4.5,0,247,177,71.66,299,214,71.57
2,0,30,5,1,4.5,15,211,152,72.04,252,179,71.03
2,0,30,5,1,2.5,-999,114,85,74.56,136,102,75.0
2,0,30,5,1,2.5,0,114,85,74.56,136,102,75.0
2,0,30,5,1,2.5,15,114,85,74.56,136,102,75.0
2,0,39,1.5,0,4.5,-999,379,274,72.3,412,291,70.63
2,0,39,1.5,0,4.5,0,347,250,72.05,382,269,70.42
2,0,39,1.5,0,4.5,15,295,212,71.86,323,224,69.35
2,0,39,1.5,0.5,4.5,-999,359,260,72.42,400,283,70.75
2,0,39,1.5,0.5,4.5,0,327,236,72.17,370,261,70.54
2,0,39,1.5,0.5,4.5,15,275,198,72.0,311,216,69.45
2,0,39,1.5,1,4.5,-999,334,241,72.16,370,266,71.89
2,0,39,1.5,1,4.5,0,302,217,71.85,340,244,71.76
2,0,39,1.5,1,4.5,15,250,179,71.6,281,199,70.82
2,0,39,1.5,1,2.5,-999,135,102,75.56,148,109,73.65
2,0,39,1.5,1,2.5,0,135,102,75.56,148,109,73.65
2,0,39,1.5,1,2.5,15,135,102,75.56,148,109,73.65
2,0,39,3,0,4.5,-999,378,273,72.22,410,291,70.98
2,0,39,3,0,4.5,0,347,250,72.05,382,269,70.42
2,0,39,3,0,4.5,15,295,212,71.86,323,224,69.35
2,0,39,3,0.5,4.5,-999,358,259,72.35,398,283,71.11
2,0,39,3,0.5,4.5,0,327,236,72.17,370,261,70.54
2,0,39,3,0.5,4.5,15,275,198,72.0,311,216,69.45
2,0,39,3,1,4.5,-999,333,240,72.07,368,266,72.28
2,0,39,3,1,4.5,0,302,217,71.85,340,244,71.76
2,0,39,3,1,4.5,15,250,179,71.6,281,199,70.82
2,0,39,3,1,2.5,-999,135,102,75.56,148,109,73.65
2,0,39,3,1,2.5,0,135,102,75.56,148,109,73.65
2,0,39,3,1,2.5,15,135,102,75.56,148,109,73.65
2,0,39,5,0,4.5,-999,310,226,72.9,349,249,71.35
2,0,39,5,0,4.5,0,288,209,72.57,336,237,70.54
2,0,39,5,0,4.5,15,252,184,73.02,289,202,69.9
2,0,39,5,0.5,4.5,-999,291,212,72.85,337,241,71.51
2,0,39,5,0.5,4.5,0,269,195,72.49,324,229,70.68
2,0,39,5,0.5,4.5,15,233,170,72.96,277,194,70.04
2,0,39,5,1,4.5,-999,266,193,72.56,308,225,73.05
2,0,39,5,1,4.5,0,244,176,72.13,295,213,72.2
2,0,39,5,1,4.5,15,208,151,72.6,248,178,71.77
2,0,39,5,1,2.5,-999,112,85,75.89,134,102,76.12
2,0,39,5,1,2.5,0,112,85,75.89,134,102,76.12
2,0,39,5,1,2.5,15,112,85,75.89,134,102,76.12
2,20,10,1.5,0,4.5,-999,554,390,70.4,602,418,69.44
2,20,10,1.5,0,4.5,0,486,342,70.37,545,377,69.17
2,20,10,1.5,0,4.5,15,390,273,70.0,420,289,68.81
2,20,10,1.5,0.5,4.5,-999,534,376,70.41,589,409,69.44
2,20,10,1.5,0.5,4.5,0,466,328,70.39,532,368,69.17
2,20,10,1.5,0.5,4.5,15,370,259,70.0,407,280,68.8
2,20,10,1.5,1,4.5,-999,508,357,70.28,553,389,70.34
2,20,10,1.5,1,4.5,0,440,309,70.23,496,348,70.16
2,20,10,1.5,1,4.5,15,344,240,69.77,371,260,70.08
2,20,10,1.5,1,2.5,-999,179,129,72.07,179,128,71.51
2,20,10,1.5,1,2.5,0,179,129,72.07,179,128,71.51
2,20,10,1.5,1,2.5,15,179,129,72.07,179,128,71.51
2,20,10,3,0,4.5,-999,464,330,71.12,514,355,69.07
2,20,10,3,0,4.5,0,421,299,71.02,470,320,68.09
2,20,10,3,0,4.5,15,350,248,70.86,377,256,67.9
2,20,10,3,0.5,4.5,-999,444,316,71.17,501,346,69.06
2,20,10,3,0.5,4.5,0,401,285,71.07,457,311,68.05
2,20,10,3,0.5,4.5,15,330,234,70.91,364,247,67.86
2,20,10,3,1,4.5,-999,418,297,71.05,468,328,70.09
2,20,10,3,1,4.5,0,375,266,70.93,424,293,69.1
2,20,10,3,1,4.5,15,304,215,70.72,331,229,69.18
2,20,10,3,1,2.5,-999,160,117,73.12,169,118,69.82
2,20,10,3,1,2.5,0,160,117,73.12,169,118,69.82
2,20,10,3,1,2.5,15,160,117,73.12,169,118,69.82
2,20,10,5,0,4.5,-999,314,227,72.29,354,250,70.62
2,20,10,5,0,4.5,0,292,210,71.92,340,238,70.0
2,20,10,5,0,4.5,15,256,185,72.27,293,203,69.28
2,20,10,5,0.5,4.5,-999,295,213,72.2,342,242,70.76
2,20,10,5,0.5,4.5,0,273,196,71.79,328,230,70.12
2,20,10,5,0.5,4.5,15,237,171,72.15,281,195,69.4
2,20,10,5,1,4.5,-999,269,194,72.12,313,226,72.2
2,20,10,5,1,4.5,0,247,177,71.66,299,214,71.57
2,20,10,5,1,4.5,15,211,152,72.04,252,179,71.03
2,20,10,5,1,2.5,-999,114,85,74.56,136,102,75.0
2,20,10,5,1,2.5,0,114,85,74.56,136,102,75.0
2,20,10,5,1,2.5,15,114,85,74.56,136,102,75.0
2,20,20,1.5,0,4.5,-999,549,387,70.49,596,414,69.46
2,20,20,1.5,0,4.5,0,482,339,70.33,541,375,69.32
2,20,20,1.5,0,4.5,15,388,272,70.1,418,288,68.9
2,20,20,1.5,0.5,4.5,-999,529,373,70.51,583,405,69.47
2,20,20,1.5,0.5,4.5,0,462,325,70.35,528,366,69.32
2,20,20,1.5,0.5,4.5,15,368,258,70.11,405,279,68.89
2,20,20,1.5,1,4.5,-999,503,354,70.38,547,385,70.38
2,20,20,1.5,1,4.5,0,436,306,70.18,492,346,70.33
2,20,20,1.5,1,4.5,15,342,239,69.88,369,259,70.19
2,20,20,1.5,1,2.5,-999,178,128,71.91,179,128,71.51
2,20,20,1.5,1,2.5,0,178,128,71.91,179,128,71.51
2,20,20,1.5,1,2.5,15,178,128,71.91,179,128,71.51
2,20,20,3,0,4.5,-999,464,330,71.12,514,355,69.07
2,20,20,3,0,4.5,0,421,299,71.02,470,320,68.09
2,20,20,3,0,4.5,15,350,248,70.86,377,256,67.9
2,20,20,3,0.5,4.5,-999,444,316,71.17,501,346,69.06
2,20,20,3,0.5,4.5,0,401,285,71.07,457,311,68.05
2,20,20,3,0.5,4.5,15,330,234,70.91,364,247,67.86
2,20,20,3,1,4.5,-999,418,297,71.05,468,328,70.09
2,20,20,3,1,4.5,0,375,266,70.93,424,293,69.1
2,20,20,3,1,4.5,15,304,215,70.72,331,229,69.18
2,20,20,3,1,2.5,-999,160,117,73.12,169,118,69.82
2,20,20,3,1,2.5,0,160,117,73.12,169,118,69.82
2,20,20,3,1,2.5,15,160,117,73.12,169,118,69.82
2,20,20,5,0,4.5,-999,314,227,72.29,354,250,70.62
2,20,20,5,0,4.5,0,292,210,71.92,340,238,70.0
2,20,20,5,0,4.5,15,256,185,72.27,293,203,69.28
2,20,20,5,0.5,4.5,-999,295,213,72.2,342,242,70.76
2,20,20,5,0.5,4.5,0,273,196,71.79,328,230,70.12
2,20,20,5,0.5,4.5,15,237,171,72.15,281,195,69.4
2,20,20,5,1,4.5,-999,269,194,72.12,313,226,72.2
2,20,20,5,1,4.5,0,247,177,71.66,299,214,71.57
2,20,20,5,1,4.5,15,211,152,72.04,252,179,71.03
2,20,20,5,1,2.5,-999,114,85,74.56,136,102,75.0
2,20,20,5,1,2.5,0,114,85,74.56,136,102,75.0
2,20,20,5,1,2.5,15,114,85,74.56,136,102,75.0
2,20,30,1.5,0,4.5,-999,493,351,71.2,543,375,69.06
2,20,30,1.5,0,4.5,0,437,310,70.94,492,339,68.9
2,20,30,1.5,0,4.5,15,360,254,70.56,393,270,68.7
2,20,30,1.5,0.5,4.5,-999,473,337,71.25,530,366,69.06
2,20,30,1.5,0.5,4.5,0,417,296,70.98,479,330,68.89
2,20,30,1.5,0.5,4.5,15,340,240,70.59,380,261,68.68
2,20,30,1.5,1,4.5,-999,447,318,71.14,495,346,69.9
2,20,30,1.5,1,4.5,0,391,277,70.84,444,310,69.82
2,20,30,1.5,1,4.5,15,314,221,70.38,345,241,69.86
2,20,30,1.5,1,2.5,-999,161,117,72.67,171,121,70.76
2,20,30,1.5,1,2.5,0,161,117,72.67,171,121,70.76
2,20,30,1.5,1,2.5,15,161,117,72.67,171,121,70.76
2,20,30,3,0,4.5,-999,457,327,71.55,509,351,68.96
2,20,30,3,0,4.5,0,415,296,71.33,465,316,67.96
2,20,30,3,0,4.5,15,347,246,70.89,374,254,67.91
2,20,30,3,0.5,4.5,-999,437,313,71.62,496,342,68.95
2,20,30,3,0.5,4.5,0,395,282,71.39,452,307,67.92
2,20,30,3,0.5,4.5,15,327,232,70.95,361,245,67.87
2,20,30,3,1,4.5,-999,411,294,71.53,463,324,69.98
2,20,30,3,1,4.5,0,369,263,71.27,419,289,68.97
2,20,30,3,1,4.5,15,301,213,70.76,328,227,69.21
2,20,30,3,1,2.5,-999,159,116,72.96,167,117,70.06
2,20,30,3,1,2.5,0,159,116,72.96,167,117,70.06
2,20,30,3,1,2.5,15,159,116,72.96,167,117,70.06
2,20,30,5,0,4.5,-999,314,227,72.29,354,250,70.62
2,20,30,5,0,4.5,0,292,210,71.92,340,238,70.0
2,20,30,5,0,4.5,15,256,185,72.27,293,203,69.28
2,20,30,5,0.5,4.5,-999,295,213,72.2,342,242,70.76
2,20,30,5,0.5,4.5,0,273,196,71.79,328,230,70.12
2,20,30,5,0.5,4.5,15,237,171,72.15,281,195,69.4
2,20,30,5,1,4.5,-999,269,194,72.12,313,226,72.2
2,20,30,5,1,4.5,0,247,177,71.66,299,214,71.57
2,20,30,5,1,4.5,15,211,152,72.04,252,179,71.03
2,20,30,5,1,2.5,-999,114,85,74.56,136,102,75.0
2,20,30,5,1,2.5,0,114,85,74.56,136,102,75.0
2,20,30,5,1,2.5,15,114,85,74.56,136,102,75.0
2,20,39,1.5,0,4.5,-999,379,274,72.3,412,291,70.63
2,20,39,1.5,0,4.5,0,347,250,72.05,382,269,70.42
2,20,39,1.5,0,4.5,15,295,212,71.86,323,224,69.35
2,20,39,1.5,0.5,4.5,-999,359,260,72.42,400,283,70.75
2,20,39,1.5,0.5,4.5,0,327,236,72.17,370,261,70.54
2,20,39,1.5,0.5,4.5,15,275,198,72.0,311,216,69.45
2,20,39,1.5,1,4.5,-999,334,241,72.16,370,266,71.89
2,20,39,1.5,1,4.5,0,302,217,71.85,340,244,71.76
2,20,39,1.5,1,4.5,15,250,179,71.6,281,199,70.82
2,20,39,1.5,1,2.5,-999,135,102,75.56,148,109,73.65
2,20,39,1.5,1,2.5,0,135,102,75.56,148,109,73.65
2,20,39,1.5,1,2.5,15,135,102,75.56,148,109,73.65
2,20,39,3,0,4.5,-999,378,273,72.22,410,291,70.98
2,20,39,3,0,4.5,0,347,250,72.05,382,269,70.42
2,20,39,3,0,4.5,15,295,212,71.86,323,224,69.35
2,20,39,3,0.5,4.5,-999,358,259,72.35,398,283,71.11
2,20,39,3,0.5,4.5,0,327,236,72.17,370,261,70.54
2,20,39,3,0.5,4.5,15,275,198,72.0,311,216,69.45
2,20,39,3,1,4.5,-999,333,240,72.07,368,266,72.28
2,20,39,3,1,4.5,0,302,217,71.85,340,244,71.76
2,20,39,3,1,4.5,15,250,179,71.6,281,199,70.82
2,20,39,3,1,2.5,-999,135,102,75.56,148,109,73.65
2,20,39,3,1,2.5,0,135,102,75.56,148,109,73.65
2,20,39,3,1,2.5,15,135,102,75.56,148,109,73.65
2,20,39,5,0,4.5,-999,310,226,72.9,349,249,71.35
2,20,39,5,0,4.5,0,288,209,72.57,336,237,70.54
2,20,39,5,0,4.5,15,252,184,73.02,289,202,69.9
2,20,39,5,0.5,4.5,-999,291,212,72.85,337,241,71.51
2,20,39,5,0.5,4.5,0,269,195,72.49,324,229,70.68
2,20,39,5,0.5,4.5,15,233,170,72.96,277,194,70.04
2,20,39,5,1,4.5,-999,266,193,72.56,308,225,73.05
2,20,39,5,1,4.5,0,244,176,72.13,295,213,72.2
2,20,39,5,1,4.5,15,208,151,72.6,248,178,71.77
2,20,39,5,1,2.5,-999,112,85,75.89,134,102,76.12
2,20,39,5,1,2.5,0,112,85,75.89,134,102,76.12
2,20,39,5,1,2.5,15,112,85,75.89,134,102,76.12
2,39,10,1.5,0,4.5,-999,519,370,71.29,565,395,69.91
2,39,10,1.5,0,4.5,0,464,328,70.69,520,362,69.62
2,39,10,1.5,0,4.5,15,383,269,70.23,412,284,68.93
2,39,10,1.5,0.5,4.5,-999,499,356,71.34,552,386,69.93
2,39,10,1.5,0.5,4.5,0,444,314,70.72,507,353,69.63
2,39,10,1.5,0.5,4.5,15,363,255,70.25,399,275,68.92
2,39,10,1.5,1,4.5,-999,473,337,71.25,516,366,70.93
2,39,10,1.5,1,4.5,0,418,295,70.57,471,333,70.7
2,39,10,1.5,1,4.5,15,337,236,70.03,363,255,70.25
2,39,10,1.5,1,2.5,-999,176,127,72.16,176,125,71.02
2,39,10,1.5,1,2.5,0,176,127,72.16,176,125,71.02
2,39,10,1.5,1,2.5,15,176,127,72.16,176,125,71.02
2,39,10,3,0,4.5,-999,445,321,72.13,493,341,69.17
2,39,10,3,0,4.5,0,409,293,71.64,455,310,68.13
2,39,10,3,0,4.5,15,346,246,71.1,373,253,67.83
2,39,10,3,0.5,4.5,-999,425,307,72.24,480,332,69.17
2,39,10,3,0.5,4.5,0,389,279,71.72,442,301,68.1
2,39,10,3,0.5,4.5,15,326,232,71.17,360,244,67.78
2,39,10,3,1,4.5,-999,399,288,72.18,447,314,70.25
2,39,10,3,1,4.5,0,363,260,71.63,409,283,69.19
2,39,10,3,1,4.5,15,300,213,71.0,327,226,69.11
2,39,10,3,1,2.5,-999,158,116,73.42,167,116,69.46
2,39,10,3,1,2.5,0,158,116,73.42,167,116,69.46
2,39,10,3,1,2.5,15,158,116,73.42,167,116,69.46
2,39,10,5,0,4.5,-999,308,224,72.73,350,247,70.57
2,39,10,5,0,4.5,0,287,208,72.47,337,236,70.03
2,39,10,5,0,4.5,15,255,185,72.55,291,202,69.42
2,39,10,5,0.5,4.5,-999,289,210,72.66,338,239,70.71
2,39,10,5,0.5,4.5,0,268,194,72.39,325,228,70.15
2,39,10,5,0.5,4.5,15,236,171,72.46,279,194,69.53
2,39,10,5,1,4.5,-999,263,191,72.62,309,223,72.17
2,39,10,5,1,4.5,0,242,175,72.31,296,212,71.62
2,39,10,5,1,4.5,15,210,152,72.38,250,178,71.2
2,39,10,5,1,2.5,-999,114,85,74.56,135,101,74.81
2,39,10,5,1,2.5,0,114,85,74.56,135,101,74.81
2,39,10,5,1,2.5,15,114,85,74.56,135,101,74.81
2,39,20,1.5,0,4.5,-999,519,370,71.29,565,395,69.91
2,39,20,1.5,0,4.5,0,464,328,70.69,520,362,69.62
2,39,20,1.5,0,4.5,15,383,269,70.23,412,284,68.93
2,39,20,1.5,0.5,4.5,-999,499,356,71.34,552,386,69.93
2,39,20,1.5,0.5,4.5,0,444,314,70.72,507,353,69.63
2,39,20,1.5,0.5,4.5,15,363,255,70.25,399,275,68.92
2,39,20,1.5,1,4.5,-999,473,337,71.25,516,366,70.93
2,39,20,1.5,1,4.5,0,418,295,70.57,471,333,70.7
2,39,20,1.5,1,4.5,15,337,236,70.03,363,255,70.25
2,39,20,1.5,1,2.5,-999,176,127,72.16,176,125,71.02
2,39,20,1.5,1,2.5,0,176,127,72.16,176,125,71.02
2,39,20,1.5,1,2.5,15,176,127,72.16,176,125,71.02
2,39,20,3,0,4.5,-999,445,321,72.13,493,341,69.17
2,39,20,3,0,4.5,0,409,293,71.64,455,310,68.13
2,39,20,3,0,4.5,15,346,246,71.1,373,253,67.83
2,39,20,3,0.5,4.5,-999,425,307,72.24,480,332,69.17
2,39,20,3,0.5,4.5,0,389,279,71.72,442,301,68.1
2,39,20,3,0.5,4.5,15,326,232,71.17,360,244,67.78
2,39,20,3,1,4.5,-999,399,288,72.18,447,314,70.25
2,39,20,3,1,4.5,0,363,260,71.63,409,283,69.19
2,39,20,3,1,4.5,15,300,213,71.0,327,226,69.11
2,39,20,3,1,2.5,-999,158,116,73.42,167,116,69.46
2,39,20,3,1,2.5,0,158,116,73.42,167,116,69.46
2,39,20,3,1,2.5,15,158,116,73.42,167,116,69.46
2,39,20,5,0,4.5,-999,308,224,72.73,350,247,70.57
2,39,20,5,0,4.5,0,287,208,72.47,337,236,70.03
2,39,20,5,0,4.5,15,255,185,72.55,291,202,69.42
2,39,20,5,0.5,4.5,-999,289,210,72.66,338,239,70.71
2,39,20,5,0.5,4.5,0,268,194,72.39,325,228,70.15
2,39,20,5,0.5,4.5,15,236,171,72.46,279,194,69.53
2,39,20,5,1,4.5,-999,263,191,72.62,309,223,72.17
2,39,20,5,1,4.5,0,242,175,72.31,296,212,71.62
2,39,20,5,1,4.5,15,210,152,72.38,250,178,71.2
2,39,20,5,1,2.5,-999,114,85,74.56,135,101,74.81
2,39,20,5,1,2.5,0,114,85,74.56,135,101,74.81
2,39,20,5,1,2.5,15,114,85,74.56,135,101,74.81
2,39,30,1.5,0,4.5,-999,476,342,71.85,523,363,69.41
2,39,30,1.5,0,4.5,0,427,304,71.19,479,331,69.1
2,39,30,1.5,0,4.5,15,356,252,70.79,390,268,68.72
2,39,30,1.5,0.5,4.5,-999,456,328,71.93,510,354,69.41
2,39,30,1.5,0.5,4.5,0,407,290,71.25,466,322,69.1
2,39,30,1.5,0.5,4.5,15,336,238,70.83,377,259,68.7
2,39,30,1.5,1,4.5,-999,430,309,71.86,475,334,70.32
2,39,30,1.5,1,4.5,0,381,271,71.13,431,302,70.07
2,39,30,1.5,1,4.5,15,310,219,70.65,342,239,69.88
2,39,30,1.5,1,2.5,-999,159,116,72.96,170,120,70.59
2,39,30,1.5,1,2.5,0,159,116,72.96,170,120,70.59
2,39,30,1.5,1,2.5,15,159,116,72.96,170,120,70.59
2,39,30,3,0,4.5,-999,441,318,72.11,490,339,69.18
2,39,30,3,0,4.5,0,405,290,71.6,452,308,68.14
2,39,30,3,0,4.5,15,343,244,71.14,371,252,67.92
2,39,30,3,0.5,4.5,-999,421,304,72.21,477,330,69.18
2,39,30,3,0.5,4.5,0,385,276,71.69,439,299,68.11
2,39,30,3,0.5,4.5,15,323,230,71.21,358,243,67.88
2,39,30,3,1,4.5,-999,395,285,72.15,444,312,70.27
2,39,30,3,1,4.5,0,359,257,71.59,406,281,69.21
2,39,30,3,1,4.5,15,297,211,71.04,325,225,69.23
2,39,30,3,1,2.5,-999,157,115,73.25,166,116,69.88
2,39,30,3,1,2.5,0,157,115,73.25,166,116,69.88
2,39,30,3,1,2.5,15,157,115,73.25,166,116,69.88
2,39,30,5,0,4.5,-999,308,224,72.73,350,247,70.57
2,39,30,5,0,4.5,0,287,208,72.47,337,236,70.03
2,39,30,5,0,4.5,15,255,185,72.55,291,202,69.42
2,39,30,5,0.5,4.5,-999,289,210,72.66,338,239,70.71
2,39,30,5,0.5,4.5,0,268,194,72.39,325,228,70.15
2,39,30,5,0.5,4.5,15,236,171,72.46,279,194,69.53
2,39,30,5,1,4.5,-999,263,191,72.62,309,223,72.17
2,39,30,5,1,4.5,0,242,175,72.31,296,212,71.62
2,39,30,5,1,4.5,15,210,152,72.38,250,178,71.2
2,39,30,5,1,2.5,-999,114,85,74.56,135,101,74.81
2,39,30,5,1,2.5,0,114,85,74.56,135,101,74.81
2,39,30,5,1,2.5,15,114,85,74.56,135,101,74.81
2,39,39,1.5,0,4.5,-999,373,271,72.65,407,286,70.27
2,39,39,1.5,0,4.5,0,342,248,72.51,379,266,70.18
2,39,39,1.5,0,4.5,15,294,212,72.11,322,223,69.25
2,39,39,1.5,0.5,4.5,-999,353,257,72.8,395,278,70.38
2,39,39,1.5,0.5,4.5,0,322,234,72.67,367,258,70.3
2,39,39,1.5,0.5,4.5,15,274,198,72.26,310,215,69.35
2,39,39,1.5,1,4.5,-999,328,238,72.56,365,261,71.51
2,39,39,1.5,1,4.5,0,297,215,72.39,337,241,71.51
2,39,39,1.5,1,4.5,15,249,179,71.89,280,198,70.71
2,39,39,1.5,1,2.5,-999,135,102,75.56,147,108,73.47
2,39,39,1.5,1,2.5,0,135,102,75.56,147,108,73.47
2,39,39,1.5,1,2.5,15,135,102,75.56,147,108,73.47
2,39,39,3,0,4.5,-999,372,270,72.58,405,286,70.62
2,39,39,3,0,4.5,0,342,248,72.51,379,266,70.18
2,39,39,3,0,4.5,15,294,212,72.11,322,223,69.25
2,39,39,3,0.5,4.5,-999,352,256,72.73,393,278,70.74
2,39,39,3,0.5,4.5,0,322,234,72.67,367,258,70.3
2,39,39,3,0.5,4.5,15,274,198,72.26,310,215,69.35
2,39,39,3,1,4.5,-999,327,237,72.48,363,261,71.9
2,39,39,3,1,4.5,0,297,215,72.39,337,241,71.51
2,39,39,3,1,4.5,15,249,179,71.89,280,198,70.71
2,39,39,3,1,2.5,-999,135,102,75.56,147,108,73.47
2,39,39,3,1,2.5,0,135,102,75.56,147,108,73.47
2,39,39,3,1,2.5,15,135,102,75.56,147,108,73.47
2,39,39,5,0,4.5,-999,304,223,73.36,346,246,71.1
2,39,39,5,0,4.5,0,283,207,73.14,334,235,70.36
2,39,39,5,0,4.5,15,251,184,73.31,288,201,69.79
2,39,39,5,0.5,4.5,-999,285,209,73.33,334,238,71.26
2,39,39,5,0.5,4.5,0,264,193,73.11,322,227,70.5
2,39,39,5,0.5,4.5,15,232,170,73.28,276,193,69.93
2,39,39,5,1,4.5,-999,260,190,73.08,305,222,72.79
2,39,39,5,1,4.5,0,239,174,72.8,293,211,72.01
2,39,39,5,1,4.5,15,207,151,72.95,247,177,71.66
2,39,39,5,1,2.5,-999,112,85,75.89,133,101,75.94
2,39,39,5,1,2.5,0,112,85,75.89,133,101,75.94
2,39,39,5,1,2.5,15,112,85,75.89,133,101,75.94
3,0,10,1.5,0,4.5,-999,78,54,69.23,84,61,72.62
3,0,10,1.5,0,4.5,0,48,32,66.67,46,33,71.74
3,0,10,1.5,0,4.5,15,18,11,61.11,18,15,83.33
3,0,10,1.5,0.5,4.5,-999,78,54,69.23,84,61,72.62
3,0,10,1.5,0.5,4.5,0,48,32,66.67,46,33,71.74
3,0,10,1.5,0.5,4.5,15,18,11,61.11,18,15,83.33
3,0,10,1.5,1,4.5,-999,78,54,69.23,84,61,72.62
3,0,10,1.5,1,4.5,0,48,32,66.67,46,33,71.74
3,0,10,1.5,1,4.5,15,18,11,61.11,18,15,83.33
3,0,10,1.5,1,2.5,-999,11,6,54.55,4,3,75.0
3,0,10,1.5,1,2.5,0,11,6,54.55,4,3,75.0
3,0,10,1.5,1,2.5,15,11,6,54.55,4,3,75.0
3,0,10,3,0,4.5,-999,66,49,74.24,74,52,70.27
3,0,10,3,0,4.5,0,43,30,69.77,44,31,70.45
3,0,10,3,0,4.5,15,17,11,64.71,18,15,83.33
3,0,10,3,0.5,4.5,-999,66,49,74.24,74,52,70.27
3,0,10,3,0.5,4.5,0,43,30,69.77,44,31,70.45
3,0,10,3,0.5,4.5,15,17,11,64.71,18,15,83.33
3,0,10,3,1,4.5,-999,66,49,74.24,74,52,70.27
3,0,10,3,1,4.5,0,43,30,69.77,44,31,70.45
3,0,10,3,1,4.5,15,17,11,64.71,18,15,83.33
3,0,10,3,1,2.5,-999,10,6,60.0,4,3,75.0
3,0,10,3,1,2.5,0,10,6,60.0,4,3,75.0
3,0,10,3,1,2.5,15,10,6,60.0,4,3,75.0
3,0,10,5,0,4.5,-999,43,32,74.42,56,38,67.86
3,0,10,5,0,4.5,0,30,20,66.67,32,23,71.88
3,0,10,5,0,4.5,15,15,9,60.0,17,14,82.35
3,0,10,5,0.5,4.5,-999,43,32,74.42,56,38,67.86
3,0,10,5,0.5,4.5,0,30,20,66.67,32,23,71.88
3,0,10,5,0.5,4.5,15,15,9,60.0,17,14,82.35
3,0,10,5,1,4.5,-999,43,32,74.42,56,38,67.86
3,0,10,5,1,4.5,0,30,20,66.67,32,23,71.88
3,0,10,5,1,4.5,15,15,9,60.0,17,14,82.35
3,0,10,5,1,2.5,-999,9,5,55.56,4,3,75.0
3,0,10,5,1,2.5,0,9,5,55.56,4,3,75.0
3,0,10,5,1,2.5,15,9,5,55.56,4,3,75.0
3,0,20,1.5,0,4.5,-999,78,54,69.23,84,61,72.62
3,0,20,1.5,0,4.5,0,48,32,66.67,46,33,71.74
3,0,20,1.5,0,4.5,15,18,11,61.11,18,15,83.33
3,0,20,1.5,0.5,4.5,-999,78,54,69.23,84,61,72.62
3,0,20,1.5,0.5,4.5,0,48,32,66.67,46,33,71.74
3,0,20,1.5,0.5,4.5,15,18,11,61.11,18,15,83.33
3,0,20,1.5,1,4.5,-999,78,54,69.23,84,61,72.62
3,0,20,1.5,1,4.5,0,48,32,66.67,46,33,71.74
3,0,20,1.5,1,4.5,15,18,11,61.11,18,15,83.33
3,0,20,1.5,1,2.5,-999,11,6,54.55,4,3,75.0
3,0,20,1.5,1,2.5,0,11,6,54.55,4,3,75.0
3,0,20,1.5,1,2.5,15,11,6,54.55,4,3,75.0
3,0,20,3,0,4.5,-999,66,49,74.24,74,52,70.27
3,0,20,3,0,4.5,0,43,30,69.77,44,31,70.45
3,0,20,3,0,4.5,15,17,11,64.71,18,15,83.33
3,0,20,3,0.5,4.5,-999,66,49,74.24,74,52,70.27
3,0,20,3,0.5,4.5,0,43,30,69.77,44,31,70.45
3,0,20,3,0.5,4.5,15,17,11,64.71,18,15,83.33
3,0,20,3,1,4.5,-999,66,49,74.24,74,52,70.27
3,0,20,3,1,4.5,0,43,30,69.77,44,31,70.45
3,0,20,3,1,4.5,15,17,11,64.71,18,15,83.33
3,0,20,3,1,2.5,-999,10,6,60.0,4,3,75.0
3,0,20,3,1,2.5,0,10,6,60.0,4,3,75.0
3,0,20,3,1,2.5,15,10,6,60.0,4,3,75.0
3,0,20,5,0,4.5,-999,43,32,74.42,56,38,67.86
3,0,20,5,0,4.5,0,30,20,66.67,32,23,71.88
3,0,20,5,0,4.5,15,15,9,60.0,17,14,82.35
3,0,20,5,0.5,4.5,-999,43,32,74.42,56,38,67.86
3,0,20,5,0.5,4.5,0,30,20,66.67,32,23,71.88
3,0,20,5,0.5,4.5,15,15,9,60.0,17,14,82.35
3,0,20,5,1,4.5,-999,43,32,74.42,56,38,67.86
3,0,20,5,1,4.5,0,30,20,66.67,32,23,71.88
3,0,20,5,1,4.5,15,15,9,60.0,17,14,82.35
3,0,20,5,1,2.5,-999,9,5,55.56,4,3,75.0
3,0,20,5,1,2.5,0,9,5,55.56,4,3,75.0
3,0,20,5,1,2.5,15,9,5,55.56,4,3,75.0
3,0,30,1.5,0,4.5,-999,75,53,70.67,78,55,70.51
3,0,30,1.5,0,4.5,0,48,32,66.67,44,31,70.45
3,0,30,1.5,0,4.5,15,18,11,61.11,18,15,83.33
3,0,30,1.5,0.5,4.5,-999,75,53,70.67,78,55,70.51
3,0,30,1.5,0.5,4.5,0,48,32,66.67,44,31,70.45
3,0,30,1.5,0.5,4.5,15,18,11,61.11,18,15,83.33
3,0,30,1.5,1,4.5,-999,75,53,70.67,78,55,70.51
3,0,30,1.5,1,4.5,0,48,32,66.67,44,31,70.45
3,0,30,1.5,1,4.5,15,18,11,61.11,18,15,83.33
3,0,30,1.5,1,2.5,-999,11,6,54.55,4,3,75.0
3,0,30,1.5,1,2.5,0,11,6,54.55,4,3,75.0
3,0,30,1.5,1,2.5,15,11,6,54.55,4,3,75.0
3,0,30,3,0,4.5,-999,66,49,74.24,74,52,70.27
3,0,30,3,0,4.5,0,43,30,69.77,44,31,70.45
3,0,30,3,0,4.5,15,17,11,64.71,18,15,83.33
3,0,30,3,0.5,4.5,-999,66,49,74.24,74,52,70.27
3,0,30,3,0.5,4.5,0,43,30,69.77,44,31,70.45
3,0,30,3,0.5,4.5,15,17,11,64.71,18,15,83.33
3,0,30,3,1,4.5,-999,66,49,74.24,74,52,70.27
3,0,30,3,1,4.5,0,43,30,69.77,44,31,70.45
3,0,30,3,1,4.5,15,17,11,64.71,18,15,83.33
3,0,30,3,1,2.5,-999,10,6,60.0,4,3,75.0
3,0,30,3,1,2.5,0,10,6,60.0,4,3,75.0
3,0,30,3,1,2.5,15,10,6,60.0,4,3,75.0
3,0,30,5,0,4.5,-999,43,32,74.42,56,38,67.86
3,0,30,5,0,4.5,0,30,20,66.67,32,23,71.88
3,0,30,5,0,4.5,15,15,9,60.0,17,14,82.35
3,0,30,5,0.5,4.5,-999,43,32,74.42,56,38,67.86
3,0,30,5,0.5,4.5,0,30,20,66.67,32,23,71.88
3,0,30,5,0.5,4.5,15,15,9,60.0,17,14,82.35
3,0,30,5,1,4.5,-999,43,32,74.42,56,38,67.86
3,0,30,5,1,4.5,0,30,20,66.67,32,23,71.88
3,0,30,5,1,4.5,15,15,9,60.0,17,14,82.35
3,0,30,5,1,2.5,-999,9,5,55.56,4,3,75.0
3,0,30,5,1,2.5,0,9,5,55.56,4,3,75.0
3,0,30,5,1,2.5,15,9,5,55.56,4,3,75.0
3,0,39,1.5,0,4.5,-999,58,44,75.86,69,47,68.12
3,0,39,1.5,0,4.5,0,40,27,67.5,42,29,69.05
3,0,39,1.5,0,4.5,15,17,11,64.71,17,14,82.35
3,0,39,1.5,0.5,4.5,-999,58,44,75.86,69,47,68.12
3,0,39,1.5,0.5,4.5,0,40,27,67.5,42,29,69.05
3,0,39,1.5,0.5,4.5,15,17,11,64.71,17,14,82.35
3,0,39,1.5,1,4.5,-999,58,44,75.86,69,47,68.12
3,0,39,1.5,1,4.5,0,40,27,67.5,42,29,69.05
3,0,39,1.5,1,4.5,15,17,11,64.71,17,14,82.35
3,0,39,1.5,1,2.5,-999,10,6,60.0,4,3,75.0
3,0,39,1.5,1,2.5,0,10,6,60.0,4,3,75.0
3,0,39,1.5,1,2.5,15,10,6,60.0,4,3,75.0
3,0,39,3,0,4.5,-999,58,44,75.86,68,46,67.65
3,0,39,3,0,4.5,0,40,27,67.5,42,29,69.05
3,0,39,3,0,4.5,15,17,11,64.71,17,14,82.35
3,0,39,3,0.5,4.5,-999,58,44,75.86,68,46,67.65
3,0,39,3,0.5,4.5,0,40,27,67.5,42,29,69.05
3,0,39,3,0.5,4.5,15,17,11,64.71,17,14,82.35
3,0,39,3,1,4.5,-999,58,44,75.86,68,46,67.65
3,0,39,3,1,4.5,0,40,27,67.5,42,29,69.05
3,0,39,3,1,4.5,15,17,11,64.71,17,14,82.35
3,0,39,3,1,2.5,-999,10,6,60.0,4,3,75.0
3,0,39,3,1,2.5,0,10,6,60.0,4,3,75.0
3,0,39,3,1,2.5,15,10,6,60.0,4,3,75.0
3,0,39,5,0,4.5,-999,43,32,74.42,56,38,67.86
3,0,39,5,0,4.5,0,30,20,66.67,32,23,71.88
3,0,39,5,0,4.5,15,15,9,60.0,17,14,82.35
3,0,39,5,0.5,4.5,-999,43,32,74.42,56,38,67.86
3,0,39,5,0.5,4.5,0,30,20,66.67,32,23,71.88
3,0,39,5,0.5,4.5,15,15,9,60.0,17,14,82.35
3,0,39,5,1,4.5,-999,43,32,74.42,56,38,67.86
3,0,39,5,1,4.5,0,30,20,66.67,32,23,71.88
3,0,39,5,1,4.5,15,15,9,60.0,17,14,82.35
3,0,39,5,1,2.5,-999,9,5,55.56,4,3,75.0
3,0,39,5,1,2.5,0,9,5,55.56,4,3,75.0
3,0,39,5,1,2.5,15,9,5,55.56,4,3,75.0
3,20,10,1.5,0,4.5,-999,77,53,68.83,84,61,72.62
3,20,10,1.5,0,4.5,0,48,32,66.67,46,33,71.74
3,20,10,1.5,0,4.5,15,18,11,61.11,18,15,83.33
3,20,10,1.5,0.5,4.5,-999,77,53,68.83,84,61,72.62
3,20,10,1.5,0.5,4.5,0,48,32,66.67,46,33,71.74
3,20,10,1.5,0.5,4.5,15,18,11,61.11,18,15,83.33
3,20,10,1.5,1,4.5,-999,77,53,68.83,84,61,72.62
3,20,10,1.5,1,4.5,0,48,32,66.67,46,33,71.74
3,20,10,1.5,1,4.5,15,18,11,61.11,18,15,83.33
3,20,10,1.5,1,2.5,-999,11,6,54.55,4,3,75.0
3,20,10,1.5,1,2.5,0,11,6,54.55,4,3,75.0
3,20,10,1.5,1,2.5,15,11,6,54.55,4,3,75.0
3,20,10,3,0,4.5,-999,66,49,74.24,74,52,70.27
3,20,10,3,0,4.5,0,43,30,69.77,44,31,70.45
3,20,10,3,0,4.5,15,17,11,64.71,18,15,83.33
3,20,10,3,0.5,4.5,-999,66,49,74.24,74,52,70.27
3,20,10,3,0.5,4.5,0,43,30,69.77,44,31,70.45
3,20,10,3,0.5,4.5,15,17,11,64.71,18,15,83.33
3,20,10,3,1,4.5,-999,66,49,74.24,74,52,70.27
3,20,10,3,1,4.5,0,43,30,69.77,44,31,70.45
3,20,10,3,1,4.5,15,17,11,64.71,18,15,83.33
3,20,10,3,1,2.5,-999,10,6,60.0,4,3,75.0
3,20,10,3,1,2.5,0,10,6,60.0,4,3,75.0
3,20,10,3,1,2.5,15,10,6,60.0,4,3,75.0
3,20,10,5,0,4.5,-999,43,32,74.42,56,38,67.86
3,20,10,5,0,4.5,0,30,20,66.67,32,23,71.88
3,20,10,5,0,4.5,15,15,9,60.0,17,14,82.35
3,20,10,5,0.5,4.5,-999,43,32,74.42,56,38,67.86
3,20,10,5,0.5,4.5,0,30,20,66.67,32,23,71.88
3,20,10,5,0.5,4.5,15,15,9,60.0,17,14,82.35
3,20,10,5,1,4.5,-999,43,32,74.42,56,38,67.86
3,20,10,5,1,4.5,0,30,20,66.67,32,23,71.88
3,20,10,5,1,4.5,15,15,9,60.0,17,14,82.35
3,20,10,5,1,2.5,-999,9,5,55.56,4,3,75.0
3,20,10,5,1,2.5,0,9,5,55.56,4,3,75.0
3,20,10,5,1,2.5,15,9,5,55.56,4,3,75.0
3,20,20,1.5,0,4.5,-999,77,53,68.83,84,61,72.62
3,20,20,1.5,0,4.5,0,48,32,66.67,46,33,71.74
3,20,20,1.5,0,4.5,15,18,11,61.11,18,15,83.33
3,20,20,1.5,0.5,4.5,-999,77,53,68.83,84,61,72.62
3,20,20,1.5,0.5,4.5,0,48,32,66.67,46,33,71.74
3,20,20,1.5,0.5,4.5,15,18,11,61.11,18,15,83.33
3,20,20,1.5,1,4.5,-999,77,53,68.83,84,61,72.62
3,20,20,1.5,1,4.5,0,48,32,66.67,46,33,71.74
3,20,20,1.5,1,4.5,15,18,11,61.11,18,15,83.33
3,20,20,1.5,1,2.5,-999,11,6,54.55,4,3,75.0
3,20,20,1.5,1,2.5,0,11,6,54.55,4,3,75.0
3,20,20,1.5,1,2.5,15,11,6,54.55,4,3,75.0
3,20,20,3,0,4.5,-999,66,49,74.24,74,52,70.27
3,20,20,3,0,4.5,0,43,30,69.77,44,31,70.45
3,20,20,3,0,4.5,15,17,11,64.71,18,15,83.33
3,20,20,3,0.5,4.5,-999,66,49,74.24,74,52,70.27
3,20,20,3,0.5,4.5,0,43,30,69.77,44,31,70.45
3,20,20,3,0.5,4.5,15,17,11,64.71,18,15,83.33
3,20,20,3,1,4.5,-999,66,49,74.24,74,52,70.27
3,20,20,3,1,4.5,0,43,30,69.77,44,31,70.45
3,20,20,3,1,4.5,15,17,11,64.71,18,15,83.33
3,20,20,3,1,2.5,-999,10,6,60.0,4,3,75.0
3,20,20,3,1,2.5,0,10,6,60.0,4,3,75.0
3,20,20,3,1,2.5,15,10,6,60.0,4,3,75.0
3,20,20,5,0,4.5,-999,43,32,74.42,56,38,67.86
3,20,20,5,0,4.5,0,30,20,66.67,32,23,71.88
3,20,20,5,0,4.5,15,15,9,60.0,17,14,82.35
3,20,20,5,0.5,4.5,-999,43,32,74.42,56,38,67.86
3,20,20,5,0.5,4.5,0,30,20,66.67,32,23,71.88
3,20,20,5,0.5,4.5,15,15,9,60.0,17,14,82.35
3,20,20,5,1,4.5,-999,43,32,74.42,56,38,67.86
3,20,20,5,1,4.5,0,30,20,66.67,32,23,71.88
3,20,20,5,1,4.5,15,15,9,60.0,17,14,82.35
3,20,20,5,1,2.5,-999,9,5,55.56,4,3,75.0
3,20,20,5,1,2.5,0,9,5,55.56,4,3,75.0
3,20,20,5,1,2.5,15,9,5,55.56,4,3,75.0
3,20,30,1.5,0,4.5,-999,75,53,70.67,78,55,70.51
3,20,30,1.5,0,4.5,0,48,32,66.67,44,31,70.45
3,20,30,1.5,0,4.5,15,18,11,61.11,18,15,83.33
3,20,30,1.5,0.5,4.5,-999,75,53,70.67,78,55,70.51
3,20,30,1.5,0.5,4.5,0,48,32,66.67,44,31,70.45
3,20,30,1.5,0.5,4.5,15,18,11,61.11,18,15,83.33
3,20,30,1.5,1,4.5,-999,75,53,70.67,78,55,70.51
3,20,30,1.5,1,4.5,0,48,32,66.67,44,31,70.45
3,20,30,1.5,1,4.5,15,18,11,61.11,18,15,83.33
3,20,30,1.5,1,2.5,-999,11,6,54.55,4,3,75.0
3,20,30,1.5,1,2.5,0,11,6,54.55,4,3,75.0
3,20,30,1.5,1,2.5,15,11,6,54.55,4,3,75.0
3,20,30,3,0,4.5,-999,66,49,74.24,74,52,70.27
3,20,30,3,0,4.5,0,43,30,69.77,44,31,70.45
3,20,30,3,0,4.5,15,17,11,64.71,18,15,83.33
3,20,30,3,0.5,4.5,-999,66,49,74.24,74,52,70.27
3,20,30,3,0.5,4.5,0,43,30,69.77,44,31,70.45
3,20,30,3,0.5,4.5,15,17,11,64.71,18,15,83.33
3,20,30,3,1,4.5,-999,66,49,74.24,74,52,70.27
3,20,30,3,1,4.5,0,43,30,69.77,44,31,70.45
3,20,30,3,1,4.5,15,17,11,64.71,18,15,83.33
3,20,30,3,1,2.5,-999,10,6,60.0,4,3,75.0
3,20,30,3,1,2.5,0,10,6,60.0,4,3,75.0
3,20,30,3,1,2.5,15,10,6,60.0,4,3,75.0
3,20,30,5,0,4.5,-999,43,32,74.42,56,38,67.86
3,20,30,5,0,4.5,0,30,20,66.67,32,23,71.88
3,20,30,5,0,4.5,15,15,9,60.0,17,14,82.35
3,20,30,5,0.5,4.5,-999,43,32,74.42,56,38,67.86
3,20,30,5,0.5,4.5,0,30,20,66.67,32,23,71.88
3,20,30,5,0.5,4.5,15,15,9,60.0,17,14,82.35
3,20,30,5,1,4.5,-999,43,32,74.42,56,38,67.86
3,20,30,5,1,4.5,0,30,20,66.67,32,23,71.88
3,20,30,5,1,4.5,15,15,9,60.0,17,14,82.35
3,20,30,5,1,2.5,-999,9,5,55.56,4,3,75.0
3,20,30,5,1,2.5,0,9,5,55.56,4,3,75.0
3,20,30,5,1,2.5,15,9,5,55.56,4,3,75.0
3,20,39,1.5,0,4.5,-999,58,44,75.86,69,47,68.12
3,20,39,1.5,0,4.5,0,40,27,67.5,42,29,69.05
3,20,39,1.5,0,4.5,15,17,11,64.71,17,14,82.35
3,20,39,1.5,0.5,4.5,-999,58,44,75.86,69,47,68.12
3,20,39,1.5,0.5,4.5,0,40,27,67.5,42,29,69.05
3,20,39,1.5,0.5,4.5,15,17,11,64.71,17,14,82.35
3,20,39,1.5,1,4.5,-999,58,44,75.86,69,47,68.12
3,20,39,1.5,1,4.5,0,40,27,67.5,42,29,69.05
3,20,39,1.5,1,4.5,15,17,11,64.71,17,14,82.35
3,20,39,1.5,1,2.5,-999,10,6,60.0,4,3,75.0
3,20,39,1.5,1,2.5,0,10,6,60.0,4,3,75.0
3,20,39,1.5,1,2.5,15,10,6,60.0,4,3,75.0
3,20,39,3,0,4.5,-999,58,44,75.86,68,46,67.65
3,20,39,3,0,4.5,0,40,27,67.5,42,29,69.05
3,20,39,3,0,4.5,15,17,11,64.71,17,14,82.35
3,20,39,3,0.5,4.5,-999,58,44,75.86,68,46,67.65
3,20,39,3,0.5,4.5,0,40,27,67.5,42,29,69.05
3,20,39,3,0.5,4.5,15,17,11,64.71,17,14,82.35
3,20,39,3,1,4.5,-999,58,44,75.86,68,46,67.65
3,20,39,3,1,4.5,0,40,27,67.5,42,29,69.05
3,20,39,3,1,4.5,15,17,11,64.71,17,14,82.35
3,20,39,3,1,2.5,-999,10,6,60.0,4,3,75.0
3,20,39,3,1,2.5,0,10,6,60.0,4,3,75.0
3,20,39,3,1,2.5,15,10,6,60.0,4,3,75.0
3,20,39,5,0,4.5,-999,43,32,74.42,56,38,67.86
3,20,39,5,0,4.5,0,30,20,66.67,32,23,71.88
3,20,39,5,0,4.5,15,15,9,60.0,17,14,82.35
3,20,39,5,0.5,4.5,-999,43,32,74.42,56,38,67.86
3,20,39,5,0.5,4.5,0,30,20,66.67,32,23,71.88
3,20,39,5,0.5,4.5,15,15,9,60.0,17,14,82.35
3,20,39,5,1,4.5,-999,43,32,74.42,56,38,67.86
3,20,39,5,1,4.5,0,30,20,66.67,32,23,71.88
3,20,39,5,1,4.5,15,15,9,60.0,17,14,82.35
3,20,39,5,1,2.5,-999,9,5,55.56,4,3,75.0
3,20,39,5,1,2.5,0,9,5,55.56,4,3,75.0
3,20,39,5,1,2.5,15,9,5,55.56,4,3,75.0
3,39,10,1.5,0,4.5,-999,77,53,68.83,78,56,71.79
3,39,10,1.5,0,4.5,0,48,32,66.67,45,32,71.11
3,39,10,1.5,0,4.5,15,18,11,61.11,18,15,83.33
3,39,10,1.5,0.5,4.5,-999,77,53,68.83,78,56,71.79
3,39,10,1.5,0.5,4.5,0,48,32,66.67,45,32,71.11
3,39,10,1.5,0.5,4.5,15,18,11,61.11,18,15,83.33
3,39,10,1.5,1,4.5,-999,77,53,68.83,78,56,71.79
3,39,10,1.5,1,4.5,0,48,32,66.67,45,32,71.11
3,39,10,1.5,1,4.5,15,18,11,61.11,18,15,83.33
3,39,10,1.5,1,2.5,-999,11,6,54.55,4,3,75.0
3,39,10,1.5,1,2.5,0,11,6,54.55,4,3,75.0
3,39,10,1.5,1,2.5,15,11,6,54.55,4,3,75.0
3,39,10,3,0,4.5,-999,66,49,74.24,70,49,70.0
3,39,10,3,0,4.5,0,43,30,69.77,43,30,69.77
3,39,10,3,0,4.5,15,17,11,64.71,18,15,83.33
3,39,10,3,0.5,4.5,-999,66,49,74.24,70,49,70.0
3,39,10,3,0.5,4.5,0,43,30,69.77,43,30,69.77
3,39,10,3,0.5,4.5,15,17,11,64.71,18,15,83.33
3,39,10,3,1,4.5,-999,66,49,74.24,70,49,70.0
3,39,10,3,1,4.5,0,43,30,69.77,43,30,69.77
3,39,10,3,1,4.5,15,17,11,64.71,18,15,83.33
3,39,10,3,1,2.5,-999,10,6,60.0,4,3,75.0
3,39,10,3,1,2.5,0,10,6,60.0,4,3,75.0
3,39,10,3,1,2.5,15,10,6,60.0,4,3,75.0
3,39,10,5,0,4.5,-999,43,32,74.42,54,37,68.52
3,39,10,5,0,4.5,0,30,20,66.67,32,23,71.88
3,39,10,5,0,4.5,15,15,9,60.0,17,14,82.35
3,39,10,5,0.5,4.5,-999,43,32,74.42,54,37,68.52
3,39,10,5,0.5,4.5,0,30,20,66.67,32,23,71.88
3,39,10,5,0.5,4.5,15,15,9,60.0,17,14,82.35
3,39,10,5,1,4.5,-999,43,32,74.42,54,37,68.52
3,39,10,5,1,4.5,0,30,20,66.67,32,23,71.88
3,39,10,5,1,4.5,15,15,9,60.0,17,14,82.35
3,39,10,5,1,2.5,-999,9,5,55.56,4,3,75.0
3,39,10,5,1,2.5,0,9,5,55.56,4,3,75.0
3,39,10,5,1,2.5,15,9,5,55.56,4,3,75.0
3,39,20,1.5,0,4.5,-999,77,53,68.83,78,56,71.79
3,39,20,1.5,0,4.5,0,48,32,66.67,45,32,71.11
3,39,20,1.5,0,4.5,15,18,11,61.11,18,15,83.33
3,39,20,1.5,0.5,4.5,-999,77,53,68.83,78,56,71.79
3,39,20,1.5,0.5,4.5,0,48,32,66.67,45,32,71.11
3,39,20,1.5,0.5,4.5,15,18,11,61.11,18,15,83.33
3,39,20,1.5,1,4.5,-999,77,53,68.83,78,56,71.79
3,39,20,1.5,1,4.5,0,48,32,66.67,45,32,71.11
3,39,20,1.5,1,4.5,15,18,11,61.11,18,15,83.33
3,39,20,1.5,1,2.5,-999,11,6,54.55,4,3,75.0
3,39,20,1.5,1,2.5,0,11,6,54.55,4,3,75.0
3,39,20,1.5,1,2.5,15,11,6,54.55,4,3,75.0
3,39,20,3,0,4.5,-999,66,49,74.24,70,49,70.0
3,39,20,3,0,4.5,0,43,30,69.77,43,30,69.77
3,39,20,3,0,4.5,15,17,11,64.71,18,15,83.33
3,39,20,3,0.5,4.5,-999,66,49,74.24,70,49,70.0
3,39,20,3,0.5,4.5,0,43,30,69.77,43,30,69.77
3,39,20,3,0.5,4.5,15,17,11,64.71,18,15,83.33
3,39,20,3,1,4.5,-999,66,49,74.24,70,49,70.0
3,39,20,3,1,4.5,0,43,30,69.77,43,30,69.77
3,39,20,3,1,4.5,15,17,11,64.71,18,15,83.33
3,39,20,3,1,2.5,-999,10,6,60.0,4,3,75.0
3,39,20,3,1,2.5,0,10,6,60.0,4,3,75.0
3,39,20,3,1,2.5,15,10,6,60.0,4,3,75.0
3,39,20,5,0,4.5,-999,43,32,74.42,54,37,68.52
3,39,20,5,0,4.5,0,30,20,66.67,32,23,71.88
3,39,20,5,0,4.5,15,15,9,60.0,17,14,82.35
3,39,20,5,0.5,4.5,-999,43,32,74.42,54,37,68.52
3,39,20,5,0.5,4.5,0,30,20,66.67,32,23,71.88
3,39,20,5,0.5,4.5,15,15,9,60.0,17,14,82.35
3,39,20,5,1,4.5,-999,43,32,74.42,54,37,68.52
3,39,20,5,1,4.5,0,30,20,66.67,32,23,71.88
3,39,20,5,1,4.5,15,15,9,60.0,17,14,82.35
3,39,20,5,1,2.5,-999,9,5,55.56,4,3,75.0
3,39,20,5,1,2.5,0,9,5,55.56,4,3,75.0
3,39,20,5,1,2.5,15,9,5,55.56,4,3,75.0
3,39,30,1.5,0,4.5,-999,75,53,70.67,74,52,70.27
3,39,30,1.5,0,4.5,0,48,32,66.67,43,30,69.77
3,39,30,1.5,0,4.5,15,18,11,61.11,18,15,83.33
3,39,30,1.5,0.5,4.5,-999,75,53,70.67,74,52,70.27
3,39,30,1.5,0.5,4.5,0,48,32,66.67,43,30,69.77
3,39,30,1.5,0.5,4.5,15,18,11,61.11,18,15,83.33
3,39,30,1.5,1,4.5,-999,75,53,70.67,74,52,70.27
3,39,30,1.5,1,4.5,0,48,32,66.67,43,30,69.77
3,39,30,1.5,1,4.5,15,18,11,61.11,18,15,83.33
3,39,30,1.5,1,2.5,-999,11,6,54.55,4,3,75.0
3,39,30,1.5,1,2.5,0,11,6,54.55,4,3,75.0
3,39,30,1.5,1,2.5,15,11,6,54.55,4,3,75.0
3,39,30,3,0,4.5,-999,66,49,74.24,70,49,70.0
3,39,30,3,0,4.5,0,43,30,69.77,43,30,69.77
3,39,30,3,0,4.5,15,17,11,64.71,18,15,83.33
3,39,30,3,0.5,4.5,-999,66,49,74.24,70,49,70.0
3,39,30,3,0.5,4.5,0,43,30,69.77,43,30,69.77
3,39,30,3,0.5,4.5,15,17,11,64.71,18,15,83.33
3,39,30,3,1,4.5,-999,66,49,74.24,70,49,70.0
3,39,30,3,1,4.5,0,43,30,69.77,43,30,69.77
3,39,30,3,1,4.5,15,17,11,64.71,18,15,83.33
3,39,30,3,1,2.5,-999,10,6,60.0,4,3,75.0
3,39,30,3,1,2.5,0,10,6,60.0,4,3,75.0
3,39,30,3,1,2.5,15,10,6,60.0,4,3,75.0
3,39,30,5,0,4.5,-999,43,32,74.42,54,37,68.52
3,39,30,5,0,4.5,0,30,20,66.67,32,23,71.88
3,39,30,5,0,4.5,15,15,9,60.0,17,14,82.35
3,39,30,5,0.5,4.5,-999,43,32,74.42,54,37,68.52
3,39,30,5,0.5,4.5,0,30,20,66.67,32,23,71.88
3,39,30,5,0.5,4.5,15,15,9,60.0,17,14,82.35
3,39,30,5,1,4.5,-999,43,32,74.42,54,37,68.52
3,39,30,5,1,4.5,0,30,20,66.67,32,23,71.88
3,39,30,5,1,4.5,15,15,9,60.0,17,14,82.35
3,39,30,5,1,2.5,-999,9,5,55.56,4,3,75.0
3,39,30,5,1,2.5,0,9,5,55.56,4,3,75.0
3,39,30,5,1,2.5,15,9,5,55.56,4,3,75.0
3,39,39,1.5,0,4.5,-999,58,44,75.86,67,46,68.66
3,39,39,1.5,0,4.5,0,40,27,67.5,42,29,69.05
3,39,39,1.5,0,4.5,15,17,11,64.71,17,14,82.35
3,39,39,1.5,0.5,4.5,-999,58,44,75.86,67,46,68.66
3,39,39,1.5,0.5,4.5,0,40,27,67.5,42,29,69.05
3,39,39,1.5,0.5,4.5,15,17,11,64.71,17,14,82.35
3,39,39,1.5,1,4.5,-999,58,44,75.86,67,46,68.66
3,39,39,1.5,1,4.5,0,40,27,67.5,42,29,69.05
3,39,39,1.5,1,4.5,15,17,11,64.71,17,14,82.35
3,39,39,1.5,1,2.5,-999,10,6,60.0,4,3,75.0
3,39,39,1.5,1,2.5,0,10,6,60.0,4,3,75.0
3,39,39,1.5,1,2.5,15,10,6,60.0,4,3,75.0
3,39,39,3,0,4.5,-999,58,44,75.86,66,45,68.18
3,39,39,3,0,4.5,0,40,27,67.5,42,29,69.05
3,39,39,3,0,4.5,15,17,11,64.71,17,14,82.35
3,39,39,3,0.5,4.5,-999,58,44,75.86,66,45,68.18
3,39,39,3,0.5,4.5,0,40,27,67.5,42,29,69.05
3,39,39,3,0.5,4.5,15,17,11,64.71,17,14,82.35
3,39,39,3,1,4.5,-999,58,44,75.86,66,45,68.18
3,39,39,3,1,4.5,0,40,27,67.5,42,29,69.05
3,39,39,3,1,4.5,15,17,11,64.71,17,14,82.35
3,39,39,3,1,2.5,-999,10,6,60.0,4,3,75.0
3,39,39,3,1,2.5,0,10,6,60.0,4,3,75.0
3,39,39,3,1,2.5,15,10,6,60.0,4,3,75.0
3,39,39,5,0,4.5,-999,43,32,74.42,54,37,68.52
3,39,39,5,0,4.5,0,30,20,66.67,32,23,71.88
3,39,39,5,0,4.5,15,15,9,60.0,17,14,82.35
3,39,39,5,0.5,4.5,-999,43,32,74.42,54,37,68.52
3,39,39,5,0.5,4.5,0,30,20,66.67,32,23,71.88
3,39,39,5,0.5,4.5,15,15,9,60.0,17,14,82.35
3,39,39,5,1,4.5,-999,43,32,74.42,54,37,68.52
3,39,39,5,1,4.5,0,30,20,66.67,32,23,71.88
3,39,39,5,1,4.5,15,15,9,60.0,17,14,82.35
3,39,39,5,1,2.5,-999,9,5,55.56,4,3,75.0
3,39,39,5,1,2.5,0,9,5,55.56,4,3,75.0
3,39,39,5,1,2.5,15,9,5,55.56,4,3,75.0
