Group,TriggerTicks,StopTicks,Signals,Triggered,Resolved,Targets,Stops,TargetRate,ExpectancyPerTrade,ExpectancyPerSignal
ALL,1,1,2183,1943,1943,229,1714,11.7859,-0.2928,-0.2607
ALL,1,2,2183,1943,1943,521,1422,26.8142,-0.1230,-0.1095
ALL,1,3,2183,1943,1943,718,1225,36.9532,-0.0437,-0.0389
ALL,1,4,2183,1943,1943,889,1054,45.7540,0.1179,0.1049
ALL,1,5,2183,1943,1943,996,947,51.2609,0.1261,0.1122
ALL,1,6,2183,1943,1943,1112,831,57.2311,0.2954,0.2629
ALL,1,7,2183,1943,1940,1193,747,61.4948,0.3794,0.3372
ALL,1,8,2183,1943,1939,1263,676,65.1367,0.4678,0.4155
ALL,1,9,2183,1943,1936,1328,608,68.5950,0.6033,0.5350
ALL,1,10,2183,1943,1930,1365,565,70.7254,0.6088,0.5383
ALL,2,1,2183,1707,1707,108,1599,6.3269,-0.6204,-0.4851
ALL,2,2,2183,1707,1707,396,1311,23.1986,-0.3761,-0.2941
ALL,2,3,2183,1707,1707,576,1131,33.7434,-0.3005,-0.2350
ALL,2,4,2183,1707,1707,711,996,41.6520,-0.2513,-0.1965
ALL,2,5,2183,1707,1707,846,861,49.5606,-0.0439,-0.0344
ALL,2,6,2183,1707,1707,921,786,53.9543,-0.0650,-0.0508
ALL,2,7,2183,1707,1706,1007,699,59.0270,0.0832,0.0650
ALL,2,8,2183,1707,1703,1075,628,63.1239,0.2061,0.1608
ALL,2,9,2183,1707,1697,1127,570,66.4113,0.2976,0.2313
ALL,2,10,2183,1707,1692,1172,520,69.2671,0.3901,0.3023
EMA8,1,1,1130,1000,1000,123,877,12.3000,-0.2620,-0.2319
EMA8,1,2,1130,1000,1000,274,726,27.4000,-0.0820,-0.0726
EMA8,1,3,1130,1000,1000,365,635,36.5000,-0.0800,-0.0708
EMA8,1,4,1130,1000,1000,455,545,45.5000,0.0950,0.0841
EMA8,1,5,1130,1000,1000,514,486,51.4000,0.1400,0.1239
EMA8,1,6,1130,1000,1000,572,428,57.2000,0.2920,0.2584
EMA8,1,7,1130,1000,1000,614,386,61.4000,0.3680,0.3257
EMA8,1,8,1130,1000,1000,646,354,64.6000,0.3980,0.3522
EMA8,1,9,1130,1000,999,683,316,68.3684,0.5716,0.5053
EMA8,1,10,1130,1000,996,699,297,70.1807,0.5271,0.4646
EMA8,2,1,1130,876,876,62,814,7.0776,-0.5753,-0.4460
EMA8,2,2,1130,876,876,214,662,24.4292,-0.2900,-0.2248
EMA8,2,3,1130,876,876,297,579,33.9041,-0.2877,-0.2230
EMA8,2,4,1130,876,876,356,520,40.6393,-0.3425,-0.2655
EMA8,2,5,1130,876,876,431,445,49.2009,-0.0799,-0.0619
EMA8,2,6,1130,876,876,475,401,54.2237,-0.0354,-0.0274
EMA8,2,7,1130,876,875,520,355,59.4286,0.1314,0.1018
EMA8,2,8,1130,876,875,558,317,63.7714,0.2903,0.2248
EMA8,2,9,1130,876,874,580,294,66.3616,0.2906,0.2248
EMA8,2,10,1130,876,870,607,263,69.7701,0.4655,0.3584
EMA24,1,1,508,460,460,49,411,10.6522,-0.3609,-0.3268
EMA24,1,2,508,460,460,123,337,26.7391,-0.1283,-0.1161
EMA24,1,3,508,460,460,171,289,37.1739,-0.0261,-0.0236
EMA24,1,4,508,460,460,212,248,46.0870,0.1478,0.1339
EMA24,1,5,508,460,460,234,226,50.8696,0.0870,0.0787
EMA24,1,6,508,460,460,261,199,56.7391,0.2413,0.2185
EMA24,1,7,508,460,458,282,176,61.5721,0.3886,0.3504
EMA24,1,8,508,460,457,301,156,65.8643,0.5624,0.5059
EMA24,1,9,508,460,456,311,145,68.2018,0.5482,0.4921
EMA24,1,10,508,460,456,323,133,70.8333,0.6250,0.5610
EMA24,2,1,508,412,412,26,386,6.3107,-0.6214,-0.5039
EMA24,2,2,508,412,412,97,315,23.5437,-0.3519,-0.2854
EMA24,2,3,508,412,412,145,267,35.1942,-0.1845,-0.1496
EMA24,2,4,508,412,412,174,238,42.2330,-0.1990,-0.1614
EMA24,2,5,508,412,412,207,205,50.2427,0.0243,0.0197
EMA24,2,6,508,412,412,222,190,53.8835,-0.0728,-0.0591
EMA24,2,7,508,412,412,243,169,58.9806,0.0777,0.0630
EMA24,2,8,508,412,410,261,149,63.6585,0.2756,0.2224
EMA24,2,9,508,412,406,276,130,67.9803,0.5172,0.4134
EMA24,2,10,508,412,406,285,121,70.1970,0.5296,0.4232
EMA50,1,1,358,326,326,42,284,12.8834,-0.2270,-0.2067
EMA50,1,2,358,326,326,86,240,26.3804,-0.1534,-0.1397
EMA50,1,3,358,326,326,131,195,40.1840,0.2147,0.1955
EMA50,1,4,358,326,326,156,170,47.8528,0.3067,0.2793
EMA50,1,5,358,326,326,171,155,52.4540,0.2454,0.2235
EMA50,1,6,358,326,326,190,136,58.2822,0.4110,0.3743
EMA50,1,7,358,326,326,206,120,63.1902,0.5828,0.5307
EMA50,1,8,358,326,325,217,108,66.7692,0.6800,0.6173
EMA50,1,9,358,326,324,229,95,70.6790,0.8951,0.8101
EMA50,1,10,358,326,321,236,85,73.5202,1.0280,0.9218
EMA50,2,1,358,281,281,14,267,4.9822,-0.7011,-0.5503
EMA50,2,2,358,281,281,60,221,21.3523,-0.5053,-0.3966
EMA50,2,3,358,281,281,91,190,32.3843,-0.4093,-0.3212
EMA50,2,4,358,281,281,128,153,45.5516,0.0996,0.0782
EMA50,2,5,358,281,281,146,135,51.9573,0.1957,0.1536
EMA50,2,6,358,281,281,157,124,55.8719,0.1459,0.1145
EMA50,2,7,358,281,281,169,112,60.1423,0.2171,0.1704
EMA50,2,8,358,281,281,177,104,62.9893,0.1886,0.1480
EMA50,2,9,358,281,280,185,95,66.0714,0.2500,0.1955
EMA50,2,10,358,281,279,191,88,68.4588,0.2688,0.2095
PIN,1,1,200,170,170,17,153,10.0000,-0.4000,-0.3400
PIN,1,2,200,170,170,42,128,24.7059,-0.2706,-0.2300
PIN,1,3,200,170,170,56,114,32.9412,-0.3647,-0.3100
PIN,1,4,200,170,170,71,99,41.7647,-0.2412,-0.2050
PIN,1,5,200,170,170,83,87,48.8235,-0.1176,-0.1000
PIN,1,6,200,170,170,96,74,56.4706,0.2118,0.1800
PIN,1,7,200,170,169,99,70,58.5799,0.0296,0.0250
PIN,1,8,200,170,169,107,62,63.3136,0.2308,0.1950
PIN,1,9,200,170,169,114,55,67.4556,0.4438,0.3750
PIN,1,10,200,170,169,116,53,68.6391,0.2959,0.2500
PIN,2,1,200,149,149,6,143,4.0268,-0.7584,-0.5650
PIN,2,2,200,149,149,27,122,18.1208,-0.7315,-0.5450
PIN,2,3,200,149,149,46,103,30.8725,-0.5302,-0.3950
PIN,2,4,200,149,149,57,92,38.2550,-0.5570,-0.4150
PIN,2,5,200,149,149,66,83,44.2953,-0.5705,-0.4250
PIN,2,6,200,149,149,72,77,48.3221,-0.6846,-0.5100
PIN,2,7,200,149,149,81,68,54.3624,-0.4765,-0.3550
PIN,2,8,200,149,148,85,63,57.4324,-0.5338,-0.3950
PIN,2,9,200,149,147,92,55,62.5850,-0.2381,-0.1750
PIN,2,10,200,149,147,96,51,65.3061,-0.2041,-0.1500
