Analysis,Window,Segment,Selected,Resolved,Targets,TargetRate,PnlTicksPerSelected
OPEN_BUCKET,06:30-06:31,ALL,28,28,19,67.8571,0.1786
OPEN_BUCKET,06:30-06:31,DEVELOPMENT,16,16,12,75.0000,1.2500
OPEN_BUCKET,06:30-06:31,LATER,12,12,7,58.3333,-1.2500
OPEN_BUCKET,06:31-06:35,ALL,52,52,43,82.6923,2.4038
OPEN_BUCKET,06:31-06:35,DEVELOPMENT,30,30,25,83.3333,2.5000
OPEN_BUCKET,06:31-06:35,LATER,22,22,18,81.8182,2.2727
OPEN_BUCKET,06:35-06:40,ALL,34,34,27,79.4118,1.9118
OPEN_BUCKET,06:35-06:40,DEVELOPMENT,20,20,17,85.0000,2.7500
OPEN_BUCKET,06:35-06:40,LATER,14,14,10,71.4286,0.7143
OPEN_BUCKET,06:40-06:45,ALL,43,42,32,76.1905,1.3953
OPEN_BUCKET,06:40-06:45,DEVELOPMENT,18,18,12,66.6667,0.0000
OPEN_BUCKET,06:40-06:45,LATER,25,24,20,83.3333,2.4000
RTH_BLOCK,06:30-06:45,ALL,157,156,121,77.5641,1.6242
RTH_BLOCK,06:30-06:45,DEVELOPMENT,84,84,66,78.5714,1.7857
RTH_BLOCK,06:30-06:45,LATER,73,72,55,76.3889,1.4384
RTH_BLOCK,06:45-07:00,ALL,110,109,74,67.8899,0.1818
RTH_BLOCK,06:45-07:00,DEVELOPMENT,64,64,46,71.8750,0.7812
RTH_BLOCK,06:45-07:00,LATER,46,45,28,62.2222,-0.6522
RTH_BLOCK,07:00-08:00,ALL,358,357,285,79.8319,1.9693
RTH_BLOCK,07:00-08:00,DEVELOPMENT,163,163,128,78.5276,1.7791
RTH_BLOCK,07:00-08:00,LATER,195,194,157,80.9278,2.1282
RTH_BLOCK,08:00-09:00,ALL,205,202,141,69.8020,0.4634
RTH_BLOCK,08:00-09:00,DEVELOPMENT,102,99,69,69.6970,0.4412
RTH_BLOCK,08:00-09:00,LATER,103,103,72,69.9029,0.4854
RTH_BLOCK,09:00-11:00,ALL,246,242,186,76.8595,1.5041
RTH_BLOCK,09:00-11:00,DEVELOPMENT,127,124,96,77.4194,1.5748
RTH_BLOCK,09:00-11:00,LATER,119,118,90,76.2712,1.4286
RTH_BLOCK,11:00-13:00,ALL,206,206,164,79.6117,1.9417
RTH_BLOCK,11:00-13:00,DEVELOPMENT,98,98,76,77.5510,1.6327
RTH_BLOCK,11:00-13:00,LATER,108,108,88,81.4815,2.2222
RTH_AFTER_WAIT,0,ALL,1282,1272,971,76.3365,1.4392
RTH_AFTER_WAIT,0,DEVELOPMENT,638,632,481,76.1076,1.4028
RTH_AFTER_WAIT,0,LATER,644,640,490,76.5625,1.4752
FIRST_AFTER_WAIT,0,ALL,29,29,20,68.9655,0.3448
FIRST_AFTER_WAIT,0,DEVELOPMENT,14,14,12,85.7143,2.8571
FIRST_AFTER_WAIT,0,LATER,15,15,8,53.3333,-2.0000
RTH_AFTER_WAIT,1,ALL,1254,1244,952,76.5273,1.4673
RTH_AFTER_WAIT,1,DEVELOPMENT,622,616,469,76.1364,1.4068
RTH_AFTER_WAIT,1,LATER,632,628,483,76.9108,1.5269
FIRST_AFTER_WAIT,1,ALL,29,29,23,79.3103,1.8966
FIRST_AFTER_WAIT,1,DEVELOPMENT,14,14,11,78.5714,1.7857
FIRST_AFTER_WAIT,1,LATER,15,15,12,80.0000,2.0000
RTH_AFTER_WAIT,2,ALL,1236,1226,936,76.3458,1.4401
RTH_AFTER_WAIT,2,DEVELOPMENT,611,605,458,75.7025,1.3421
RTH_AFTER_WAIT,2,LATER,625,621,478,76.9726,1.5360
FIRST_AFTER_WAIT,2,ALL,29,29,22,75.8621,1.3793
FIRST_AFTER_WAIT,2,DEVELOPMENT,14,14,9,64.2857,-0.3571
FIRST_AFTER_WAIT,2,LATER,15,15,13,86.6667,3.0000
RTH_AFTER_WAIT,3,ALL,1226,1216,927,76.2336,1.4233
RTH_AFTER_WAIT,3,DEVELOPMENT,604,598,452,75.5853,1.3245
RTH_AFTER_WAIT,3,LATER,622,618,475,76.8608,1.5193
FIRST_AFTER_WAIT,3,ALL,29,29,21,72.4138,0.8621
FIRST_AFTER_WAIT,3,DEVELOPMENT,14,14,9,64.2857,-0.3571
FIRST_AFTER_WAIT,3,LATER,15,15,12,80.0000,2.0000
RTH_AFTER_WAIT,5,ALL,1202,1192,909,76.2584,1.4268
RTH_AFTER_WAIT,5,DEVELOPMENT,592,586,444,75.7679,1.3514
RTH_AFTER_WAIT,5,LATER,610,606,465,76.7327,1.5000
FIRST_AFTER_WAIT,5,ALL,29,29,21,72.4138,0.8621
FIRST_AFTER_WAIT,5,DEVELOPMENT,14,14,11,78.5714,1.7857
FIRST_AFTER_WAIT,5,LATER,15,15,10,66.6667,0.0000
RTH_AFTER_WAIT,7,ALL,1187,1177,900,76.4656,1.4575
RTH_AFTER_WAIT,7,DEVELOPMENT,581,575,436,75.8261,1.3597
RTH_AFTER_WAIT,7,LATER,606,602,464,77.0764,1.5512
FIRST_AFTER_WAIT,7,ALL,29,29,23,79.3103,1.8966
FIRST_AFTER_WAIT,7,DEVELOPMENT,14,14,11,78.5714,1.7857
FIRST_AFTER_WAIT,7,LATER,15,15,12,80.0000,2.0000
RTH_AFTER_WAIT,10,ALL,1168,1158,882,76.1658,1.4127
RTH_AFTER_WAIT,10,DEVELOPMENT,572,566,427,75.4417,1.3024
RTH_AFTER_WAIT,10,LATER,596,592,455,76.8581,1.5185
FIRST_AFTER_WAIT,10,ALL,29,29,19,65.5172,-0.1724
FIRST_AFTER_WAIT,10,DEVELOPMENT,14,14,9,64.2857,-0.3571
FIRST_AFTER_WAIT,10,LATER,15,15,10,66.6667,0.0000
RTH_AFTER_WAIT,15,ALL,1125,1116,850,76.1649,1.4133
RTH_AFTER_WAIT,15,DEVELOPMENT,554,548,415,75.7299,1.3448
RTH_AFTER_WAIT,15,LATER,571,568,435,76.5845,1.4799
FIRST_AFTER_WAIT,15,ALL,29,29,20,68.9655,0.3448
FIRST_AFTER_WAIT,15,DEVELOPMENT,14,14,11,78.5714,1.7857
FIRST_AFTER_WAIT,15,LATER,15,15,9,60.0000,-1.0000
RTH_AFTER_WAIT,20,ALL,1096,1087,832,76.5409,1.4690
RTH_AFTER_WAIT,20,DEVELOPMENT,537,531,402,75.7062,1.3408
RTH_AFTER_WAIT,20,LATER,559,556,430,77.3381,1.5921
FIRST_AFTER_WAIT,20,ALL,29,29,21,72.4138,0.8621
FIRST_AFTER_WAIT,20,DEVELOPMENT,14,14,8,57.1429,-1.4286
FIRST_AFTER_WAIT,20,LATER,15,15,13,86.6667,3.0000
RTH_AFTER_WAIT,30,ALL,1015,1007,776,77.0606,1.5468
RTH_AFTER_WAIT,30,DEVELOPMENT,490,484,369,76.2397,1.4184
RTH_AFTER_WAIT,30,LATER,525,523,407,77.8203,1.6667
FIRST_AFTER_WAIT,30,ALL,29,28,22,78.5714,1.7241
FIRST_AFTER_WAIT,30,DEVELOPMENT,14,14,10,71.4286,0.7143
FIRST_AFTER_WAIT,30,LATER,15,14,12,85.7143,2.6667
RTH_AFTER_WAIT,45,ALL,912,905,700,77.3481,1.5899
RTH_AFTER_WAIT,45,DEVELOPMENT,456,450,348,77.3333,1.5789
RTH_AFTER_WAIT,45,LATER,456,455,352,77.3626,1.6009
FIRST_AFTER_WAIT,45,ALL,29,29,20,68.9655,0.3448
FIRST_AFTER_WAIT,45,DEVELOPMENT,14,14,9,64.2857,-0.3571
FIRST_AFTER_WAIT,45,LATER,15,15,11,73.3333,1.0000
RTH_AFTER_WAIT,60,ALL,822,815,631,77.4233,1.5998
RTH_AFTER_WAIT,60,DEVELOPMENT,407,401,310,77.3067,1.5725
RTH_AFTER_WAIT,60,LATER,415,414,321,77.5362,1.6265
FIRST_AFTER_WAIT,60,ALL,29,29,21,72.4138,0.8621
FIRST_AFTER_WAIT,60,DEVELOPMENT,14,14,11,78.5714,1.7857
FIRST_AFTER_WAIT,60,LATER,15,15,10,66.6667,0.0000
SCHEDULE,RTH_BASELINE,ALL,1282,1272,971,76.3365,1.4392
SCHEDULE,RTH_BASELINE,DEVELOPMENT,638,632,481,76.1076,1.4028
SCHEDULE,RTH_BASELINE,LATER,644,640,490,76.5625,1.4752
FIRST_IN_SCHEDULE,RTH_BASELINE,ALL,29,29,20,68.9655,0.3448
FIRST_IN_SCHEDULE,RTH_BASELINE,DEVELOPMENT,14,14,12,85.7143,2.8571
FIRST_IN_SCHEDULE,RTH_BASELINE,LATER,15,15,8,53.3333,-2.0000
SCHEDULE,ONE_MINUTE_BUFFER,ALL,1254,1244,952,76.5273,1.4673
SCHEDULE,ONE_MINUTE_BUFFER,DEVELOPMENT,622,616,469,76.1364,1.4068
SCHEDULE,ONE_MINUTE_BUFFER,LATER,632,628,483,76.9108,1.5269
FIRST_IN_SCHEDULE,ONE_MINUTE_BUFFER,ALL,29,29,23,79.3103,1.8966
FIRST_IN_SCHEDULE,ONE_MINUTE_BUFFER,DEVELOPMENT,14,14,11,78.5714,1.7857
FIRST_IN_SCHEDULE,ONE_MINUTE_BUFFER,LATER,15,15,12,80.0000,2.0000
SCHEDULE,CANDIDATE_BLOCKS,ALL,939,933,737,78.9925,1.8371
SCHEDULE,CANDIDATE_BLOCKS,DEVELOPMENT,456,453,354,78.1457,1.7105
SCHEDULE,CANDIDATE_BLOCKS,LATER,483,480,383,79.7917,1.9565
FIRST_IN_SCHEDULE,CANDIDATE_BLOCKS,ALL,29,29,24,82.7586,2.4138
FIRST_IN_SCHEDULE,CANDIDATE_BLOCKS,DEVELOPMENT,14,14,11,78.5714,1.7857
FIRST_IN_SCHEDULE,CANDIDATE_BLOCKS,LATER,15,15,13,86.6667,3.0000
HOUR,00:00,ALL,44,44,39,88.6364,3.2955
HOUR,00:00,DEVELOPMENT,23,23,22,95.6522,4.3478
HOUR,00:00,LATER,21,21,17,80.9524,2.1429
HOUR,01:00,ALL,61,61,49,80.3279,2.0492
HOUR,01:00,DEVELOPMENT,23,23,18,78.2609,1.7391
HOUR,01:00,LATER,38,38,31,81.5789,2.2368
HOUR,02:00,ALL,57,57,43,75.4386,1.3158
HOUR,02:00,DEVELOPMENT,20,20,14,70.0000,0.5000
HOUR,02:00,LATER,37,37,29,78.3784,1.7568
HOUR,03:00,ALL,48,48,36,75.0000,1.2500
HOUR,03:00,DEVELOPMENT,24,24,20,83.3333,2.5000
HOUR,03:00,LATER,24,24,16,66.6667,0.0000
HOUR,04:00,ALL,86,85,64,75.2941,1.2791
HOUR,04:00,DEVELOPMENT,39,39,30,76.9231,1.5385
HOUR,04:00,LATER,47,46,34,73.9130,1.0638
HOUR,05:00,ALL,203,192,144,75.0000,1.1823
HOUR,05:00,DEVELOPMENT,86,84,66,78.5714,1.7442
HOUR,05:00,LATER,117,108,78,72.2222,0.7692
HOUR,06:00,ALL,316,313,231,73.8019,1.0601
HOUR,06:00,DEVELOPMENT,168,168,126,75.0000,1.2500
HOUR,06:00,LATER,148,145,105,72.4138,0.8446
HOUR,07:00,ALL,358,357,285,79.8319,1.9693
HOUR,07:00,DEVELOPMENT,163,163,128,78.5276,1.7791
HOUR,07:00,LATER,195,194,157,80.9278,2.1282
HOUR,08:00,ALL,205,202,141,69.8020,0.4634
HOUR,08:00,DEVELOPMENT,102,99,69,69.6970,0.4412
HOUR,08:00,LATER,103,103,72,69.9029,0.4854
HOUR,09:00,ALL,136,133,103,77.4436,1.5809
HOUR,09:00,DEVELOPMENT,67,64,51,79.6875,1.8657
HOUR,09:00,LATER,69,69,52,75.3623,1.3043
HOUR,10:00,ALL,110,109,83,76.1468,1.4091
HOUR,10:00,DEVELOPMENT,60,60,45,75.0000,1.2500
HOUR,10:00,LATER,50,49,38,77.5510,1.6000
HOUR,11:00,ALL,87,87,71,81.6092,2.2414
HOUR,11:00,DEVELOPMENT,35,35,25,71.4286,0.7143
HOUR,11:00,LATER,52,52,46,88.4615,3.2692
HOUR,12:00,ALL,119,119,93,78.1513,1.7227
HOUR,12:00,DEVELOPMENT,63,63,51,80.9524,2.1429
HOUR,12:00,LATER,56,56,42,75.0000,1.2500
HOUR,13:00,ALL,51,51,35,68.6275,0.2941
HOUR,13:00,DEVELOPMENT,23,23,16,69.5652,0.4348
HOUR,13:00,LATER,28,28,19,67.8571,0.1786
HOUR,14:00,ALL,0,0,0,0.0000,0.0000
HOUR,14:00,DEVELOPMENT,0,0,0,0.0000,0.0000
HOUR,14:00,LATER,0,0,0,0.0000,0.0000
HOUR,15:00,ALL,34,32,28,87.5000,2.9412
HOUR,15:00,DEVELOPMENT,18,17,16,94.1176,3.8889
HOUR,15:00,LATER,16,15,12,80.0000,1.8750
HOUR,16:00,ALL,20,19,19,100.0000,4.7500
HOUR,16:00,DEVELOPMENT,12,12,12,100.0000,5.0000
HOUR,16:00,LATER,8,7,7,100.0000,4.3750
HOUR,17:00,ALL,56,56,38,67.8571,0.1786
HOUR,17:00,DEVELOPMENT,21,21,13,61.9048,-0.7143
HOUR,17:00,LATER,35,35,25,71.4286,0.7143
HOUR,18:00,ALL,39,39,30,76.9231,1.5385
HOUR,18:00,DEVELOPMENT,15,15,11,73.3333,1.0000
HOUR,18:00,LATER,24,24,19,79.1667,1.8750
HOUR,19:00,ALL,22,22,14,63.6364,-0.4545
HOUR,19:00,DEVELOPMENT,9,9,4,44.4444,-3.3333
HOUR,19:00,LATER,13,13,10,76.9231,1.5385
HOUR,20:00,ALL,24,24,18,75.0000,1.2500
HOUR,20:00,DEVELOPMENT,8,8,7,87.5000,3.1250
HOUR,20:00,LATER,16,16,11,68.7500,0.3125
HOUR,21:00,ALL,26,25,20,80.0000,1.9231
HOUR,21:00,DEVELOPMENT,13,13,11,84.6154,2.6923
HOUR,21:00,LATER,13,12,9,75.0000,1.1538
HOUR,22:00,ALL,39,39,28,71.7949,0.7692
HOUR,22:00,DEVELOPMENT,18,18,11,61.1111,-0.8333
HOUR,22:00,LATER,21,21,17,80.9524,2.1429
HOUR,23:00,ALL,42,42,33,78.5714,1.7857
HOUR,23:00,DEVELOPMENT,14,14,9,64.2857,-0.3571
HOUR,23:00,LATER,28,28,24,85.7143,2.8571
