CandidateIndex,Rule
0,8_TAIL1_1
1,8_NO_TAIL_1
2,8_NO_TAIL_1
3,8_NO_TAIL_1
4,8_NO_TAIL_1
5,8_NO_TAIL_1
6,8_LONG_TAIL_1
7,24_NO_TAIL_4
8,8_NO_TAIL_1
9,8_NO_TAIL_1
10,8_NO_TAIL_1
11,8_NO_TAIL_1
12,8_NO_TAIL_1
13,24_NO_TAIL_4
14,8_NO_TAIL_1
15,8_NO_TAIL_1
16,8_NO_TAIL_1
17,8_NO_TAIL_1
18,8_NO_TAIL_1
19,8_NO_TAIL_1
20,8_TAIL1_1
21,8_NO_TAIL_3
22,8_TAIL1_1
23,8_NO_TAIL_1
24,8_NO_TAIL_1
25,8_NO_TAIL_1
26,24_NO_TAIL_4
27,8_NO_TAIL_1
28,8_NO_TAIL_1
29,24_NO_TAIL_4
30,8_NO_TAIL_1
31,8_TAIL1_1
32,8_LONG_TAIL_1
33,8_NO_TAIL_1
34,8_TAIL1_1
35,8_NO_TAIL_1
36,24_NO_TAIL_4
37,8_NO_TAIL_1
38,8_LONG_TAIL_1
39,8_NO_TAIL_1
40,8_NO_TAIL_1
41,8_NO_TAIL_1
42,8_NO_TAIL_3
43,8_NO_TAIL_1
44,8_NO_TAIL_1
45,8_LONG_TAIL_1
46,8_TAIL1_1
47,8_NO_TAIL_1
48,8_NO_TAIL_1
49,8_LONG_TAIL_1
50,8_NO_TAIL_1
51,8_NO_TAIL_3
52,8_NO_TAIL_1
53,8_NO_TAIL_1
54,8_NO_TAIL_1
55,8_NO_TAIL_1
56,8_TAIL1_1
57,8_NO_TAIL_1
58,8_TAIL1_1
59,8_NO_TAIL_1
60,8_TAIL1_1
61,8_NO_TAIL_3
62,8_NO_TAIL_1
63,8_NO_TAIL_3
64,8_NO_TAIL_1
65,8_NO_TAIL_1
66,8_NO_TAIL_1
67,8_NO_TAIL_1
68,8_NO_TAIL_1
69,8_NO_TAIL_3
70,8_NO_TAIL_1
71,8_NO_TAIL_1
72,24_NO_TAIL_4
73,8_NO_TAIL_1
74,8_NO_TAIL_1
75,8_NO_TAIL_3
76,8_NO_TAIL_1
77,8_NO_TAIL_1
78,8_NO_TAIL_1
79,8_NO_TAIL_1
80,8_LONG_TAIL_1
81,8_NO_TAIL_1
82,8_TAIL1_1
83,8_NO_TAIL_1
84,8_LONG_TAIL_1
85,8_LONG_TAIL_1
86,8_NO_TAIL_1
87,8_LONG_TAIL_1
88,8_NO_TAIL_1
89,8_NO_TAIL_1
90,8_NO_TAIL_3
91,8_TAIL1_1
92,8_TAIL1_1
93,8_NO_TAIL_1
94,8_NO_TAIL_1
95,8_NO_TAIL_1
96,8_NO_TAIL_1
97,8_LONG_TAIL_1
98,8_NO_TAIL_1
99,8_NO_TAIL_1
100,8_NO_TAIL_1
101,24_NO_TAIL_4
102,8_NO_TAIL_1
103,24_NO_TAIL_4
104,8_TAIL1_1
105,8_NO_TAIL_1
106,8_NO_TAIL_1
107,8_NO_TAIL_1
108,8_NO_TAIL_1
109,8_NO_TAIL_1
110,8_TAIL1_1
111,24_NO_TAIL_4
112,8_NO_TAIL_1
113,8_NO_TAIL_1
114,8_NO_TAIL_1
115,8_NO_TAIL_3
116,8_TAIL1_1
117,8_TAIL1_1
118,8_TAIL1_1
119,8_NO_TAIL_1
120,8_TAIL1_1
121,8_TAIL1_1
122,8_TAIL1_1
123,8_TAIL1_1
124,8_TAIL1_1
125,8_TAIL1_1
126,8_TAIL1_1
127,8_NO_TAIL_1
128,8_NO_TAIL_1
129,8_NO_TAIL_1
130,8_TAIL1_1
131,8_NO_TAIL_1
132,8_NO_TAIL_3
133,8_NO_TAIL_1
134,8_LONG_TAIL_1
135,8_NO_TAIL_1
136,24_NO_TAIL_4
137,8_LONG_TAIL_1
138,8_NO_TAIL_3
139,8_TAIL1_1
140,8_NO_TAIL_1
141,8_LONG_TAIL_1
142,24_NO_TAIL_4
143,8_TAIL1_1
144,8_NO_TAIL_1
145,8_TAIL1_1
146,8_NO_TAIL_3
147,8_NO_TAIL_1
148,8_TAIL1_1
149,8_NO_TAIL_1
150,8_LONG_TAIL_1
151,8_NO_TAIL_1
152,8_NO_TAIL_1
153,8_TAIL1_1
154,24_NO_TAIL_4
155,8_NO_TAIL_1
156,8_TAIL1_1
157,8_TAIL1_1
158,8_NO_TAIL_1
159,8_NO_TAIL_1
160,8_NO_TAIL_1
161,8_TAIL1_1
162,8_TAIL1_1
163,8_NO_TAIL_1
164,8_NO_TAIL_1
165,8_NO_TAIL_1
166,24_NO_TAIL_4
167,8_NO_TAIL_3
168,8_NO_TAIL_1
169,8_NO_TAIL_1
170,8_NO_TAIL_1
171,8_TAIL1_1
172,8_TAIL1_1
173,8_NO_TAIL_1
174,8_NO_TAIL_1
175,8_NO_TAIL_1
176,8_NO_TAIL_1
177,8_NO_TAIL_1
178,8_NO_TAIL_1
179,8_TAIL1_1
180,8_NO_TAIL_1
181,8_NO_TAIL_1
182,8_NO_TAIL_1
183,8_NO_TAIL_1
184,8_TAIL1_1
185,8_NO_TAIL_1
186,8_TAIL1_1
187,8_NO_TAIL_1
188,8_TAIL1_1
189,8_TAIL1_1
190,8_NO_TAIL_1
191,8_NO_TAIL_1
192,8_NO_TAIL_1
193,8_NO_TAIL_1
194,8_NO_TAIL_3
195,8_LONG_TAIL_1
196,8_NO_TAIL_1
197,8_NO_TAIL_1
198,8_NO_TAIL_3
199,8_NO_TAIL_1
200,8_NO_TAIL_1
201,8_NO_TAIL_1
202,8_NO_TAIL_1
203,8_TAIL1_1
204,8_LONG_TAIL_1
205,8_NO_TAIL_1
206,8_NO_TAIL_3
207,8_NO_TAIL_1
208,8_NO_TAIL_3
209,8_NO_TAIL_3
210,8_LONG_TAIL_1
211,8_NO_TAIL_1
212,8_NO_TAIL_1
213,8_NO_TAIL_1
214,8_NO_TAIL_1
215,8_NO_TAIL_3
216,8_NO_TAIL_3
217,8_TAIL1_1
218,8_LONG_TAIL_1
219,8_NO_TAIL_1
220,8_NO_TAIL_1
221,8_NO_TAIL_1
222,8_NO_TAIL_1
223,8_NO_TAIL_3
224,8_LONG_TAIL_1
225,8_TAIL1_1
226,8_NO_TAIL_1
227,8_NO_TAIL_1
228,24_NO_TAIL_4
229,8_LONG_TAIL_1
230,8_NO_TAIL_1
231,8_NO_TAIL_1
232,8_LONG_TAIL_1
233,8_NO_TAIL_3
234,8_NO_TAIL_1
235,8_NO_TAIL_1
236,8_NO_TAIL_1
237,8_NO_TAIL_3
238,8_NO_TAIL_1
239,8_TAIL1_1
240,8_NO_TAIL_1
241,8_NO_TAIL_1
242,8_NO_TAIL_1
243,8_NO_TAIL_1
244,8_TAIL1_1
245,24_NO_TAIL_4
246,8_NO_TAIL_3
247,8_NO_TAIL_1
248,8_TAIL1_1
249,8_NO_TAIL_1
250,8_NO_TAIL_1
251,8_TAIL1_1
252,8_NO_TAIL_1
253,8_NO_TAIL_1
254,8_TAIL1_1
255,24_NO_TAIL_4
256,8_LONG_TAIL_1
257,8_TAIL1_1
258,8_TAIL1_1
259,8_LONG_TAIL_1
260,8_LONG_TAIL_1
261,8_LONG_TAIL_1
262,8_NO_TAIL_1
263,8_NO_TAIL_1
264,8_NO_TAIL_1
265,8_NO_TAIL_1
266,24_NO_TAIL_4
267,8_NO_TAIL_1
268,8_NO_TAIL_1
269,8_TAIL1_1
270,8_LONG_TAIL_1
271,8_NO_TAIL_1
272,8_NO_TAIL_1
273,8_NO_TAIL_1
274,8_NO_TAIL_3
275,8_NO_TAIL_1
276,8_TAIL1_1
277,8_NO_TAIL_1
278,8_NO_TAIL_3
279,8_TAIL1_1
280,8_TAIL1_1
281,8_NO_TAIL_1
282,8_NO_TAIL_1
283,8_NO_TAIL_1
284,8_NO_TAIL_1
285,8_NO_TAIL_1
286,8_NO_TAIL_1
287,8_TAIL1_1
288,8_NO_TAIL_1
289,8_TAIL1_1
290,8_NO_TAIL_1
291,8_NO_TAIL_1
292,8_NO_TAIL_1
293,8_TAIL1_1
294,8_NO_TAIL_1
295,8_NO_TAIL_1
296,8_LONG_TAIL_1
297,8_NO_TAIL_1
298,8_TAIL1_1
299,8_TAIL1_1
300,8_NO_TAIL_3
301,8_TAIL1_1
302,8_TAIL1_1
303,8_TAIL1_1
304,8_LONG_TAIL_1
305,8_TAIL1_1
306,8_LONG_TAIL_1
307,8_LONG_TAIL_1
308,8_NO_TAIL_1
309,8_TAIL1_1
310,8_NO_TAIL_1
311,8_NO_TAIL_1
312,8_NO_TAIL_1
313,8_TAIL1_1
314,8_TAIL1_1
315,8_NO_TAIL_1
316,8_NO_TAIL_1
317,8_LONG_TAIL_1
318,8_NO_TAIL_3
319,8_NO_TAIL_1
320,8_NO_TAIL_1
321,8_NO_TAIL_1
322,8_NO_TAIL_1
323,8_NO_TAIL_1
324,8_NO_TAIL_1
325,8_NO_TAIL_1
326,8_NO_TAIL_1
327,8_NO_TAIL_1
328,8_NO_TAIL_3
329,8_NO_TAIL_1
330,8_NO_TAIL_1
331,8_NO_TAIL_1
332,24_NO_TAIL_4
333,8_LONG_TAIL_1
334,8_NO_TAIL_1
335,8_TAIL1_1
336,8_NO_TAIL_1
337,8_LONG_TAIL_1
338,8_LONG_TAIL_1
339,8_NO_TAIL_1
340,24_NO_TAIL_4
341,8_TAIL1_1
342,8_NO_TAIL_1
343,8_TAIL1_1
344,8_NO_TAIL_1
345,24_NO_TAIL_4
346,8_NO_TAIL_1
347,8_NO_TAIL_1
348,8_TAIL1_1
349,8_TAIL1_1
350,8_NO_TAIL_1
351,8_NO_TAIL_1
352,8_TAIL1_1
353,8_NO_TAIL_3
354,8_NO_TAIL_1
355,8_NO_TAIL_1
356,8_NO_TAIL_1
357,8_TAIL1_1
358,8_LONG_TAIL_1
359,8_NO_TAIL_1
360,8_LONG_TAIL_1
361,24_NO_TAIL_4
362,8_NO_TAIL_1
363,8_TAIL1_1
364,8_NO_TAIL_1
365,8_NO_TAIL_1
366,8_NO_TAIL_1
367,8_LONG_TAIL_1
368,24_NO_TAIL_4
369,8_NO_TAIL_1
370,8_TAIL1_1
371,8_TAIL1_1
372,8_LONG_TAIL_1
373,8_NO_TAIL_1
374,8_NO_TAIL_1
375,8_NO_TAIL_1
376,8_TAIL1_1
377,8_NO_TAIL_1
378,8_NO_TAIL_1
379,24_NO_TAIL_4
380,8_TAIL1_1
381,8_NO_TAIL_1
382,8_NO_TAIL_1
383,8_NO_TAIL_1
384,8_LONG_TAIL_1
385,8_LONG_TAIL_1
386,8_NO_TAIL_1
387,8_NO_TAIL_1
388,8_NO_TAIL_1
389,8_TAIL1_1
390,8_NO_TAIL_1
391,8_NO_TAIL_3
392,8_NO_TAIL_1
393,8_NO_TAIL_1
394,8_TAIL1_1
395,8_NO_TAIL_1
396,8_NO_TAIL_1
397,8_NO_TAIL_1
398,8_NO_TAIL_1
399,24_NO_TAIL_4
400,8_NO_TAIL_1
401,8_TAIL1_1
402,8_NO_TAIL_1
403,8_NO_TAIL_1
404,8_NO_TAIL_1
405,24_NO_TAIL_4
406,8_NO_TAIL_1
407,8_TAIL1_1
408,8_NO_TAIL_1
409,8_NO_TAIL_3
410,24_NO_TAIL_4
411,8_NO_TAIL_1
412,8_NO_TAIL_1
413,8_LONG_TAIL_1
414,8_NO_TAIL_1
415,8_NO_TAIL_1
416,8_NO_TAIL_3
417,24_NO_TAIL_4
418,8_NO_TAIL_1
419,8_NO_TAIL_1
420,8_NO_TAIL_1
421,8_LONG_TAIL_1
422,8_NO_TAIL_3
423,8_TAIL1_1
424,8_NO_TAIL_1
425,8_TAIL1_1
426,8_NO_TAIL_1
427,8_TAIL1_1
428,8_NO_TAIL_1
429,8_NO_TAIL_1
430,24_NO_TAIL_4
431,8_NO_TAIL_1
432,8_LONG_TAIL_1
433,8_NO_TAIL_1
434,24_NO_TAIL_4
435,8_NO_TAIL_3
436,8_NO_TAIL_3
437,8_TAIL1_1
438,8_NO_TAIL_1
439,8_TAIL1_1
440,8_TAIL1_1
441,8_NO_TAIL_1
442,8_NO_TAIL_1
443,8_LONG_TAIL_1
444,8_NO_TAIL_1
445,8_LONG_TAIL_1
446,8_LONG_TAIL_1
447,8_NO_TAIL_1
448,24_NO_TAIL_4
449,8_TAIL1_1
450,8_NO_TAIL_1
451,8_TAIL1_1
452,8_NO_TAIL_1
453,24_NO_TAIL_4
454,8_NO_TAIL_1
