profile,trend,pullback,trigger,raw_signals,signals,days,targets,stops,none,resolved_rate,dev_n,dev_rate,hold_n,hold_rate,long_n,long_rate,short_n,short_rate,median_delay_seconds,p90_delay_seconds
T4_very_strong+P3_doji+E4_very_strong_clear,T4_very_strong,P3_doji,E4_very_strong_clear,6,6,5,5,0,1,100.0,1,100.0,5,100.0,1,100.0,5,100.0,9.896,24.3
T4_very_strong+P5_relative_weak+E4_very_strong_clear,T4_very_strong,P5_relative_weak,E4_very_strong_clear,6,6,5,5,0,1,100.0,1,100.0,5,100.0,1,100.0,5,100.0,9.896,24.3
T4_very_strong+P4_shrink_doji+E4_very_strong_clear,T4_very_strong,P4_shrink_doji,E4_very_strong_clear,2,2,2,2,0,0,100.0,1,100.0,1,100.0,1,100.0,1,100.0,1.26,1.26
T4_very_strong+P5_relative_weak+E3_strong_clear,T4_very_strong,P5_relative_weak,E3_strong_clear,16,16,11,13,2,1,86.67,6,83.33,10,88.89,5,80.0,11,90.0,8.792,24.3
T4_very_strong+P3_doji+E3_strong_clear,T4_very_strong,P3_doji,E3_strong_clear,15,15,11,11,3,1,78.57,5,80.0,10,77.78,5,80.0,10,77.78,10.172,38.78
T1_ordered_rising+P3_doji+E4_very_strong_clear,T1_ordered_rising,P3_doji,E4_very_strong_clear,48,47,24,35,10,2,77.78,18,72.22,29,81.48,3,66.67,44,78.57,38.78,249.264
T4_very_strong+P2_compact+E1_expand,T4_very_strong,P2_compact,E1_expand,182,161,32,115,43,3,72.78,63,74.6,98,71.58,65,78.12,96,69.15,26.348,148.644
T4_very_strong+P3_doji+E2_strong,T4_very_strong,P3_doji,E2_strong,62,61,25,43,17,1,71.67,25,72.0,36,71.43,20,85.0,41,65.0,21.544,152.556
T4_very_strong+P3_doji+E1_expand,T4_very_strong,P3_doji,E1_expand,205,184,32,132,49,3,72.93,74,75.68,110,71.03,75,75.68,109,71.03,27.412,144.452
T4_very_strong+P5_relative_weak+E1_expand,T4_very_strong,P5_relative_weak,E1_expand,198,179,32,126,50,3,71.59,69,72.46,110,71.03,73,76.39,106,68.27,25.356,131.572
T4_very_strong+P4_shrink_doji+E2_strong,T4_very_strong,P4_shrink_doji,E2_strong,29,29,20,21,8,0,72.41,10,70.0,19,73.68,16,81.25,13,61.54,19.216,86.304
T4_very_strong+P4_shrink_doji+E1_expand,T4_very_strong,P4_shrink_doji,E1_expand,114,109,30,76,32,1,70.37,39,71.79,70,69.57,53,73.08,56,67.86,27.412,126.476
T2_moderate+P2_compact+E1_expand,T2_moderate,P2_compact,E1_expand,697,485,33,334,146,5,69.58,203,69.46,282,69.68,208,68.45,277,70.44,39.928,175.36
T2_moderate+P3_doji+E1_expand,T2_moderate,P3_doji,E1_expand,824,553,33,386,161,6,70.57,234,72.22,319,69.33,234,69.83,319,71.11,36.408,165.152
T1_ordered_rising+P1_any_1to5+E1_expand,T1_ordered_rising,P1_any_1to5,E1_expand,2107,924,33,638,279,7,69.57,402,70.07,522,69.19,341,68.73,583,70.07,34.76,177.312
T1_ordered_rising+P2_compact+E1_expand,T1_ordered_rising,P2_compact,E1_expand,1315,702,33,485,211,6,69.68,301,70.43,401,69.11,277,70.18,425,69.36,39.072,182.552
T1_ordered_rising+P4_shrink_doji+E1_expand,T1_ordered_rising,P4_shrink_doji,E1_expand,977,577,33,394,178,5,68.88,242,68.6,335,69.09,249,69.23,328,68.62,38.484,182.888
T2_moderate+P5_relative_weak+E1_expand,T2_moderate,P5_relative_weak,E1_expand,703,501,33,339,156,6,68.48,210,68.57,291,68.42,218,67.59,283,69.18,34.056,171.58
T1_ordered_rising+P5_relative_weak+E1_expand,T1_ordered_rising,P5_relative_weak,E1_expand,1213,697,33,478,213,6,69.18,293,70.31,404,68.34,295,67.92,402,70.1,37.412,183.64
T1_ordered_rising+P3_doji+E1_expand,T1_ordered_rising,P3_doji,E1_expand,1632,798,33,553,238,7,69.91,337,72.4,461,68.06,315,69.65,483,70.08,38.136,175.512
T3_strong+P2_compact+E1_expand,T3_strong,P2_compact,E1_expand,355,292,32,202,87,3,69.9,121,72.73,171,67.86,117,70.69,175,69.36,33.24,165.424
T3_strong+P1_any_1to5+E1_expand,T3_strong,P1_any_1to5,E1_expand,539,416,33,282,131,3,68.28,183,67.76,233,68.7,161,70.0,255,67.19,32.616,164.1
T2_moderate+P1_any_1to5+E1_expand,T2_moderate,P1_any_1to5,E1_expand,1066,663,33,446,212,5,67.78,290,67.59,373,67.93,256,66.93,407,68.32,33.792,166.84
T3_strong+P4_shrink_doji+E1_expand,T3_strong,P4_shrink_doji,E1_expand,255,222,32,154,67,1,69.68,98,72.45,124,67.48,104,70.87,118,68.64,34.224,142.348
T3_strong+P3_doji+E1_expand,T3_strong,P3_doji,E1_expand,414,334,32,229,101,4,69.39,140,72.14,194,67.37,140,70.5,194,68.59,33.68,156.832
T4_very_strong+P1_any_1to5+E1_expand,T4_very_strong,P1_any_1to5,E1_expand,275,243,32,165,74,4,69.04,101,67.33,142,70.29,92,73.33,151,66.44,28.852,144.452
T2_moderate+P4_shrink_doji+E1_expand,T2_moderate,P4_shrink_doji,E1_expand,495,378,33,257,118,3,68.53,159,70.44,219,67.13,175,67.63,203,69.31,38.624,165.244
T1_ordered_rising+P4_shrink_doji+E4_very_strong_clear,T1_ordered_rising,P4_shrink_doji,E4_very_strong_clear,30,29,17,21,7,1,75.0,12,66.67,17,81.25,3,66.67,26,76.0,38.78,326.576
T3_strong+P5_relative_weak+E3_strong_clear,T3_strong,P5_relative_weak,E3_strong_clear,24,24,17,17,6,1,73.91,9,66.67,15,78.57,7,71.43,17,75.0,9.896,54.212
T2_moderate+P4_shrink_doji+E4_very_strong_clear,T2_moderate,P4_shrink_doji,E4_very_strong_clear,11,11,9,8,3,0,72.73,6,66.67,5,80.0,2,100.0,9,66.67,38.78,157.02
T2_moderate+P1_any_1to5+E2_strong,T2_moderate,P1_any_1to5,E2_strong,321,268,33,188,79,1,70.41,125,65.6,143,74.65,78,73.08,190,69.31,25.928,166.84
T1_ordered_rising+P1_any_1to5+E3_strong_clear,T1_ordered_rising,P1_any_1to5,E3_strong_clear,361,263,33,181,79,3,69.62,123,65.57,140,73.19,57,64.91,206,70.94,46.46,245.856
T3_strong+P5_relative_weak+E1_expand,T3_strong,P5_relative_weak,E1_expand,384,317,32,213,100,4,68.05,133,71.43,184,65.56,130,67.44,187,68.48,33.128,156.832
T1_ordered_rising+P3_doji+E2_strong,T1_ordered_rising,P3_doji,E2_strong,344,280,33,194,83,3,70.04,121,65.29,159,73.72,84,75.0,196,67.88,26.004,169.088
T2_moderate+P3_doji+E2_strong,T2_moderate,P3_doji,E2_strong,174,161,31,112,47,2,70.44,66,65.15,95,74.19,53,77.36,108,66.98,23.168,146.544
T1_ordered_rising+P3_doji+E3_strong_clear,T1_ordered_rising,P3_doji,E3_strong_clear,97,92,31,60,30,2,66.67,43,65.12,49,68.09,20,60.0,72,68.57,26.372,169.6
T1_ordered_rising+P1_any_1to5+E2_strong,T1_ordered_rising,P1_any_1to5,E2_strong,659,442,33,303,136,3,69.02,200,64.82,242,72.5,128,71.88,314,67.85,32.256,223.852
T2_moderate+P1_any_1to5+E3_strong_clear,T2_moderate,P1_any_1to5,E3_strong_clear,164,143,33,96,46,1,67.61,71,64.79,72,70.42,32,59.38,111,70.0,35.516,207.42
T3_strong+P3_doji+E2_strong,T3_strong,P3_doji,E2_strong,103,98,28,68,28,2,70.83,42,64.29,56,75.93,34,79.41,64,66.13,23.168,152.556
T4_very_strong+P1_any_1to5+E2_strong,T4_very_strong,P1_any_1to5,E2_strong,99,95,30,63,31,1,67.02,42,64.29,53,69.23,27,81.48,68,61.19,24.3,159.032
T1_ordered_rising+P5_relative_weak+E2_strong,T1_ordered_rising,P5_relative_weak,E2_strong,185,170,32,121,46,3,72.46,69,63.77,101,78.57,56,76.79,114,70.27,21.544,133.048
T3_strong+P3_doji+E3_strong_clear,T3_strong,P3_doji,E3_strong_clear,26,26,18,17,8,1,68.0,11,63.64,15,71.43,8,75.0,18,64.71,15.672,114.472
T3_strong+P1_any_1to5+E2_strong,T3_strong,P1_any_1to5,E2_strong,173,153,33,105,47,1,69.08,71,63.38,82,74.07,46,80.43,107,64.15,25.388,159.032
T4_very_strong+P1_any_1to5+E3_strong_clear,T4_very_strong,P1_any_1to5,E3_strong_clear,44,42,22,28,13,1,68.29,19,63.16,23,72.73,9,66.67,33,68.75,23.756,166.008
T2_moderate+P4_shrink_doji+E2_strong,T2_moderate,P4_shrink_doji,E2_strong,72,71,28,48,23,0,67.61,29,62.07,42,71.43,34,70.59,37,64.86,20.224,139.208
T1_ordered_rising+P1_any_1to5+E4_very_strong_clear,T1_ordered_rising,P1_any_1to5,E4_very_strong_clear,163,132,33,91,38,3,70.54,55,61.11,77,77.33,18,66.67,114,71.17,48.328,242.924
T1_ordered_rising+P2_compact+E3_strong_clear,T1_ordered_rising,P2_compact,E3_strong_clear,49,49,26,31,16,2,65.96,23,60.87,26,70.83,11,54.55,38,69.44,25.844,165.152
T3_strong+P2_compact+E2_strong,T3_strong,P2_compact,E2_strong,73,72,28,51,20,1,71.83,28,60.71,44,79.07,24,83.33,48,65.96,20.224,146.544
T3_strong+P5_relative_weak+E2_strong,T3_strong,P5_relative_weak,E2_strong,80,78,28,53,23,2,69.74,30,60.0,48,76.09,27,81.48,51,63.27,21.412,122.504
T2_moderate+P1_any_1to5+E4_very_strong_clear,T2_moderate,P1_any_1to5,E4_very_strong_clear,76,70,30,46,23,1,66.67,35,60.0,35,73.53,13,69.23,57,66.07,38.084,204.464
T3_strong+P4_shrink_doji+E2_strong,T3_strong,P4_shrink_doji,E2_strong,47,46,26,33,13,0,71.74,20,60.0,26,80.77,24,79.17,22,63.64,19.216,95.624
T4_very_strong+P2_compact+E3_strong_clear,T4_very_strong,P2_compact,E3_strong_clear,13,13,10,9,3,1,75.0,5,60.0,8,85.71,3,66.67,10,77.78,15.672,36.456
T4_very_strong+P4_shrink_doji+E3_strong_clear,T4_very_strong,P4_shrink_doji,E3_strong_clear,7,7,7,5,2,0,71.43,2,100.0,5,60.0,5,80.0,2,50.0,8.792,38.78
T1_ordered_rising+P2_compact+E2_strong,T1_ordered_rising,P2_compact,E2_strong,200,178,33,123,53,2,69.89,77,59.74,101,77.78,59,76.27,119,66.67,24.3,155.548
T2_moderate+P5_relative_weak+E2_strong,T2_moderate,P5_relative_weak,E2_strong,123,120,30,84,34,2,71.19,47,59.57,73,78.87,44,77.27,76,67.57,20.18,114.472
T3_strong+P1_any_1to5+E3_strong_clear,T3_strong,P1_any_1to5,E3_strong_clear,78,72,30,46,25,1,64.79,34,58.82,38,70.27,15,66.67,57,64.29,34.572,172.696
T4_very_strong+P5_relative_weak+E2_strong,T4_very_strong,P5_relative_weak,E2_strong,52,51,26,34,16,1,68.0,17,58.82,34,72.73,18,88.89,33,56.25,19.216,119.976
T4_very_strong+P2_compact+E2_strong,T4_very_strong,P2_compact,E2_strong,47,46,23,31,14,1,68.89,17,58.82,29,75.0,14,92.86,32,58.06,19.216,50.972
T1_ordered_rising+P4_shrink_doji+E2_strong,T1_ordered_rising,P4_shrink_doji,E2_strong,137,130,31,86,43,1,66.67,57,57.89,73,73.61,53,71.7,77,63.16,26.004,152.556
T2_moderate+P2_compact+E2_strong,T2_moderate,P2_compact,E2_strong,121,115,31,79,35,1,69.3,47,57.45,68,77.61,39,76.92,76,65.33,21.412,122.504
T1_ordered_rising+P4_shrink_doji+E3_strong_clear,T1_ordered_rising,P4_shrink_doji,E3_strong_clear,63,59,29,36,22,1,62.07,28,57.14,31,66.67,16,56.25,43,64.29,34.14,159.032
T1_ordered_rising+P5_relative_weak+E3_strong_clear,T1_ordered_rising,P5_relative_weak,E3_strong_clear,49,48,26,30,16,2,65.22,21,57.14,27,72.0,14,50.0,34,71.88,17.728,114.472
T1_ordered_rising+P2_compact+E4_very_strong_clear,T1_ordered_rising,P2_compact,E4_very_strong_clear,31,31,21,21,8,2,72.41,14,57.14,17,86.67,3,66.67,28,73.08,36.044,165.152
T3_strong+P2_compact+E3_strong_clear,T3_strong,P2_compact,E3_strong_clear,20,20,15,13,6,1,68.42,7,57.14,13,75.0,4,75.0,16,66.67,12.544,114.472
T2_moderate+P3_doji+E4_very_strong_clear,T2_moderate,P3_doji,E4_very_strong_clear,18,18,13,12,5,1,70.59,7,57.14,11,80.0,2,100.0,16,66.67,24.3,139.208
T3_strong+P4_shrink_doji+E3_strong_clear,T3_strong,P4_shrink_doji,E3_strong_clear,14,14,14,9,5,0,64.29,7,57.14,7,71.43,8,75.0,6,50.0,15.672,95.624
T2_moderate+P3_doji+E3_strong_clear,T2_moderate,P3_doji,E3_strong_clear,42,42,25,24,17,1,58.54,18,61.11,24,56.52,13,61.54,29,57.14,18.592,139.208
T2_moderate+P5_relative_weak+E3_strong_clear,T2_moderate,P5_relative_weak,E3_strong_clear,32,32,20,20,11,1,64.52,13,53.85,19,72.22,12,58.33,20,68.42,10.172,54.212
T2_moderate+P2_compact+E3_strong_clear,T2_moderate,P2_compact,E3_strong_clear,28,28,18,16,11,1,59.26,12,50.0,16,66.67,8,50.0,20,63.16,15.672,114.472
T1_ordered_rising+P5_relative_weak+E4_very_strong_clear,T1_ordered_rising,P5_relative_weak,E4_very_strong_clear,28,27,18,17,8,2,68.0,10,50.0,17,80.0,3,33.33,24,72.73,25.844,133.048
T2_moderate+P4_shrink_doji+E3_strong_clear,T2_moderate,P4_shrink_doji,E3_strong_clear,27,27,22,15,12,0,55.56,13,61.54,14,50.0,12,58.33,15,53.33,23.168,147.528
T3_strong+P3_doji+E4_very_strong_clear,T3_strong,P3_doji,E4_very_strong_clear,11,11,9,8,2,1,80.0,2,50.0,9,87.5,2,100.0,9,75.0,12.544,114.472
T3_strong+P5_relative_weak+E4_very_strong_clear,T3_strong,P5_relative_weak,E4_very_strong_clear,11,11,9,8,2,1,80.0,2,50.0,9,87.5,2,100.0,9,75.0,12.544,114.472
T3_strong+P4_shrink_doji+E4_very_strong_clear,T3_strong,P4_shrink_doji,E4_very_strong_clear,5,5,5,4,1,0,80.0,2,50.0,3,100.0,2,100.0,3,66.67,12.544,38.78
T3_strong+P1_any_1to5+E4_very_strong_clear,T3_strong,P1_any_1to5,E4_very_strong_clear,36,35,22,20,14,1,58.82,14,42.86,21,70.0,6,83.33,29,53.57,36.456,137.704
T4_very_strong+P1_any_1to5+E4_very_strong_clear,T4_very_strong,P1_any_1to5,E4_very_strong_clear,18,17,14,11,5,1,68.75,7,42.86,10,88.89,3,100.0,14,61.54,24.3,113.992
T2_moderate+P5_relative_weak+E4_very_strong_clear,T2_moderate,P5_relative_weak,E4_very_strong_clear,14,14,10,9,4,1,69.23,5,40.0,9,87.5,3,66.67,11,70.0,12.544,114.096
T2_moderate+P2_compact+E4_very_strong_clear,T2_moderate,P2_compact,E4_very_strong_clear,15,15,10,9,5,1,64.29,6,33.33,9,87.5,2,50.0,13,66.67,24.3,114.472
T3_strong+P2_compact+E4_very_strong_clear,T3_strong,P2_compact,E4_very_strong_clear,11,11,9,7,3,1,70.0,2,0.0,9,87.5,1,100.0,10,66.67,18.592,114.472
T4_very_strong+P2_compact+E4_very_strong_clear,T4_very_strong,P2_compact,E4_very_strong_clear,6,6,5,4,1,1,80.0,1,0.0,5,100.0,0,0,6,80.0,18.592,36.456
