bar,time,direction,entry,families,segment,outcome
965,2026-08-04 06:32:26.700,1,7666.5,PIN7,DEV,TARGET
983,2026-08-04 06:36:27.832,1,7672.75,PIN,DEV,STOP
1007,2026-08-04 06:40:04.384,1,7671.25,PIN7,DEV,STOP
1019,2026-08-04 06:41:15.020,1,7672.5,PIN7,DEV,STOP
1022,2026-08-04 06:42:10.128,1,7671.25,EMA24,DEV,TARGET
1129,2026-08-04 07:00:09.816,1,7685.0,EMA8,DEV,TARGET
1139,2026-08-04 07:00:58.692,1,7686.25,PIN7,DEV,TARGET
1144,2026-08-04 07:01:12.780,1,7687.0,EMA8,DEV,TARGET
1149,2026-08-04 07:02:01.136,1,7690.0,PIN7,DEV,TARGET
1180,2026-08-04 07:05:50.528,1,7694.5,EMA8,DEV,TARGET
1185,2026-08-04 07:06:46.656,1,7696.0,EMA8,DEV,TARGET
1195,2026-08-04 07:09:40.780,1,7695.75,EMA24,DEV,TARGET
1205,2026-08-04 07:13:04.536,1,7698.5,PIN7,DEV,TARGET
1206,2026-08-04 07:14:01.864,1,7699.25,PIN7,DEV,TARGET
1207,2026-08-04 07:14:54.380,1,7699.75,PIN7,DEV,TARGET
1209,2026-08-04 07:15:15.912,1,7701.5,PIN,DEV,TARGET
1210,2026-08-04 07:15:26.488,1,7702.25,PIN,DEV,STOP
1219,2026-08-04 07:17:08.876,1,7701.5,EMA8,DEV,TARGET
1221,2026-08-04 07:17:25.648,1,7702.75,PIN7,DEV,TARGET
1307,2026-08-04 07:30:32.580,-1,7694.5,PIN7,DEV,TARGET
1322,2026-08-04 07:32:31.272,-1,7695.5,EMA50,DEV,STOP
1331,2026-08-04 07:33:42.756,1,7700.25,EMA8,DEV,TARGET
1334,2026-08-04 07:34:32.920,1,7702.0,PIN7,DEV,TARGET
1341,2026-08-04 07:36:47.736,1,7702.0,EMA8,DEV,STOP
1362,2026-08-04 07:38:20.464,1,7708.5,EMA8,DEV,TARGET
1402,2026-08-04 07:42:45.932,1,7706.75,PIN7,DEV,TARGET
1403,2026-08-04 07:43:34.808,1,7707.25,PIN7,DEV,TARGET
1404,2026-08-04 07:43:43.876,1,7708.0,PIN7,DEV,TARGET
1407,2026-08-04 07:44:59.916,1,7710.0,PIN,DEV,TARGET
1410,2026-08-04 07:45:15.860,1,7709.0,EMA8,DEV,TARGET
1412,2026-08-04 07:45:47.364,1,7709.25,EMA8,DEV,TARGET
1414,2026-08-04 07:46:09.768,1,7709.25,EMA8,DEV,TARGET
1435,2026-08-04 07:51:06.012,1,7710.25,EMA24,DEV,TARGET
1450,2026-08-04 07:56:38.196,1,7713.0,PIN7,DEV,TARGET
1455,2026-08-04 07:58:03.656,1,7713.0,EMA8,DEV,TARGET
1457,2026-08-04 07:59:01.856,1,7714.75,PIN7,DEV,TARGET
1974,2026-08-04 11:00:32.116,-1,7766.0,PIN,DEV,TARGET
1976,2026-08-04 11:00:45.720,-1,7764.5,PIN,DEV,TARGET
1977,2026-08-04 11:00:49.792,-1,7764.0,PIN,DEV,STOP
2006,2026-08-04 11:04:24.920,-1,7767.5,PIN7,DEV,TARGET
2039,2026-08-04 11:10:47.528,1,7771.25,EMA24,DEV,TARGET
2047,2026-08-04 11:12:37.256,1,7771.25,EMA50,DEV,STOP
2066,2026-08-04 11:18:12.848,1,7773.0,EMA24,DEV,TARGET
2088,2026-08-04 11:24:32.172,1,7775.25,EMA24,DEV,STOP
2113,2026-08-04 11:33:59.564,1,7775.0,EMA50,DEV,STOP
2132,2026-08-04 11:40:05.264,-1,7770.25,EMA8,DEV,TARGET
2138,2026-08-04 11:41:23.896,-1,7768.75,EMA8,DEV,STOP
2142,2026-08-04 11:42:01.404,-1,7770.25,EMA24,DEV,TARGET
2151,2026-08-04 11:44:40.196,-1,7769.25,EMA24,DEV,STOP
2171,2026-08-04 11:51:52.052,1,7774.25,EMA8,DEV,STOP
2206,2026-08-04 12:01:16.660,1,7779.5,PIN,DEV,TARGET
2207,2026-08-04 12:01:36.432,1,7780.0,PIN,DEV,TARGET
2213,2026-08-04 12:03:50.588,1,7781.75,PIN7,DEV,STOP
2271,2026-08-04 12:27:03.024,-1,7776.75,EMA8,DEV,TARGET
2274,2026-08-04 12:27:50.868,-1,7776.75,EMA8,DEV,TARGET
2284,2026-08-04 12:30:05.516,-1,7774.25,EMA8,DEV,TARGET
2289,2026-08-04 12:31:06.220,-1,7775.5,EMA24,DEV,STOP
2323,2026-08-04 12:40:12.608,1,7780.0,EMA8,DEV,TARGET
2325,2026-08-04 12:41:22.252,1,7781.5,PIN7,DEV,TARGET
2335,2026-08-04 12:44:12.788,1,7784.5,PIN,DEV,TARGET
2338,2026-08-04 12:44:56.620,1,7784.25,EMA8,DEV,TARGET
2380,2026-08-04 12:51:49.892,-1,7775.5,EMA8,DEV,TARGET
2383,2026-08-04 12:52:04.340,-1,7775.0,EMA8,DEV,TARGET
2385,2026-08-04 12:52:15.552,-1,7774.75,EMA8,DEV,STOP
2389,2026-08-04 12:52:38.816,-1,7776.0,EMA24,DEV,TARGET
2400,2026-08-04 12:54:30.048,-1,7770.5,PIN7,DEV,TARGET
2402,2026-08-04 12:54:40.032,-1,7771.0,EMA8,DEV,TARGET
2405,2026-08-04 12:55:17.188,-1,7769.5,PIN7,DEV,TARGET
2411,2026-08-04 12:55:52.904,-1,7765.75,PIN,DEV,TARGET
2418,2026-08-04 12:56:29.140,-1,7765.0,EMA8,DEV,TARGET
2427,2026-08-04 12:57:46.784,-1,7765.5,EMA24,DEV,STOP
2429,2026-08-04 12:58:04.764,-1,7766.0,EMA24,DEV,TARGET
2463,2026-08-04 12:59:50.532,-1,7766.25,PIN7,DEV,TARGET
2467,2026-08-04 12:59:55.300,-1,7762.5,PIN,DEV,TARGET
2471,2026-08-04 12:59:58.816,-1,7763.0,EMA8,DEV,TARGET
3750,2026-08-05 06:31:16.836,1,7818.5,PIN,DEV,TARGET
3751,2026-08-05 06:31:18.760,1,7819.0,PIN,DEV,STOP
3783,2026-08-05 06:33:32.604,-1,7808.25,PIN7,DEV,STOP
3820,2026-08-05 06:36:37.180,-1,7805.25,PIN,DEV,STOP
3873,2026-08-05 06:39:53.452,1,7818.0,PIN,DEV,TARGET
3891,2026-08-05 06:40:13.804,1,7814.75,EMA50,DEV,TARGET
3894,2026-08-05 06:40:18.912,1,7817.25,PIN7,DEV,TARGET
3901,2026-08-05 06:40:33.352,1,7819.5,EMA8,DEV,STOP
3935,2026-08-05 06:43:36.480,-1,7813.5,PIN7,DEV,TARGET
3942,2026-08-05 06:43:58.292,-1,7813.75,EMA24,DEV,TARGET
3947,2026-08-05 06:44:29.976,-1,7811.5,PIN7,DEV,TARGET
3948,2026-08-05 06:44:33.892,-1,7810.75,PIN7,DEV,STOP
4248,2026-08-05 07:00:23.868,-1,7810.25,PIN7,DEV,TARGET
4256,2026-08-05 07:00:49.248,-1,7809.75,EMA8,DEV,STOP
4268,2026-08-05 07:01:18.816,-1,7811.0,EMA50,DEV,TARGET
4273,2026-08-05 07:01:32.092,-1,7808.0,PIN7,DEV,TARGET
4275,2026-08-05 07:01:35.448,-1,7806.5,PIN,DEV,STOP
4280,2026-08-05 07:01:46.844,-1,7808.25,EMA24,DEV,TARGET
4286,2026-08-05 07:02:06.544,-1,7806.5,EMA8,DEV,TARGET
4294,2026-08-05 07:02:27.336,-1,7803.75,EMA8,DEV,TARGET
4302,2026-08-05 07:02:43.576,-1,7804.5,EMA24,DEV,TARGET
4304,2026-08-05 07:02:50.056,-1,7804.0,EMA24,DEV,TARGET
4334,2026-08-05 07:04:48.456,1,7809.0,PIN7,DEV,TARGET
4339,2026-08-05 07:05:01.808,1,7810.75,PIN7,DEV,TARGET
4343,2026-08-05 07:05:16.132,1,7812.5,PIN7,DEV,TARGET
4349,2026-08-05 07:05:28.724,1,7816.5,PIN,DEV,TARGET
4353,2026-08-05 07:05:38.452,1,7816.25,EMA8,DEV,STOP
4361,2026-08-05 07:05:55.576,1,7814.5,EMA24,DEV,STOP
4408,2026-08-05 07:08:16.928,1,7814.25,PIN7,DEV,STOP
4414,2026-08-05 07:08:43.936,1,7812.5,EMA50,DEV,STOP
4486,2026-08-05 07:14:17.944,1,7815.75,PIN7,DEV,TARGET
4491,2026-08-05 07:14:58.104,1,7814.5,EMA24,DEV,TARGET
4498,2026-08-05 07:15:18.072,1,7815.25,EMA24,DEV,STOP
4542,2026-08-05 07:19:49.560,-1,7811.25,PIN7,DEV,TARGET
4543,2026-08-05 07:19:51.824,-1,7810.5,PIN7,DEV,TARGET
4547,2026-08-05 07:20:05.660,-1,7807.5,PIN,DEV,TARGET
4566,2026-08-05 07:21:22.660,-1,7809.25,EMA50,DEV,TARGET
4573,2026-08-05 07:22:10.732,-1,7806.25,EMA8,DEV,TARGET
4581,2026-08-05 07:22:32.152,-1,7804.5,EMA8,DEV,TARGET
4619,2026-08-05 07:25:25.100,1,7811.5,PIN7,DEV,TARGET
4677,2026-08-05 07:29:32.112,-1,7803.0,EMA8,DEV,TARGET
4708,2026-08-05 07:31:10.240,-1,7797.5,PIN7,DEV,TARGET
4710,2026-08-05 07:31:24.040,-1,7796.0,PIN,DEV,TARGET
4727,2026-08-05 07:32:40.352,-1,7795.75,EMA24,DEV,STOP
4746,2026-08-05 07:33:48.836,1,7801.0,EMA8,DEV,TARGET
4754,2026-08-05 07:34:22.024,1,7800.25,EMA24+EMA50,DEV,STOP
4776,2026-08-05 07:36:07.164,-1,7796.5,PIN7,DEV,TARGET
4777,2026-08-05 07:36:16.068,-1,7796.0,PIN7,DEV,TARGET
4778,2026-08-05 07:36:23.008,-1,7795.5,PIN7,DEV,TARGET
4783,2026-08-05 07:36:43.504,-1,7794.5,EMA8,DEV,TARGET
4785,2026-08-05 07:36:52.320,-1,7793.0,PIN7,DEV,STOP
4792,2026-08-05 07:37:09.272,-1,7796.0,EMA50,DEV,TARGET
4804,2026-08-05 07:38:06.964,-1,7791.75,EMA8,DEV,TARGET
4841,2026-08-05 07:41:25.548,-1,7788.75,PIN7,DEV,STOP
4846,2026-08-05 07:41:42.848,-1,7790.0,EMA24,DEV,STOP
4859,2026-08-05 07:42:23.452,-1,7790.0,PIN7,DEV,STOP
4869,2026-08-05 07:43:15.788,1,7794.25,EMA8,DEV,STOP
4885,2026-08-05 07:44:27.236,-1,7790.5,PIN7,DEV,TARGET
4941,2026-08-05 07:50:21.932,1,7798.5,EMA8,DEV,STOP
4945,2026-08-05 07:50:31.540,1,7796.25,EMA50,DEV,TARGET
4971,2026-08-05 07:52:27.720,-1,7787.0,PIN,DEV,TARGET
4976,2026-08-05 07:53:05.520,-1,7787.25,EMA8,DEV,TARGET
4978,2026-08-05 07:53:13.036,-1,7787.5,EMA8,DEV,TARGET
4981,2026-08-05 07:53:42.084,-1,7784.5,PIN,DEV,TARGET
4995,2026-08-05 07:53:48.172,-1,7780.0,EMA8,DEV,TARGET
5005,2026-08-05 07:54:14.428,-1,7780.0,EMA8,DEV,STOP
5022,2026-08-05 07:55:17.004,-1,7779.25,PIN7,DEV,STOP
5063,2026-08-05 07:59:25.864,1,7786.5,PIN7,DEV,TARGET
6325,2026-08-05 11:04:36.164,1,7771.5,PIN7,DEV,TARGET
6337,2026-08-05 11:06:53.748,1,7771.0,EMA50,DEV,STOP
6400,2026-08-05 11:30:26.092,-1,7767.75,PIN7,DEV,TARGET
6403,2026-08-05 11:31:32.868,-1,7765.5,PIN,DEV,TARGET
6405,2026-08-05 11:32:09.460,-1,7764.0,PIN,DEV,STOP
6415,2026-08-05 11:34:42.440,-1,7765.75,EMA24,DEV,TARGET
6461,2026-08-05 11:52:08.208,1,7769.25,EMA24+EMA50,DEV,TARGET
6464,2026-08-05 11:53:21.124,1,7769.5,EMA50,DEV,STOP
6472,2026-08-05 11:57:12.864,-1,7765.75,PIN7,DEV,STOP
6489,2026-08-05 12:02:01.396,-1,7767.0,EMA50,DEV,TARGET
6491,2026-08-05 12:02:26.104,-1,7767.0,EMA50,DEV,TARGET
6495,2026-08-05 12:03:26.324,-1,7766.25,EMA50,DEV,TARGET
6539,2026-08-05 12:22:13.172,1,7769.5,EMA50,DEV,TARGET
6541,2026-08-05 12:22:26.556,1,7769.75,EMA50,DEV,TARGET
6545,2026-08-05 12:23:37.664,1,7771.0,PIN7,DEV,STOP
6566,2026-08-05 12:35:01.444,-1,7766.25,EMA8,DEV,TARGET
6587,2026-08-05 12:43:49.232,-1,7766.25,EMA50,DEV,TARGET
6597,2026-08-05 12:46:53.184,-1,7763.5,PIN7,DEV,STOP
6652,2026-08-05 12:58:04.048,-1,7761.75,EMA8,DEV,TARGET
6655,2026-08-05 12:59:00.892,-1,7759.25,PIN,DEV,TARGET
6656,2026-08-05 12:59:03.100,-1,7758.75,PIN,DEV,TARGET
6666,2026-08-05 12:59:35.248,-1,7754.5,PIN,DEV,STOP
6669,2026-08-05 12:59:39.008,-1,7755.5,EMA8,DEV,TARGET
6673,2026-08-05 12:59:43.020,-1,7752.0,PIN,DEV,TARGET
6674,2026-08-05 12:59:44.032,-1,7751.25,PIN,DEV,TARGET
6678,2026-08-05 12:59:47.652,-1,7749.25,PIN,DEV,TARGET
6685,2026-08-05 12:59:55.068,-1,7746.5,PIN7,DEV,STOP
7966,2026-08-06 06:31:29.824,-1,7751.25,EMA8,DEV,TARGET
7972,2026-08-06 06:31:40.116,-1,7752.0,EMA24,DEV,TARGET
7978,2026-08-06 06:32:03.448,-1,7749.5,PIN7,DEV,TARGET
7979,2026-08-06 06:32:05.992,-1,7749.0,PIN7,DEV,TARGET
7997,2026-08-06 06:33:06.268,-1,7742.25,PIN,DEV,TARGET
7998,2026-08-06 06:33:15.948,-1,7741.5,PIN,DEV,TARGET
8006,2026-08-06 06:33:56.268,-1,7744.75,EMA24,DEV,TARGET
8038,2026-08-06 06:35:19.952,1,7748.75,EMA24,DEV,STOP
8074,2026-08-06 06:37:36.584,1,7759.0,PIN,DEV,STOP
8093,2026-08-06 06:38:39.704,1,7754.75,EMA50,DEV,TARGET
8110,2026-08-06 06:39:35.712,-1,7749.5,EMA8,DEV,TARGET
8114,2026-08-06 06:39:52.340,-1,7748.75,EMA8,DEV,TARGET
8117,2026-08-06 06:40:02.208,-1,7746.25,PIN7,DEV,TARGET
8118,2026-08-06 06:40:04.488,-1,7745.5,PIN,DEV,STOP
8156,2026-08-06 06:42:10.300,1,7754.25,EMA24,DEV,TARGET
8188,2026-08-06 06:43:58.852,1,7756.25,EMA24,DEV,TARGET
8454,2026-08-06 07:07:07.108,1,7763.0,PIN7,DEV,TARGET
8462,2026-08-06 07:08:11.956,1,7763.0,EMA24,DEV,TARGET
8470,2026-08-06 07:09:51.256,1,7763.5,EMA24,DEV,TARGET
8477,2026-08-06 07:10:37.680,1,7765.75,EMA8,DEV,TARGET
8484,2026-08-06 07:11:57.032,1,7767.0,EMA8,DEV,STOP
8488,2026-08-06 07:12:37.192,1,7766.25,EMA24,DEV,STOP
8504,2026-08-06 07:15:00.052,1,7765.75,EMA50,DEV,STOP
8534,2026-08-06 07:19:54.964,1,7767.5,EMA8,DEV,STOP
8540,2026-08-06 07:20:56.604,1,7766.5,EMA50,DEV,TARGET
8544,2026-08-06 07:21:43.568,1,7766.25,EMA50,DEV,TARGET
8546,2026-08-06 07:22:12.648,1,7766.25,EMA50,DEV,TARGET
8552,2026-08-06 07:23:29.168,1,7766.25,EMA50,DEV,STOP
8566,2026-08-06 07:25:25.052,-1,7759.25,PIN,DEV,TARGET
8567,2026-08-06 07:25:29.292,-1,7758.5,PIN,DEV,TARGET
8579,2026-08-06 07:26:16.640,-1,7757.75,PIN7,DEV,TARGET
8587,2026-08-06 07:26:25.464,-1,7755.5,EMA8,DEV,TARGET
8592,2026-08-06 07:26:46.488,-1,7754.25,EMA8,DEV,STOP
8596,2026-08-06 07:26:59.852,-1,7756.0,EMA24,DEV,TARGET
8602,2026-08-06 07:27:17.072,-1,7754.0,EMA8,DEV,TARGET
8606,2026-08-06 07:27:26.228,-1,7754.25,EMA24,DEV,TARGET
8629,2026-08-06 07:29:09.228,-1,7752.5,PIN7,DEV,TARGET
8658,2026-08-06 07:31:06.244,-1,7753.5,PIN7,DEV,TARGET
8680,2026-08-06 07:33:05.392,-1,7754.25,EMA50,DEV,TARGET
8702,2026-08-06 07:35:25.256,1,7758.25,EMA8,DEV,TARGET
8741,2026-08-06 07:39:33.204,-1,7749.25,PIN7,DEV,TARGET
8750,2026-08-06 07:40:23.296,-1,7749.5,EMA24,DEV,TARGET
8781,2026-08-06 07:44:05.524,1,7757.25,PIN7,DEV,STOP
8805,2026-08-06 07:47:00.340,-1,7747.75,PIN7,DEV,STOP
8820,2026-08-06 07:50:00.072,-1,7746.75,PIN7,DEV,TARGET
8831,2026-08-06 07:51:18.680,-1,7748.75,EMA50,DEV,TARGET
8856,2026-08-06 07:54:47.704,1,7752.5,PIN7,DEV,TARGET
8875,2026-08-06 07:56:32.008,1,7755.25,EMA8,DEV,TARGET
8881,2026-08-06 07:57:21.844,1,7757.5,EMA8,DEV,TARGET
9927,2026-08-06 11:05:36.944,1,7738.75,PIN7,DEV,STOP
9931,2026-08-06 11:07:46.108,1,7738.0,EMA8,DEV,TARGET
9946,2026-08-06 11:14:15.764,1,7740.0,PIN7,DEV,TARGET
9963,2026-08-06 11:16:20.808,1,7740.5,PIN7,DEV,TARGET
9966,2026-08-06 11:16:56.484,1,7743.0,PIN,DEV,TARGET
9969,2026-08-06 11:17:00.400,1,7746.0,PIN,DEV,TARGET
9979,2026-08-06 11:18:20.376,1,7743.25,EMA24,DEV,TARGET
9986,2026-08-06 11:22:50.504,1,7745.25,EMA8,DEV,STOP
10028,2026-08-06 11:41:31.400,-1,7738.25,EMA8,DEV,TARGET
10084,2026-08-06 12:09:30.604,1,7746.25,PIN7,DEV,TARGET
10112,2026-08-06 12:24:47.184,-1,7739.5,PIN7,DEV,TARGET
10115,2026-08-06 12:25:02.288,-1,7737.5,PIN,DEV,TARGET
10129,2026-08-06 12:27:31.320,-1,7737.75,EMA8,DEV,TARGET
10133,2026-08-06 12:28:27.396,-1,7737.75,EMA24,DEV,TARGET
10145,2026-08-06 12:31:21.052,-1,7737.0,EMA24,DEV,STOP
10163,2026-08-06 12:38:58.464,-1,7736.0,PIN7,DEV,TARGET
10164,2026-08-06 12:39:47.836,-1,7735.5,PIN7,DEV,TARGET
10169,2026-08-06 12:42:00.992,-1,7732.5,PIN,DEV,TARGET
10170,2026-08-06 12:42:09.288,-1,7731.75,PIN,DEV,TARGET
10177,2026-08-06 12:44:01.496,-1,7731.5,EMA8,DEV,STOP
10188,2026-08-06 12:46:38.724,-1,7731.75,PIN7,DEV,TARGET
10192,2026-08-06 12:47:47.444,-1,7731.25,EMA8,DEV,TARGET
10210,2026-08-06 12:50:34.596,-1,7730.0,EMA24,DEV,TARGET
10216,2026-08-06 12:51:25.924,-1,7728.25,EMA8,DEV,TARGET
10242,2026-08-06 12:54:06.020,1,7734.25,EMA8,DEV,TARGET
10246,2026-08-06 12:54:16.504,1,7737.75,PIN,DEV,STOP
10258,2026-08-06 12:55:05.124,1,7736.5,EMA8,DEV,TARGET
10271,2026-08-06 12:57:30.900,1,7737.25,PIN7,DEV,TARGET
10276,2026-08-06 12:58:50.408,1,7738.5,PIN7,DEV,STOP
10278,2026-08-06 12:59:08.932,1,7738.25,EMA8,DEV,TARGET
11799,2026-08-07 06:32:00.356,1,7760.25,PIN7,DEV,TARGET
11800,2026-08-07 06:32:03.036,1,7761.0,PIN7,DEV,STOP
11801,2026-08-07 06:32:07.536,1,7761.25,PIN7,DEV,STOP
11805,2026-08-07 06:32:16.816,1,7759.75,EMA24,DEV,TARGET
11823,2026-08-07 06:33:06.996,1,7762.25,PIN7,DEV,TARGET
11824,2026-08-07 06:33:13.588,1,7762.75,PIN7,DEV,STOP
11827,2026-08-07 06:33:25.376,1,7761.5,EMA24,DEV,STOP
11879,2026-08-07 06:36:18.620,-1,7756.25,PIN7,DEV,TARGET
11881,2026-08-07 06:36:23.004,-1,7756.75,EMA8,DEV,TARGET
11889,2026-08-07 06:36:38.916,-1,7755.5,EMA8,DEV,TARGET
11892,2026-08-07 06:36:51.952,-1,7754.5,EMA8,DEV,STOP
11918,2026-08-07 06:38:00.084,1,7760.0,PIN7,DEV,TARGET
11919,2026-08-07 06:38:05.220,1,7760.5,PIN7,DEV,TARGET
11920,2026-08-07 06:38:08.204,1,7761.25,PIN7,DEV,STOP
11965,2026-08-07 06:40:48.420,1,7760.25,PIN7,DEV,TARGET
11978,2026-08-07 06:41:42.068,1,7763.0,PIN7,DEV,TARGET
11994,2026-08-07 06:42:17.012,-1,7757.25,PIN7,DEV,STOP
11996,2026-08-07 06:42:21.532,-1,7757.75,EMA8,DEV,STOP
12014,2026-08-07 06:43:19.172,1,7762.25,PIN7,DEV,TARGET
12018,2026-08-07 06:43:48.132,1,7763.75,PIN7,DEV,TARGET
12019,2026-08-07 06:43:53.028,1,7764.5,PIN7,DEV,TARGET
12022,2026-08-07 06:44:01.240,1,7767.0,PIN,DEV,STOP
12023,2026-08-07 06:44:10.852,1,7767.5,PIN,DEV,STOP
12030,2026-08-07 06:44:44.828,1,7766.25,EMA8,DEV,TARGET
12283,2026-08-07 07:00:29.788,1,7759.25,PIN7,DEV,TARGET
12284,2026-08-07 07:00:33.032,1,7760.0,PIN7,DEV,TARGET
12289,2026-08-07 07:00:44.048,1,7760.75,EMA8,DEV,TARGET
12298,2026-08-07 07:01:08.768,1,7761.0,EMA24,DEV,STOP
12316,2026-08-07 07:02:07.904,-1,7755.5,PIN7,DEV,STOP
12356,2026-08-07 07:04:26.756,-1,7753.75,EMA8,DEV,TARGET
12359,2026-08-07 07:04:37.128,-1,7753.5,EMA8,DEV,TARGET
12364,2026-08-07 07:04:54.636,-1,7754.0,EMA24,DEV,TARGET
12441,2026-08-07 07:09:26.940,-1,7753.0,PIN7,DEV,TARGET
12451,2026-08-07 07:10:21.828,-1,7751.75,EMA8,DEV,STOP
12456,2026-08-07 07:10:31.240,-1,7753.25,EMA50,DEV,TARGET
12474,2026-08-07 07:11:46.104,-1,7749.75,PIN7,DEV,TARGET
12492,2026-08-07 07:13:02.988,-1,7747.0,EMA24,DEV,TARGET
12520,2026-08-07 07:14:33.456,-1,7745.75,PIN7,DEV,TARGET
12550,2026-08-07 07:16:23.480,1,7751.25,EMA8,DEV,TARGET
12556,2026-08-07 07:16:43.792,1,7754.75,PIN,DEV,TARGET
12562,2026-08-07 07:17:25.736,1,7754.75,EMA8,DEV,TARGET
12565,2026-08-07 07:17:33.540,1,7755.0,EMA8,DEV,TARGET
12573,2026-08-07 07:17:50.988,1,7757.0,EMA8,DEV,TARGET
12578,2026-08-07 07:18:02.916,1,7756.0,EMA24,DEV,TARGET
12580,2026-08-07 07:18:16.740,1,7756.25,EMA24,DEV,TARGET
12590,2026-08-07 07:18:45.600,1,7758.5,PIN7,DEV,TARGET
12592,2026-08-07 07:18:55.128,1,7760.0,PIN7,DEV,TARGET
12594,2026-08-07 07:19:05.428,1,7762.0,PIN,DEV,TARGET
12596,2026-08-07 07:19:14.176,1,7763.0,PIN,DEV,TARGET
12600,2026-08-07 07:19:51.900,1,7762.75,EMA8,DEV,TARGET
12602,2026-08-07 07:19:56.084,1,7764.25,PIN7,DEV,TARGET
12618,2026-08-07 07:21:10.544,1,7765.5,EMA8,DEV,STOP
12646,2026-08-07 07:23:47.480,1,7767.75,PIN7,DEV,TARGET
12647,2026-08-07 07:23:55.384,1,7768.0,PIN7,DEV,TARGET
12653,2026-08-07 07:24:15.120,1,7768.5,EMA8,DEV,TARGET
12657,2026-08-07 07:25:01.560,1,7768.75,EMA8,DEV,TARGET
12663,2026-08-07 07:25:33.760,1,7772.75,PIN,DEV,TARGET
12664,2026-08-07 07:25:49.492,1,7773.5,PIN,DEV,TARGET
12670,2026-08-07 07:26:48.160,1,7775.0,EMA8,DEV,TARGET
12672,2026-08-07 07:27:00.676,1,7775.0,EMA8,DEV,TARGET
12674,2026-08-07 07:27:07.228,1,7775.5,EMA8,DEV,STOP
12683,2026-08-07 07:28:13.356,1,7776.25,EMA8,DEV,TARGET
12686,2026-08-07 07:28:27.920,1,7776.75,EMA8,DEV,TARGET
12688,2026-08-07 07:28:43.856,1,7778.25,PIN7,DEV,TARGET
12699,2026-08-07 07:30:03.204,1,7780.0,EMA8,DEV,TARGET
12741,2026-08-07 07:33:28.568,-1,7773.0,PIN7,DEV,TARGET
12762,2026-08-07 07:35:47.084,-1,7771.25,PIN7,DEV,TARGET
12774,2026-08-07 07:36:33.840,-1,7770.75,EMA24,DEV,TARGET
12777,2026-08-07 07:36:46.292,-1,7768.5,PIN7,DEV,STOP
12815,2026-08-07 07:39:45.236,-1,7765.0,PIN,DEV,STOP
12819,2026-08-07 07:40:04.708,-1,7766.25,EMA8,DEV,STOP
12823,2026-08-07 07:40:17.728,-1,7767.75,EMA24,DEV,STOP
12827,2026-08-07 07:40:36.032,-1,7768.5,EMA50,DEV,STOP
12856,2026-08-07 07:42:42.588,-1,7767.75,PIN7,DEV,STOP
12874,2026-08-07 07:44:53.560,-1,7764.75,PIN7,DEV,STOP
12889,2026-08-07 07:45:43.064,1,7770.75,EMA8,DEV,TARGET
12898,2026-08-07 07:46:23.264,1,7771.0,EMA24,DEV,TARGET
12905,2026-08-07 07:47:26.588,1,7773.0,EMA8,DEV,TARGET
12912,2026-08-07 07:48:00.756,1,7774.75,PIN7,DEV,STOP
12948,2026-08-07 07:51:48.160,-1,7769.25,PIN7,DEV,TARGET
12968,2026-08-07 07:53:28.052,-1,7769.75,EMA50,DEV,TARGET
12989,2026-08-07 07:55:53.604,1,7772.5,PIN7,DEV,TARGET
12999,2026-08-07 07:58:06.120,1,7775.0,PIN7,DEV,TARGET
13000,2026-08-07 07:58:15.528,1,7775.5,PIN7,DEV,TARGET
13004,2026-08-07 07:58:46.592,1,7775.5,EMA8,DEV,TARGET
13683,2026-08-07 11:06:23.036,-1,7767.0,PIN7,DEV,TARGET
13694,2026-08-07 11:11:00.920,-1,7767.75,EMA50,DEV,TARGET
13698,2026-08-07 11:12:50.400,-1,7765.5,PIN7,DEV,TARGET
13702,2026-08-07 11:14:35.388,-1,7763.25,PIN,DEV,TARGET
13745,2026-08-07 11:38:25.692,-1,7760.5,EMA8,DEV,TARGET
13756,2026-08-07 11:46:09.368,-1,7757.5,EMA8,DEV,TARGET
13758,2026-08-07 11:46:35.596,-1,7757.25,EMA8,DEV,STOP
13788,2026-08-07 12:01:23.068,1,7767.5,PIN7,DEV,TARGET
13790,2026-08-07 12:01:26.624,1,7769.5,PIN,DEV,TARGET
13793,2026-08-07 12:01:33.008,1,7772.0,PIN,DEV,STOP
13806,2026-08-07 12:06:03.296,1,7771.0,PIN7,DEV,TARGET
13808,2026-08-07 12:07:24.192,1,7772.75,PIN,DEV,TARGET
13822,2026-08-07 12:13:22.120,1,7777.0,EMA8,DEV,TARGET
13831,2026-08-07 12:16:17.184,1,7779.25,EMA8,DEV,TARGET
13833,2026-08-07 12:16:47.012,1,7779.25,EMA8,DEV,TARGET
13909,2026-08-07 12:43:12.808,-1,7775.25,EMA24,DEV,TARGET
13920,2026-08-07 12:47:05.548,-1,7774.75,EMA50,DEV,STOP
13944,2026-08-07 12:54:00.016,1,7778.0,PIN7,DEV,STOP
13964,2026-08-07 12:56:03.436,1,7777.0,EMA50,DEV,TARGET
13987,2026-08-07 12:59:21.172,1,7785.5,PIN7,DEV,STOP
14789,2026-08-10 06:31:10.920,1,7779.75,EMA8,DEV,TARGET
14794,2026-08-10 06:31:38.280,1,7781.5,PIN7,DEV,STOP
14827,2026-08-10 06:34:48.600,-1,7773.25,PIN7,DEV,TARGET
14828,2026-08-10 06:34:55.636,-1,7772.5,PIN7,DEV,STOP
14829,2026-08-10 06:35:00.164,-1,7772.25,PIN7,DEV,STOP
14838,2026-08-10 06:35:29.188,-1,7772.75,EMA8,DEV,TARGET
14843,2026-08-10 06:35:41.944,-1,7774.25,EMA24,DEV,STOP
14845,2026-08-10 06:35:55.460,-1,7774.75,EMA50,DEV,STOP
14871,2026-08-10 06:38:18.128,-1,7773.25,PIN7,DEV,TARGET
14872,2026-08-10 06:38:20.768,-1,7773.0,PIN7,DEV,TARGET
14886,2026-08-10 06:39:57.820,-1,7773.75,EMA50,DEV,TARGET
14904,2026-08-10 06:41:32.076,-1,7773.25,EMA50,DEV,STOP
14921,2026-08-10 06:43:02.040,1,7776.5,EMA24,DEV,STOP
15091,2026-08-10 07:01:05.984,1,7781.5,EMA50,DEV,TARGET
15139,2026-08-10 07:16:45.780,1,7789.0,EMA8,DEV,STOP
15148,2026-08-10 07:20:06.612,1,7790.0,PIN7,DEV,STOP
15187,2026-08-10 07:30:35.224,1,7790.25,EMA8,DEV,TARGET
15189,2026-08-10 07:31:12.488,1,7792.0,PIN7,DEV,TARGET
15232,2026-08-10 07:45:35.580,1,7794.0,PIN7,DEV,TARGET
15260,2026-08-10 07:54:58.204,-1,7785.75,EMA8,DEV,TARGET
15264,2026-08-10 07:55:17.964,-1,7785.5,EMA8,DEV,TARGET
15287,2026-08-10 07:59:40.176,-1,7783.75,EMA8,DEV,TARGET
15289,2026-08-10 07:59:52.588,-1,7782.0,PIN7,DEV,TARGET
15852,2026-08-10 11:20:25.288,-1,7772.0,PIN7,DEV,STOP
15868,2026-08-10 11:33:38.444,-1,7772.25,EMA50,DEV,TARGET
15883,2026-08-10 11:45:56.644,1,7775.5,EMA8,DEV,TARGET
15886,2026-08-10 11:50:00.164,1,7775.25,EMA8,DEV,TARGET
15890,2026-08-10 11:52:49.700,1,7777.0,EMA8,DEV,TARGET
15901,2026-08-10 12:03:31.532,1,7779.0,EMA8,DEV,TARGET
15967,2026-08-10 12:54:25.264,-1,7773.25,EMA24,DEV,TARGET
15978,2026-08-10 12:57:08.856,-1,7771.25,PIN7,DEV,TARGET
15979,2026-08-10 12:58:01.048,-1,7770.5,PIN7,DEV,STOP
15996,2026-08-10 12:59:50.628,1,7777.25,PIN7,DEV,TARGET
16748,2026-08-11 06:31:19.652,-1,7782.25,PIN,DEV,STOP
16755,2026-08-11 06:31:54.596,-1,7782.5,EMA8,DEV,TARGET
16758,2026-08-11 06:32:14.844,-1,7782.25,EMA8,DEV,TARGET
16769,2026-08-11 06:33:22.752,-1,7781.75,EMA24,DEV,TARGET
16772,2026-08-11 06:33:56.908,-1,7779.25,PIN7,DEV,STOP
16776,2026-08-11 06:34:22.084,-1,7780.75,EMA24,DEV,TARGET
16781,2026-08-11 06:35:02.724,-1,7779.0,PIN7,DEV,TARGET
16786,2026-08-11 06:35:34.760,-1,7777.5,PIN7,DEV,TARGET
16787,2026-08-11 06:35:49.660,-1,7777.0,PIN7,DEV,TARGET
16788,2026-08-11 06:36:02.276,-1,7776.25,PIN7,DEV,STOP
16956,2026-08-11 07:00:25.564,1,7782.25,EMA8,DEV,TARGET
16958,2026-08-11 07:00:40.200,1,7782.75,EMA8,DEV,TARGET
16977,2026-08-11 07:05:31.840,1,7784.75,EMA24,DEV,TARGET
17009,2026-08-11 07:13:19.452,1,7783.5,EMA50,DEV,TARGET
17035,2026-08-11 07:18:14.104,-1,7781.5,EMA8,DEV,TARGET
17068,2026-08-11 07:26:04.688,-1,7781.25,EMA24,DEV,TARGET
17152,2026-08-11 07:49:58.136,1,7785.0,EMA8,DEV,STOP
17164,2026-08-11 07:52:24.020,1,7785.0,PIN7,DEV,TARGET
17165,2026-08-11 07:52:38.140,1,7785.5,PIN7,DEV,STOP
17172,2026-08-11 07:54:44.260,1,7783.75,EMA50,DEV,TARGET
17180,2026-08-11 07:58:16.600,1,7783.5,EMA50,DEV,STOP
17598,2026-08-11 11:15:54.868,-1,7754.0,EMA50,DEV,TARGET
17618,2026-08-11 11:27:41.012,-1,7747.25,PIN7,DEV,TARGET
17632,2026-08-11 11:29:56.152,-1,7740.0,PIN,DEV,STOP
17660,2026-08-11 11:41:35.488,-1,7743.5,PIN7,DEV,TARGET
17664,2026-08-11 11:44:49.520,-1,7743.75,EMA24,DEV,STOP
17678,2026-08-11 11:54:16.060,1,7749.25,EMA8,DEV,STOP
17725,2026-08-11 12:28:40.188,1,7751.0,EMA8,DEV,TARGET
17728,2026-08-11 12:30:00.320,1,7752.25,EMA8,DEV,TARGET
17730,2026-08-11 12:30:12.344,1,7752.25,EMA8,DEV,TARGET
17740,2026-08-11 12:36:19.488,1,7753.75,EMA8,DEV,TARGET
17750,2026-08-11 12:43:14.556,1,7754.25,EMA24,DEV,STOP
17784,2026-08-11 12:54:00.088,-1,7744.75,EMA8,DEV,STOP
17821,2026-08-11 12:59:33.284,-1,7744.5,PIN7,DEV,TARGET
17834,2026-08-11 12:59:58.156,1,7749.25,EMA8,DEV,TARGET
17837,2026-08-11 12:59:59.644,1,7750.0,EMA8,DEV,TARGET
18871,2026-08-12 06:31:05.496,-1,7782.0,PIN7,DEV,TARGET
18876,2026-08-12 06:31:24.728,-1,7778.0,PIN,DEV,TARGET
18877,2026-08-12 06:31:27.000,-1,7777.25,PIN,DEV,TARGET
18885,2026-08-12 06:31:59.004,-1,7776.5,EMA8,DEV,TARGET
18888,2026-08-12 06:32:15.184,-1,7775.75,EMA8,DEV,TARGET
18891,2026-08-12 06:32:31.460,-1,7775.5,EMA8,DEV,STOP
18897,2026-08-12 06:32:56.216,-1,7774.75,EMA8,DEV,TARGET
18904,2026-08-12 06:33:12.548,-1,7773.75,EMA8,DEV,STOP
18906,2026-08-12 06:33:20.708,-1,7773.75,EMA8,DEV,STOP
18930,2026-08-12 06:35:00.184,-1,7774.5,PIN7,DEV,TARGET
18981,2026-08-12 06:39:40.624,-1,7773.25,PIN7,DEV,TARGET
18982,2026-08-12 06:40:02.892,-1,7772.75,PIN7,DEV,TARGET
18983,2026-08-12 06:40:06.392,-1,7772.0,PIN7,DEV,TARGET
18992,2026-08-12 06:41:17.100,-1,7772.5,EMA24,DEV,STOP
19024,2026-08-12 06:44:33.660,-1,7771.5,PIN7,DEV,STOP
19154,2026-08-12 07:00:16.212,-1,7768.0,PIN7,DEV,STOP
19172,2026-08-12 07:02:19.256,-1,7768.0,PIN7,DEV,TARGET
19183,2026-08-12 07:04:09.440,-1,7765.75,PIN7,DEV,TARGET
19184,2026-08-12 07:04:32.776,-1,7765.0,PIN7,DEV,TARGET
19195,2026-08-12 07:06:04.364,-1,7767.25,EMA50,DEV,TARGET
19254,2026-08-12 07:18:00.424,1,7772.0,PIN7,DEV,TARGET
19255,2026-08-12 07:18:18.288,1,7772.5,PIN7,DEV,TARGET
19258,2026-08-12 07:18:46.384,1,7773.0,EMA8,DEV,TARGET
19260,2026-08-12 07:18:56.428,1,7774.75,PIN7,DEV,STOP
19295,2026-08-12 07:24:22.904,1,7774.25,PIN7,DEV,TARGET
19301,2026-08-12 07:25:38.408,1,7773.25,EMA24,DEV,TARGET
19303,2026-08-12 07:26:17.468,1,7773.25,EMA24,DEV,TARGET
19306,2026-08-12 07:26:39.188,1,7775.75,PIN7,DEV,TARGET
19315,2026-08-12 07:29:06.732,1,7775.75,EMA24,DEV,STOP
19356,2026-08-12 07:31:10.232,-1,7763.75,EMA8,DEV,TARGET
19360,2026-08-12 07:31:10.372,-1,7761.25,PIN7,DEV,TARGET
19400,2026-08-12 07:31:19.276,1,7768.0,EMA8,DEV,TARGET
19421,2026-08-12 07:31:45.908,1,7770.25,PIN7,DEV,TARGET
19427,2026-08-12 07:32:09.424,1,7769.75,EMA24,DEV,STOP
19478,2026-08-12 07:39:17.464,1,7770.25,EMA24,DEV,TARGET
19483,2026-08-12 07:40:21.496,1,7773.0,PIN7,DEV,TARGET
19484,2026-08-12 07:40:27.712,1,7773.5,PIN7,DEV,TARGET
19489,2026-08-12 07:41:17.368,1,7774.5,PIN7,DEV,STOP
19491,2026-08-12 07:41:52.320,1,7774.0,EMA8,DEV,STOP
19494,2026-08-12 07:42:41.236,1,7773.0,EMA24,DEV,TARGET
19496,2026-08-12 07:42:53.308,1,7772.5,EMA24,DEV,TARGET
19502,2026-08-12 07:44:15.096,1,7775.25,PIN7,DEV,TARGET
19504,2026-08-12 07:44:58.192,1,7774.75,EMA8,DEV,TARGET
19506,2026-08-12 07:45:28.500,1,7775.25,EMA8,DEV,TARGET
19511,2026-08-12 07:47:17.772,1,7774.5,EMA24,DEV,STOP
19541,2026-08-12 07:53:05.920,-1,7768.5,EMA24,DEV,TARGET
19573,2026-08-12 07:58:24.972,-1,7766.25,EMA50,DEV,NONE
19979,2026-08-12 12:21:22.888,-1,7773.75,PIN7,DEV,TARGET
19988,2026-08-12 12:32:37.472,-1,7774.25,EMA24,DEV,TARGET
20008,2026-08-12 12:49:50.232,-1,7773.75,EMA50,DEV,TARGET
20011,2026-08-12 12:50:00.040,-1,7773.25,EMA50,DEV,TARGET
20017,2026-08-12 12:51:07.032,-1,7769.75,PIN7,DEV,TARGET
20018,2026-08-12 12:51:10.872,-1,7769.0,PIN7,DEV,TARGET
20033,2026-08-12 12:55:00.088,-1,7767.0,EMA8,DEV,TARGET
20035,2026-08-12 12:55:02.876,-1,7766.0,PIN7,DEV,TARGET
20674,2026-08-13 06:33:23.260,1,7793.0,PIN7,DEV,TARGET
20679,2026-08-13 06:33:59.840,1,7794.25,EMA8,DEV,TARGET
20684,2026-08-13 06:34:27.844,1,7796.75,PIN7,DEV,TARGET
20694,2026-08-13 06:35:33.036,1,7801.75,PIN,DEV,TARGET
20704,2026-08-13 06:36:59.832,1,7805.25,PIN,DEV,TARGET
20713,2026-08-13 06:39:18.288,1,7806.25,EMA8,DEV,TARGET
20715,2026-08-13 06:39:35.020,1,7807.75,PIN7,DEV,TARGET
20716,2026-08-13 06:39:40.380,1,7808.5,PIN7,DEV,STOP
20717,2026-08-13 06:39:53.944,1,7808.75,PIN7,DEV,STOP
20810,2026-08-13 07:02:13.720,1,7826.0,PIN7,DEV,TARGET
20847,2026-08-13 07:14:55.648,1,7829.5,EMA8,DEV,STOP
20862,2026-08-13 07:18:31.988,1,7828.75,PIN7,DEV,TARGET
20871,2026-08-13 07:22:16.768,1,7833.5,PIN,DEV,TARGET
20872,2026-08-13 07:22:47.580,1,7834.25,PIN,DEV,TARGET
20873,2026-08-13 07:23:08.120,1,7835.0,PIN,DEV,TARGET
20883,2026-08-13 07:26:59.220,1,7835.25,EMA8,DEV,TARGET
20894,2026-08-13 07:31:24.448,1,7835.25,EMA24,DEV,TARGET
20899,2026-08-13 07:34:09.412,1,7836.25,EMA24,DEV,TARGET
20927,2026-08-13 07:45:57.616,-1,7826.75,PIN,DEV,TARGET
20939,2026-08-13 07:49:10.148,-1,7822.0,PIN,DEV,TARGET
20946,2026-08-13 07:49:48.352,-1,7820.75,EMA8,DEV,STOP
20954,2026-08-13 07:50:31.716,-1,7822.75,EMA24,DEV,TARGET
20987,2026-08-13 07:56:58.052,-1,7820.25,EMA24,DEV,STOP
21437,2026-08-13 11:17:22.644,1,7814.75,EMA24,DEV,STOP
21452,2026-08-13 11:30:21.864,1,7815.25,PIN7,DEV,TARGET
21457,2026-08-13 11:35:45.776,1,7817.5,PIN7,DEV,TARGET
21459,2026-08-13 11:40:00.516,1,7818.5,PIN7,DEV,TARGET
21460,2026-08-13 11:41:32.852,1,7819.0,PIN7,DEV,TARGET
21469,2026-08-13 11:50:37.508,1,7822.5,PIN7,DEV,TARGET
21482,2026-08-13 12:07:02.892,1,7826.25,PIN,DEV,TARGET
21483,2026-08-13 12:08:39.816,1,7827.0,PIN,DEV,TARGET
21501,2026-08-13 12:19:42.724,1,7825.75,PIN7,DEV,TARGET
21541,2026-08-13 12:50:03.776,-1,7821.25,EMA8,DEV,TARGET
21543,2026-08-13 12:50:11.008,-1,7819.75,PIN7,DEV,TARGET
21544,2026-08-13 12:51:02.012,-1,7819.25,PIN7,DEV,TARGET
21545,2026-08-13 12:51:08.300,-1,7818.5,PIN7,DEV,STOP
21548,2026-08-13 12:53:10.080,-1,7819.25,EMA8,DEV,STOP
21552,2026-08-13 12:54:20.052,-1,7821.0,EMA24,DEV,TARGET
21554,2026-08-13 12:54:40.016,-1,7821.25,EMA50,DEV,TARGET
21961,2026-08-14 06:33:17.236,-1,7823.0,PIN7,DEV,STOP
21972,2026-08-14 06:35:55.832,-1,7824.0,EMA50,DEV,TARGET
21974,2026-08-14 06:36:16.036,-1,7823.75,EMA50,DEV,TARGET
22090,2026-08-14 07:01:29.644,1,7826.75,EMA50,DEV,STOP
22115,2026-08-14 07:10:06.288,1,7828.5,EMA24,DEV,TARGET
22129,2026-08-14 07:14:19.416,1,7828.5,EMA50,DEV,STOP
22148,2026-08-14 07:18:30.136,-1,7821.75,PIN7,DEV,TARGET
22150,2026-08-14 07:19:08.164,-1,7822.25,EMA8,DEV,TARGET
22155,2026-08-14 07:20:13.184,-1,7820.75,EMA8,DEV,TARGET
22157,2026-08-14 07:20:25.508,-1,7820.5,EMA8,DEV,TARGET
22165,2026-08-14 07:21:32.048,-1,7817.5,PIN7,DEV,TARGET
22197,2026-08-14 07:28:05.524,-1,7815.5,EMA8,DEV,TARGET
22200,2026-08-14 07:29:03.072,-1,7814.75,EMA8,DEV,STOP
22204,2026-08-14 07:29:43.532,-1,7816.0,EMA24,DEV,TARGET
22211,2026-08-14 07:30:22.160,-1,7814.75,PIN7,DEV,TARGET
22212,2026-08-14 07:30:26.856,-1,7814.0,PIN7,DEV,TARGET
22216,2026-08-14 07:31:00.064,-1,7812.25,PIN7,DEV,TARGET
22217,2026-08-14 07:31:05.584,-1,7811.5,PIN,DEV,STOP
22233,2026-08-14 07:36:05.412,-1,7812.5,EMA24,DEV,STOP
22251,2026-08-14 07:41:51.476,-1,7812.75,PIN7,DEV,STOP
22587,2026-08-14 11:07:43.720,1,7802.75,EMA8,DEV,TARGET
22592,2026-08-14 11:13:09.036,1,7805.0,PIN7,DEV,TARGET
22603,2026-08-14 11:26:05.184,1,7805.25,EMA8,DEV,STOP
22653,2026-08-14 12:25:55.472,1,7805.0,PIN7,DEV,TARGET
23160,2026-08-17 06:31:03.728,1,7808.5,PIN7,DEV,TARGET
23161,2026-08-17 06:31:16.036,1,7809.0,PIN7,DEV,STOP
23183,2026-08-17 06:33:23.064,-1,7801.5,EMA8,DEV,STOP
23187,2026-08-17 06:33:38.996,-1,7803.0,EMA24,DEV,TARGET
23200,2026-08-17 06:35:00.184,-1,7796.25,PIN,DEV,TARGET
23205,2026-08-17 06:35:12.352,-1,7796.5,EMA8,DEV,STOP
23209,2026-08-17 06:35:56.168,-1,7798.75,EMA24,DEV,TARGET
23217,2026-08-17 06:37:27.432,-1,7799.25,EMA50,DEV,TARGET
23220,2026-08-17 06:37:57.236,-1,7797.0,PIN7,DEV,STOP
23254,2026-08-17 06:44:20.104,-1,7796.25,PIN7,DEV,STOP
23331,2026-08-17 07:00:43.576,-1,7793.5,EMA24,DEV,TARGET
23391,2026-08-17 07:14:23.420,1,7799.0,PIN7,DEV,STOP
23417,2026-08-17 07:25:27.376,-1,7793.5,EMA24,DEV,TARGET
23422,2026-08-17 07:27:22.084,-1,7793.0,EMA24,DEV,TARGET
23437,2026-08-17 07:33:09.360,1,7796.5,EMA8,DEV,STOP
23447,2026-08-17 07:37:36.428,-1,7792.5,PIN7,DEV,TARGET
23452,2026-08-17 07:40:00.112,-1,7792.0,EMA8,DEV,STOP
23480,2026-08-17 07:53:19.176,-1,7792.0,PIN7,DEV,TARGET
23486,2026-08-17 07:56:27.136,-1,7791.0,EMA8,DEV,STOP
23490,2026-08-17 07:59:22.844,-1,7793.0,EMA50,DEV,STOP
23808,2026-08-17 11:25:07.676,1,7778.5,PIN7,DEV,STOP
23863,2026-08-17 12:29:30.724,-1,7772.75,PIN7,DEV,TARGET
23864,2026-08-17 12:30:06.780,-1,7772.0,PIN7,DEV,TARGET
23897,2026-08-17 12:51:44.908,-1,7770.0,PIN7,DEV,TARGET
23898,2026-08-17 12:52:40.048,-1,7769.5,PIN7,DEV,TARGET
23904,2026-08-17 12:54:40.048,-1,7769.75,EMA24,DEV,TARGET
23910,2026-08-17 12:56:12.052,-1,7766.75,PIN7,DEV,STOP
23920,2026-08-17 12:59:20.984,-1,7770.25,EMA50,DEV,TARGET
23926,2026-08-17 12:59:50.124,-1,7767.5,PIN7,DEV,STOP
24969,2026-08-18 06:31:00.764,1,7726.75,EMA8,DEV,TARGET
24971,2026-08-18 06:31:02.876,1,7728.5,PIN7,DEV,TARGET
24972,2026-08-18 06:31:03.664,1,7729.25,PIN7,DEV,TARGET
24975,2026-08-18 06:31:06.240,1,7728.5,EMA8,DEV,TARGET
24983,2026-08-18 06:31:21.616,1,7731.25,EMA8,DEV,TARGET
24985,2026-08-18 06:31:26.088,1,7732.5,PIN7,DEV,STOP
24995,2026-08-18 06:31:48.672,1,7733.75,PIN7,DEV,TARGET
25019,2026-08-18 06:33:01.964,-1,7724.0,PIN7,DEV,TARGET
25025,2026-08-18 06:33:11.148,-1,7723.75,EMA8,DEV,TARGET
25044,2026-08-18 06:34:05.868,-1,7720.25,PIN7,DEV,STOP
25077,2026-08-18 06:35:41.460,1,7730.0,EMA8,DEV,STOP
25093,2026-08-18 06:36:29.424,1,7729.5,PIN7,DEV,TARGET
25096,2026-08-18 06:36:41.616,1,7728.75,EMA24,DEV,STOP
25145,2026-08-18 06:39:40.480,1,7730.25,PIN7,DEV,TARGET
25154,2026-08-18 06:40:23.540,1,7730.5,EMA24,DEV,TARGET
25165,2026-08-18 06:41:10.088,1,7732.0,EMA24,DEV,TARGET
25171,2026-08-18 06:41:39.612,1,7734.25,PIN7,DEV,TARGET
25187,2026-08-18 06:43:08.488,1,7732.5,EMA50,DEV,STOP
25189,2026-08-18 06:43:15.772,1,7732.5,EMA50,DEV,STOP
25378,2026-08-18 07:02:43.044,1,7729.25,EMA8,DEV,TARGET
25380,2026-08-18 07:02:58.084,1,7729.5,EMA8,DEV,TARGET
25382,2026-08-18 07:03:22.616,1,7731.25,PIN7,DEV,TARGET
25384,2026-08-18 07:03:33.004,1,7732.75,PIN,DEV,STOP
25412,2026-08-18 07:06:23.188,-1,7725.25,EMA8,DEV,STOP
25453,2026-08-18 07:11:34.016,-1,7720.0,PIN,DEV,TARGET
25462,2026-08-18 07:12:23.260,-1,7718.5,EMA8,DEV,TARGET
25471,2026-08-18 07:13:47.340,-1,7719.5,EMA24,DEV,TARGET
25495,2026-08-18 07:16:19.016,1,7725.75,EMA8,DEV,TARGET
25497,2026-08-18 07:16:33.060,1,7725.25,EMA8,DEV,TARGET
25502,2026-08-18 07:17:07.604,1,7727.0,PIN7,DEV,STOP
25507,2026-08-18 07:17:36.212,1,7725.5,EMA24,DEV,STOP
25517,2026-08-18 07:18:41.932,1,7727.0,PIN7,DEV,TARGET
25524,2026-08-18 07:19:38.348,1,7726.5,EMA24,DEV,TARGET
25570,2026-08-18 07:25:50.416,1,7728.25,EMA24,DEV,TARGET
25579,2026-08-18 07:26:49.708,1,7730.75,PIN7,DEV,STOP
25585,2026-08-18 07:27:32.904,1,7728.0,EMA50,DEV,TARGET
25618,2026-08-18 07:31:44.748,1,7729.25,EMA50,DEV,TARGET
25628,2026-08-18 07:33:34.800,1,7731.5,EMA8,DEV,STOP
25632,2026-08-18 07:34:37.732,1,7731.25,EMA24,DEV,STOP
25657,2026-08-18 07:39:42.908,1,7730.5,EMA50,DEV,TARGET
25689,2026-08-18 07:45:51.536,-1,7724.0,EMA8,DEV,TARGET
25706,2026-08-18 07:49:02.176,-1,7725.25,EMA50,DEV,TARGET
25728,2026-08-18 07:52:47.912,-1,7724.5,PIN7,DEV,TARGET
25729,2026-08-18 07:53:01.804,-1,7723.75,PIN7,DEV,TARGET
25736,2026-08-18 07:53:26.076,-1,7719.25,PIN,DEV,STOP
25739,2026-08-18 07:53:28.768,-1,7720.25,EMA8,DEV,STOP
25743,2026-08-18 07:53:44.580,-1,7722.0,EMA24,DEV,TARGET
25749,2026-08-18 07:54:55.620,-1,7720.0,PIN7,DEV,TARGET
25750,2026-08-18 07:55:02.604,-1,7719.25,PIN7,DEV,STOP
25754,2026-08-18 07:55:31.948,-1,7720.75,EMA24,DEV,TARGET
26218,2026-08-18 11:02:47.104,-1,7716.5,EMA8,DEV,TARGET
26223,2026-08-18 11:07:27.056,-1,7715.5,EMA8,DEV,TARGET
26225,2026-08-18 11:08:52.824,-1,7715.75,EMA8,DEV,TARGET
26245,2026-08-18 11:21:45.604,1,7723.5,EMA8,DEV,TARGET
26266,2026-08-18 11:37:15.568,1,7724.5,PIN7,DEV,STOP
26281,2026-08-18 11:54:39.508,-1,7719.0,PIN7,DEV,TARGET
26298,2026-08-18 12:07:40.016,-1,7717.5,EMA8,DEV,STOP
26305,2026-08-18 12:12:22.396,-1,7716.5,PIN7,DEV,STOP
26355,2026-08-18 12:54:33.588,-1,7715.0,PIN7,DEV,TARGET
26359,2026-08-18 12:54:50.008,-1,7714.75,EMA8,DEV,TARGET
26361,2026-08-18 12:55:00.156,-1,7715.0,EMA8,DEV,TARGET
26382,2026-08-18 12:59:44.476,-1,7713.75,PIN7,DEV,TARGET
26388,2026-08-18 12:59:53.804,-1,7710.5,PIN,DEV,STOP
27519,2026-08-19 06:31:07.292,-1,7744.0,EMA50,DEV,TARGET
27561,2026-08-19 06:33:20.108,-1,7741.75,PIN7,DEV,TARGET
27568,2026-08-19 06:33:38.140,-1,7740.5,EMA8,DEV,TARGET
27572,2026-08-19 06:34:04.220,-1,7739.25,EMA8,DEV,STOP
27587,2026-08-19 06:35:23.256,-1,7740.75,EMA50,DEV,TARGET
27599,2026-08-19 06:36:10.404,-1,7737.75,PIN7,DEV,TARGET
27600,2026-08-19 06:36:15.388,-1,7737.25,PIN7,DEV,STOP
27635,2026-08-19 06:39:30.348,-1,7737.25,EMA24,DEV,TARGET
27639,2026-08-19 06:40:01.640,-1,7734.25,PIN7,DEV,TARGET
27654,2026-08-19 06:41:07.756,-1,7734.75,EMA24,DEV,NONE
27664,2026-08-19 06:41:41.800,-1,7735.5,EMA50,DEV,TARGET
27684,2026-08-19 06:43:25.532,1,7740.75,PIN7,DEV,TARGET
27686,2026-08-19 06:43:47.132,1,7742.25,PIN,DEV,STOP
27690,2026-08-19 06:44:03.340,1,7741.5,EMA8,DEV,TARGET
27971,2026-08-19 07:02:08.488,-1,7738.0,EMA50,DEV,TARGET
28043,2026-08-19 07:08:04.144,-1,7736.5,EMA50,DEV,TARGET
28072,2026-08-19 07:10:47.152,-1,7735.5,PIN7,DEV,TARGET
28073,2026-08-19 07:10:58.684,-1,7735.25,PIN7,DEV,TARGET
28079,2026-08-19 07:11:52.232,-1,7731.25,PIN,DEV,TARGET
28124,2026-08-19 07:15:46.012,-1,7729.75,EMA24,DEV,STOP
28141,2026-08-19 07:17:01.056,1,7738.0,PIN,DEV,STOP
28146,2026-08-19 07:17:23.876,1,7737.0,EMA8,DEV,TARGET
28163,2026-08-19 07:18:30.952,1,7739.25,EMA8,DEV,TARGET
28177,2026-08-19 07:20:03.524,1,7737.75,EMA50,DEV,TARGET
28229,2026-08-19 07:25:28.636,-1,7733.75,PIN7,DEV,TARGET
28257,2026-08-19 07:28:29.480,1,7738.25,PIN7,DEV,TARGET
28274,2026-08-19 07:31:15.152,1,7740.0,EMA8,DEV,TARGET
28276,2026-08-19 07:31:27.444,1,7739.75,EMA8,DEV,TARGET
28283,2026-08-19 07:32:52.028,1,7742.0,EMA8,DEV,TARGET
28285,2026-08-19 07:33:25.864,1,7742.25,EMA8,DEV,TARGET
28299,2026-08-19 07:36:09.272,1,7745.25,PIN,DEV,TARGET
28303,2026-08-19 07:36:53.916,1,7744.5,EMA8,DEV,TARGET
28310,2026-08-19 07:38:05.468,1,7750.0,PIN,DEV,TARGET
28311,2026-08-19 07:38:23.256,1,7750.5,PIN,DEV,TARGET
28312,2026-08-19 07:38:29.264,1,7751.25,PIN,DEV,TARGET
28313,2026-08-19 07:39:00.740,1,7751.75,PIN,DEV,TARGET
28314,2026-08-19 07:39:04.364,1,7752.5,PIN,DEV,STOP
28344,2026-08-19 07:45:54.540,1,7752.0,PIN7,DEV,STOP
28388,2026-08-19 07:56:12.052,1,7755.5,PIN7,DEV,TARGET
28390,2026-08-19 07:56:23.180,1,7757.25,PIN,DEV,TARGET
28400,2026-08-19 07:59:13.696,1,7761.0,PIN,DEV,TARGET
28949,2026-08-19 11:00:48.316,1,7737.75,PIN7,DEV,TARGET
28950,2026-08-19 11:01:03.776,1,7738.25,PIN7,DEV,TARGET
28951,2026-08-19 11:01:15.076,1,7738.75,PIN7,DEV,TARGET
28959,2026-08-19 11:02:13.484,1,7743.75,PIN,DEV,TARGET
29005,2026-08-19 11:09:47.092,-1,7730.0,EMA8,DEV,STOP
29035,2026-08-19 11:16:20.816,-1,7731.25,PIN7,DEV,TARGET
29047,2026-08-19 11:20:37.636,-1,7732.0,EMA50,DEV,STOP
29074,2026-08-19 11:30:13.480,1,7736.75,PIN7,DEV,TARGET
29078,2026-08-19 11:30:41.352,1,7738.75,PIN,DEV,STOP
29098,2026-08-19 11:39:03.200,1,7737.25,EMA50,DEV,TARGET
29113,2026-08-19 11:45:27.624,1,7737.5,EMA50,DEV,STOP
29173,2026-08-19 12:22:28.916,1,7737.5,EMA50,DEV,TARGET
29228,2026-08-19 12:45:14.668,-1,7729.75,EMA8,DEV,TARGET
29230,2026-08-19 12:45:35.104,-1,7729.75,EMA8,DEV,TARGET
29233,2026-08-19 12:46:08.340,-1,7727.5,PIN7,DEV,TARGET
29234,2026-08-19 12:46:16.732,-1,7727.0,PIN7,DEV,TARGET
29270,2026-08-19 12:52:10.084,-1,7723.75,EMA8,DEV,TARGET
29307,2026-08-19 12:59:03.000,1,7728.25,EMA8,DEV,TARGET
29309,2026-08-19 12:59:19.292,1,7730.0,PIN7,DEV,STOP
29312,2026-08-19 12:59:38.084,1,7729.5,EMA8,DEV,STOP
29320,2026-08-19 12:59:53.368,1,7727.75,EMA50,DEV,TARGET
29323,2026-08-19 12:59:56.464,1,7730.0,PIN7,DEV,TARGET
29324,2026-08-19 12:59:57.400,1,7730.5,PIN7,DEV,TARGET
29326,2026-08-19 12:59:59.392,1,7730.0,EMA8,DEV,TARGET
30807,2026-08-20 06:31:16.016,1,7701.75,PIN7,DEV,TARGET
30843,2026-08-20 06:33:57.060,1,7707.0,PIN7,DEV,TARGET
30849,2026-08-20 06:34:23.036,1,7706.75,EMA8,DEV,TARGET
30851,2026-08-20 06:34:34.340,1,7707.25,EMA8,DEV,TARGET
30854,2026-08-20 06:34:43.136,1,7709.75,PIN,DEV,STOP
30856,2026-08-20 06:34:47.524,1,7709.0,EMA8,DEV,STOP
30863,2026-08-20 06:35:15.608,1,7706.25,EMA50,DEV,TARGET
30876,2026-08-20 06:35:29.752,1,7713.25,PIN7,DEV,TARGET
30878,2026-08-20 06:35:35.292,1,7715.0,PIN,DEV,TARGET
30885,2026-08-20 06:36:15.252,1,7715.75,EMA8,DEV,STOP
30887,2026-08-20 06:36:35.376,1,7715.25,EMA8,DEV,STOP
30890,2026-08-20 06:36:56.128,1,7714.25,EMA24,DEV,STOP
30927,2026-08-20 06:40:13.024,-1,7708.25,PIN7,DEV,TARGET
30955,2026-08-20 06:42:17.416,1,7711.5,EMA8,DEV,TARGET
30957,2026-08-20 06:42:26.684,1,7711.0,EMA50,DEV,TARGET
30960,2026-08-20 06:42:38.880,1,7713.25,PIN7,DEV,TARGET
30967,2026-08-20 06:43:41.752,1,7714.0,EMA8,DEV,TARGET
30969,2026-08-20 06:44:02.420,1,7715.75,PIN7,DEV,STOP
31167,2026-08-20 07:00:27.872,1,7707.25,PIN7,DEV,STOP
31168,2026-08-20 07:00:34.016,1,7707.75,PIN7,DEV,STOP
31243,2026-08-20 07:06:00.240,-1,7699.0,EMA24,DEV,TARGET
31293,2026-08-20 07:09:48.400,1,7703.5,PIN7,DEV,TARGET
31294,2026-08-20 07:09:51.776,1,7704.25,PIN7,DEV,TARGET
31303,2026-08-20 07:10:28.656,1,7704.5,EMA8,DEV,STOP
31349,2026-08-20 07:14:46.596,-1,7698.25,PIN7,DEV,TARGET
31350,2026-08-20 07:15:02.548,-1,7697.5,PIN7,DEV,STOP
31356,2026-08-20 07:15:29.092,-1,7699.0,EMA24,DEV,TARGET
31366,2026-08-20 07:16:31.088,-1,7695.5,EMA8,DEV,TARGET
31372,2026-08-20 07:17:35.248,-1,7693.5,EMA8,DEV,TARGET
31386,2026-08-20 07:18:49.200,-1,7695.75,EMA50,DEV,TARGET
31411,2026-08-20 07:20:58.440,1,7700.5,EMA8,DEV,STOP
31416,2026-08-20 07:21:22.704,1,7699.0,EMA24,DEV,TARGET
31420,2026-08-20 07:21:33.532,1,7700.5,EMA8,DEV,STOP
31446,2026-08-20 07:23:39.080,1,7704.25,PIN7,DEV,TARGET
31447,2026-08-20 07:23:40.788,1,7704.75,PIN7,DEV,TARGET
31448,2026-08-20 07:23:46.940,1,7705.25,PIN7,DEV,TARGET
31449,2026-08-20 07:23:52.256,1,7706.0,PIN7,DEV,TARGET
31450,2026-08-20 07:23:58.804,1,7706.75,PIN,DEV,TARGET
31455,2026-08-20 07:24:39.700,1,7706.75,EMA8,DEV,STOP
31488,2026-08-20 07:27:35.700,-1,7700.0,PIN7,DEV,TARGET
31506,2026-08-20 07:29:15.924,-1,7698.75,PIN7,DEV,STOP
31552,2026-08-20 07:33:46.308,1,7705.0,PIN7,DEV,TARGET
31595,2026-08-20 07:38:46.112,1,7704.5,EMA24,DEV,TARGET
31604,2026-08-20 07:40:15.580,1,7708.5,EMA8,DEV,STOP
31609,2026-08-20 07:40:47.596,1,7707.0,EMA24,DEV,TARGET
31611,2026-08-20 07:40:56.840,1,7707.25,EMA24,DEV,STOP
31625,2026-08-20 07:42:35.152,1,7706.5,EMA50,DEV,TARGET
31628,2026-08-20 07:42:50.724,1,7709.25,PIN7,DEV,TARGET
31637,2026-08-20 07:45:02.044,1,7710.5,EMA8,DEV,TARGET
31668,2026-08-20 07:50:13.048,-1,7705.75,EMA8,DEV,TARGET
31676,2026-08-20 07:51:21.436,-1,7705.75,EMA24,DEV,TARGET
31688,2026-08-20 07:53:35.188,1,7710.25,PIN7,DEV,STOP
31706,2026-08-20 07:56:21.800,-1,7704.25,PIN7,DEV,STOP
31712,2026-08-20 07:57:00.248,-1,7705.5,EMA24,DEV,TARGET
32479,2026-08-20 11:05:41.124,-1,7678.75,EMA8,DEV,TARGET
32487,2026-08-20 11:07:35.888,-1,7674.75,PIN7,DEV,TARGET
32489,2026-08-20 11:07:58.164,-1,7675.25,EMA8,DEV,TARGET
32494,2026-08-20 11:10:02.448,-1,7674.75,EMA8,DEV,TARGET
32498,2026-08-20 11:11:02.532,-1,7671.75,PIN7,DEV,STOP
32504,2026-08-20 11:12:44.148,-1,7675.0,EMA24,DEV,TARGET
32514,2026-08-20 11:16:13.020,-1,7672.0,PIN7,DEV,TARGET
32516,2026-08-20 11:16:50.200,-1,7670.25,PIN,DEV,STOP
32554,2026-08-20 11:33:38.512,-1,7671.75,PIN7,DEV,TARGET
32555,2026-08-20 11:34:36.680,-1,7671.0,PIN7,DEV,STOP
32557,2026-08-20 11:35:42.172,-1,7672.0,EMA8,DEV,STOP
32562,2026-08-20 11:38:26.692,-1,7673.25,EMA50,DEV,TARGET
32564,2026-08-20 11:39:51.972,-1,7673.25,EMA50,DEV,TARGET
32607,2026-08-20 12:01:49.448,-1,7671.25,EMA8,DEV,TARGET
32611,2026-08-20 12:03:53.524,-1,7671.5,EMA24,DEV,STOP
32635,2026-08-20 12:15:40.676,1,7675.75,PIN7,DEV,STOP
32752,2026-08-20 12:57:26.160,-1,7661.0,PIN7,DEV,STOP
32755,2026-08-20 12:58:06.076,-1,7661.5,EMA8,DEV,TARGET
32757,2026-08-20 12:58:30.080,-1,7661.25,EMA8,DEV,STOP
32777,2026-08-20 12:59:48.600,-1,7659.5,PIN,DEV,STOP
33735,2026-08-21 06:31:46.760,-1,7689.5,EMA24,DEV,TARGET
33746,2026-08-21 06:32:30.008,-1,7686.75,PIN7,DEV,TARGET
33749,2026-08-21 06:33:01.072,-1,7687.0,EMA8,DEV,TARGET
33756,2026-08-21 06:33:38.976,-1,7686.5,EMA24,DEV,TARGET
33782,2026-08-21 06:36:06.492,-1,7683.25,EMA24,DEV,TARGET
33814,2026-08-21 06:39:50.524,-1,7683.0,EMA24,DEV,STOP
33829,2026-08-21 06:41:06.248,1,7686.5,EMA24,DEV,TARGET
33856,2026-08-21 06:44:17.952,-1,7684.5,EMA50,DEV,TARGET
33996,2026-08-21 07:02:52.940,1,7682.75,EMA50,DEV,TARGET
34021,2026-08-21 07:06:43.948,1,7690.5,PIN7,DEV,STOP
34028,2026-08-21 07:08:07.520,1,7688.0,EMA24,DEV,TARGET
34059,2026-08-21 07:14:36.228,-1,7682.75,EMA8,DEV,TARGET
34066,2026-08-21 07:16:01.528,-1,7684.0,EMA24,DEV,TARGET
34101,2026-08-21 07:22:12.424,-1,7682.25,EMA50,DEV,STOP
34132,2026-08-21 07:28:22.624,1,7685.25,EMA50,DEV,TARGET
34172,2026-08-21 07:35:49.216,-1,7679.5,EMA8,DEV,TARGET
34174,2026-08-21 07:36:01.696,-1,7678.25,PIN7,DEV,STOP
34176,2026-08-21 07:36:21.044,-1,7678.5,EMA8,DEV,STOP
34179,2026-08-21 07:36:50.164,-1,7679.5,EMA24,DEV,TARGET
34182,2026-08-21 07:37:58.024,-1,7678.75,EMA8,DEV,STOP
34204,2026-08-21 07:41:56.216,-1,7677.75,PIN7,DEV,STOP
34207,2026-08-21 07:42:56.636,-1,7678.75,EMA24,DEV,STOP
34227,2026-08-21 07:46:32.744,1,7683.75,EMA8,DEV,TARGET
34238,2026-08-21 07:49:29.820,1,7684.75,PIN7,DEV,TARGET
34243,2026-08-21 07:50:32.984,1,7686.75,PIN7,DEV,STOP
34248,2026-08-21 07:51:45.780,1,7685.25,EMA24,DEV,TARGET
34250,2026-08-21 07:52:10.352,1,7685.25,EMA24,DEV,TARGET
34260,2026-08-21 07:54:47.096,1,7685.25,EMA50,DEV,TARGET
34278,2026-08-21 07:59:10.148,1,7692.75,PIN7,DEV,TARGET
34279,2026-08-21 07:59:19.520,1,7693.5,PIN7,DEV,TARGET
34721,2026-08-21 11:01:56.276,-1,7690.75,EMA24,DEV,STOP
34733,2026-08-21 11:13:39.240,-1,7689.75,EMA24,DEV,TARGET
34739,2026-08-21 11:22:27.924,-1,7690.5,EMA50,DEV,TARGET
34741,2026-08-21 11:24:00.576,-1,7690.25,EMA50,DEV,TARGET
34745,2026-08-21 11:28:45.928,-1,7688.25,PIN7,DEV,TARGET
34779,2026-08-21 11:56:07.056,1,7694.25,EMA8,DEV,TARGET
34784,2026-08-21 12:00:03.080,1,7698.0,PIN,DEV,TARGET
34815,2026-08-21 12:28:44.344,1,7696.0,EMA50,DEV,TARGET
34825,2026-08-21 12:33:25.732,1,7696.25,EMA50,DEV,TARGET
34835,2026-08-21 12:42:30.004,1,7696.75,EMA50,DEV,TARGET
34843,2026-08-21 12:45:48.548,1,7700.0,EMA8,DEV,TARGET
34845,2026-08-21 12:46:47.976,1,7699.75,EMA8,DEV,TARGET
34903,2026-08-21 12:59:47.160,-1,7690.25,PIN,DEV,TARGET
34904,2026-08-21 12:59:50.592,-1,7689.75,PIN,DEV,STOP
36374,2026-08-24 06:31:00.224,-1,7671.5,PIN,HOLD,TARGET
36375,2026-08-24 06:31:01.220,-1,7671.0,PIN,HOLD,TARGET
36376,2026-08-24 06:31:01.884,-1,7670.25,PIN,HOLD,TARGET
36386,2026-08-24 06:31:30.052,-1,7673.0,EMA24,HOLD,STOP
36406,2026-08-24 06:33:02.916,-1,7670.25,PIN7,HOLD,TARGET
36410,2026-08-24 06:33:28.304,-1,7666.5,PIN,HOLD,STOP
36417,2026-08-24 06:34:02.052,-1,7668.5,EMA8,HOLD,TARGET
36420,2026-08-24 06:34:42.624,-1,7669.0,EMA24,HOLD,TARGET
36512,2026-08-24 06:42:32.720,-1,7666.5,PIN7,HOLD,TARGET
36513,2026-08-24 06:42:34.992,-1,7665.75,PIN7,HOLD,TARGET
36516,2026-08-24 06:42:55.912,-1,7663.25,PIN,HOLD,TARGET
36517,2026-08-24 06:43:02.584,-1,7662.75,PIN,HOLD,TARGET
36524,2026-08-24 06:43:32.888,-1,7662.75,EMA8,HOLD,TARGET
36526,2026-08-24 06:43:42.084,-1,7662.5,EMA8,HOLD,TARGET
36528,2026-08-24 06:43:59.548,-1,7662.25,EMA8,HOLD,TARGET
36723,2026-08-24 07:02:55.976,-1,7665.5,EMA8,HOLD,TARGET
36726,2026-08-24 07:03:32.312,-1,7665.0,EMA8,HOLD,TARGET
36728,2026-08-24 07:03:39.644,-1,7664.75,EMA8,HOLD,TARGET
36770,2026-08-24 07:10:05.124,-1,7662.75,EMA24,HOLD,TARGET
36782,2026-08-24 07:12:13.832,-1,7660.75,PIN7,HOLD,TARGET
36783,2026-08-24 07:12:49.108,-1,7660.5,PIN7,HOLD,TARGET
36784,2026-08-24 07:12:59.188,-1,7660.0,PIN7,HOLD,STOP
36788,2026-08-24 07:13:53.564,-1,7662.0,EMA50,HOLD,TARGET
36790,2026-08-24 07:14:06.472,-1,7661.75,EMA50,HOLD,STOP
36816,2026-08-24 07:18:16.064,-1,7661.0,PIN7,HOLD,STOP
36828,2026-08-24 07:20:21.504,1,7665.5,PIN7,HOLD,TARGET
36834,2026-08-24 07:21:40.164,1,7667.0,PIN7,HOLD,TARGET
36839,2026-08-24 07:22:33.024,1,7667.75,EMA8,HOLD,TARGET
36860,2026-08-24 07:27:35.920,-1,7662.0,EMA8,HOLD,STOP
36886,2026-08-24 07:32:20.372,1,7669.0,EMA8,HOLD,TARGET
36889,2026-08-24 07:33:02.136,1,7669.75,EMA8,HOLD,TARGET
36894,2026-08-24 07:34:50.636,1,7671.0,EMA8,HOLD,TARGET
36896,2026-08-24 07:35:11.420,1,7671.25,EMA8,HOLD,TARGET
36902,2026-08-24 07:36:25.560,1,7671.25,EMA8,HOLD,TARGET
36917,2026-08-24 07:38:58.140,1,7672.25,EMA24,HOLD,STOP
36925,2026-08-24 07:40:36.860,1,7671.25,EMA50,HOLD,TARGET
36931,2026-08-24 07:41:55.644,1,7674.75,PIN7,HOLD,STOP
36935,2026-08-24 07:43:21.972,1,7672.75,EMA24,HOLD,STOP
36963,2026-08-24 07:50:03.048,1,7673.25,PIN7,HOLD,STOP
37474,2026-08-24 11:07:10.024,1,7671.75,PIN7,HOLD,TARGET
37484,2026-08-24 11:14:21.112,1,7675.25,PIN7,HOLD,TARGET
37487,2026-08-24 11:15:47.272,1,7677.75,PIN,HOLD,TARGET
37499,2026-08-24 11:21:59.624,1,7679.0,PIN7,HOLD,TARGET
37511,2026-08-24 11:30:01.540,1,7682.75,PIN7,HOLD,TARGET
37512,2026-08-24 11:30:16.068,1,7683.5,PIN7,HOLD,TARGET
37516,2026-08-24 11:30:55.968,1,7684.0,EMA8,HOLD,STOP
37555,2026-08-24 12:00:57.100,-1,7674.0,PIN7,HOLD,TARGET
37558,2026-08-24 12:03:08.216,-1,7674.0,EMA8,HOLD,TARGET
37594,2026-08-24 12:34:42.380,-1,7673.0,PIN7,HOLD,TARGET
37602,2026-08-24 12:44:49.404,-1,7671.25,EMA8,HOLD,TARGET
37621,2026-08-24 12:51:50.296,-1,7670.5,PIN7,HOLD,TARGET
37622,2026-08-24 12:52:02.012,-1,7669.75,PIN7,HOLD,TARGET
37639,2026-08-24 12:55:47.452,-1,7671.0,EMA50,HOLD,STOP
38741,2026-08-25 06:31:53.524,-1,7694.25,EMA24,HOLD,STOP
38771,2026-08-25 06:34:56.704,1,7701.0,PIN7,HOLD,STOP
38784,2026-08-25 06:36:09.888,1,7698.75,EMA50,HOLD,STOP
38801,2026-08-25 06:37:53.456,1,7699.25,PIN7,HOLD,STOP
38806,2026-08-25 06:38:55.572,-1,7695.75,PIN7,HOLD,TARGET
38841,2026-08-25 06:43:28.436,-1,7693.75,PIN7,HOLD,TARGET
38849,2026-08-25 06:44:36.380,-1,7694.25,EMA24,HOLD,STOP
38851,2026-08-25 06:44:54.416,-1,7694.75,EMA24+EMA50,HOLD,STOP
38976,2026-08-25 07:04:18.744,-1,7686.0,PIN7,HOLD,STOP
39014,2026-08-25 07:15:27.088,-1,7684.25,PIN7,HOLD,STOP
39041,2026-08-25 07:23:18.988,-1,7683.0,PIN7,HOLD,TARGET
39048,2026-08-25 07:25:39.280,-1,7684.0,EMA24,HOLD,TARGET
39052,2026-08-25 07:27:16.812,-1,7683.5,EMA24,HOLD,TARGET
39057,2026-08-25 07:29:28.572,-1,7681.5,PIN7,HOLD,TARGET
39059,2026-08-25 07:30:02.060,-1,7679.75,PIN,HOLD,TARGET
39060,2026-08-25 07:30:24.248,-1,7679.0,PIN,HOLD,TARGET
39076,2026-08-25 07:30:28.400,-1,7671.75,EMA8,HOLD,TARGET
39078,2026-08-25 07:30:28.516,-1,7671.5,EMA8,HOLD,TARGET
39087,2026-08-25 07:30:29.104,-1,7667.75,EMA8,HOLD,TARGET
39090,2026-08-25 07:30:29.268,-1,7665.25,PIN,HOLD,TARGET
39094,2026-08-25 07:30:29.916,-1,7665.0,EMA8,HOLD,STOP
39133,2026-08-25 07:30:38.196,1,7674.0,EMA24,HOLD,TARGET
39144,2026-08-25 07:30:46.996,1,7675.5,EMA24,HOLD,TARGET
39158,2026-08-25 07:31:45.208,1,7679.0,PIN7,HOLD,TARGET
39159,2026-08-25 07:31:52.284,1,7679.25,PIN7,HOLD,TARGET
39170,2026-08-25 07:33:23.188,1,7679.75,EMA24,HOLD,TARGET
39172,2026-08-25 07:33:32.780,1,7680.0,EMA24,HOLD,TARGET
39195,2026-08-25 07:39:06.428,1,7681.75,PIN7,HOLD,TARGET
39214,2026-08-25 07:45:01.616,-1,7676.0,EMA8,HOLD,TARGET
39216,2026-08-25 07:45:13.736,-1,7675.5,EMA8,HOLD,STOP
39218,2026-08-25 07:45:41.228,-1,7675.25,EMA8,HOLD,STOP
39220,2026-08-25 07:46:02.124,-1,7675.5,EMA8,HOLD,STOP
39224,2026-08-25 07:46:38.044,-1,7677.25,EMA50,HOLD,TARGET
39600,2026-08-25 11:07:42.020,-1,7682.5,EMA50,HOLD,TARGET
39608,2026-08-25 11:16:39.816,-1,7680.75,PIN7,HOLD,STOP
39612,2026-08-25 11:23:13.512,-1,7682.0,EMA50,HOLD,TARGET
39627,2026-08-25 11:41:28.040,1,7686.75,EMA8,HOLD,TARGET
39630,2026-08-25 11:45:05.896,1,7689.25,PIN,HOLD,TARGET
39631,2026-08-25 11:45:29.836,1,7689.75,PIN,HOLD,TARGET
39639,2026-08-25 11:52:10.996,1,7690.5,EMA8,HOLD,STOP
39696,2026-08-25 12:53:09.972,1,7689.5,PIN7,HOLD,TARGET
39710,2026-08-25 12:56:38.320,1,7692.0,EMA24,HOLD,TARGET
39715,2026-08-25 12:58:00.072,1,7693.75,EMA8,HOLD,STOP
40700,2026-08-26 06:31:31.176,1,7683.0,PIN7,HOLD,TARGET
40710,2026-08-26 06:32:06.848,1,7687.5,PIN,HOLD,STOP
40732,2026-08-26 06:34:06.808,1,7687.25,PIN7,HOLD,TARGET
40733,2026-08-26 06:34:19.780,1,7688.0,PIN7,HOLD,TARGET
40737,2026-08-26 06:34:39.980,1,7688.5,EMA8,HOLD,TARGET
40758,2026-08-26 06:36:02.508,-1,7682.5,EMA8,HOLD,TARGET
40771,2026-08-26 06:36:40.796,-1,7684.0,EMA50,HOLD,STOP
40781,2026-08-26 06:37:32.940,1,7687.5,PIN7,HOLD,STOP
40795,2026-08-26 06:39:25.244,1,7687.75,EMA24,HOLD,TARGET
40826,2026-08-26 06:43:05.556,1,7691.25,PIN7,HOLD,TARGET
40840,2026-08-26 06:43:35.632,1,7696.5,EMA8,HOLD,TARGET
40987,2026-08-26 07:15:26.416,-1,7694.0,EMA8,HOLD,TARGET
40989,2026-08-26 07:16:09.796,-1,7692.75,PIN7,HOLD,STOP
41007,2026-08-26 07:22:16.728,-1,7689.5,PIN7,HOLD,TARGET
41023,2026-08-26 07:26:08.448,-1,7683.5,PIN,HOLD,TARGET
41024,2026-08-26 07:26:18.648,-1,7682.75,PIN,HOLD,TARGET
41039,2026-08-26 07:29:42.916,-1,7683.5,EMA24,HOLD,TARGET
41049,2026-08-26 07:32:17.072,-1,7682.5,EMA24,HOLD,STOP
41100,2026-08-26 07:49:49.832,1,7687.25,PIN7,HOLD,TARGET
41115,2026-08-26 07:55:45.556,1,7688.5,EMA24,HOLD,TARGET
41492,2026-08-26 11:05:23.532,1,7688.5,EMA50,HOLD,TARGET
41540,2026-08-26 11:52:15.044,1,7695.25,EMA8,HOLD,TARGET
41551,2026-08-26 12:00:31.376,1,7698.0,EMA8,HOLD,TARGET
41558,2026-08-26 12:02:02.552,1,7701.5,EMA8,HOLD,TARGET
41565,2026-08-26 12:04:56.364,1,7704.75,PIN7,HOLD,STOP
41598,2026-08-26 12:29:39.560,1,7702.0,EMA50,HOLD,STOP
41625,2026-08-26 12:49:55.364,1,7703.25,PIN7,HOLD,TARGET
41650,2026-08-26 12:55:00.120,-1,7693.75,EMA8,HOLD,TARGET
41652,2026-08-26 12:55:05.364,-1,7693.75,EMA8,HOLD,TARGET
41667,2026-08-26 12:58:45.512,-1,7691.5,PIN,HOLD,TARGET
41671,2026-08-26 12:59:08.340,-1,7690.25,PIN7,HOLD,TARGET
43121,2026-08-27 06:31:41.968,-1,7712.75,EMA8,HOLD,TARGET
43127,2026-08-27 06:31:59.260,-1,7707.25,PIN,HOLD,TARGET
43171,2026-08-27 06:34:06.324,-1,7708.25,PIN7,HOLD,TARGET
43172,2026-08-27 06:34:13.212,-1,7708.0,PIN7,HOLD,TARGET
43174,2026-08-27 06:34:23.472,-1,7706.5,PIN7,HOLD,TARGET
43178,2026-08-27 06:34:32.404,-1,7706.25,EMA8,HOLD,TARGET
43180,2026-08-27 06:34:49.428,-1,7704.75,PIN7,HOLD,STOP
43186,2026-08-27 06:35:17.484,-1,7703.25,PIN7,HOLD,STOP
43189,2026-08-27 06:35:24.176,-1,7704.0,EMA8,HOLD,TARGET
43245,2026-08-27 06:39:51.720,1,7712.0,PIN7,HOLD,TARGET
43252,2026-08-27 06:40:21.108,1,7713.5,EMA8,HOLD,TARGET
43254,2026-08-27 06:40:31.812,1,7713.5,EMA8,HOLD,TARGET
43257,2026-08-27 06:40:57.380,1,7714.25,EMA8,HOLD,TARGET
43259,2026-08-27 06:41:05.276,1,7714.25,EMA8,HOLD,TARGET
43261,2026-08-27 06:41:07.696,1,7715.5,PIN7,HOLD,TARGET
43526,2026-08-27 07:00:08.268,1,7716.0,EMA8,HOLD,TARGET
43533,2026-08-27 07:00:27.048,1,7714.75,EMA50,HOLD,TARGET
43548,2026-08-27 07:01:29.612,1,7718.0,PIN7,HOLD,TARGET
43555,2026-08-27 07:01:53.256,1,7717.5,EMA24,HOLD,TARGET
43567,2026-08-27 07:02:37.956,1,7717.25,EMA50,HOLD,TARGET
43569,2026-08-27 07:02:41.148,1,7717.25,EMA50,HOLD,TARGET
43576,2026-08-27 07:03:21.268,1,7717.5,EMA50,HOLD,TARGET
43578,2026-08-27 07:03:30.188,1,7717.5,EMA50,HOLD,TARGET
43584,2026-08-27 07:03:57.584,1,7720.0,PIN7,HOLD,TARGET
43591,2026-08-27 07:04:47.756,1,7719.25,EMA24,HOLD,TARGET
43600,2026-08-27 07:05:51.280,1,7721.5,EMA8,HOLD,STOP
43614,2026-08-27 07:06:52.708,-1,7714.5,PIN7,HOLD,TARGET
43615,2026-08-27 07:06:56.912,-1,7714.0,PIN7,HOLD,TARGET
43664,2026-08-27 07:11:32.128,1,7720.0,EMA8,HOLD,TARGET
43669,2026-08-27 07:12:02.796,1,7719.75,EMA8,HOLD,TARGET
43739,2026-08-27 07:24:48.248,1,7724.0,EMA50,HOLD,TARGET
43751,2026-08-27 07:26:51.536,1,7727.5,PIN7,HOLD,TARGET
43756,2026-08-27 07:27:33.176,1,7730.25,PIN,HOLD,STOP
43762,2026-08-27 07:29:11.616,1,7727.75,EMA24,HOLD,TARGET
43796,2026-08-27 07:35:43.688,1,7728.25,PIN7,HOLD,TARGET
43801,2026-08-27 07:37:08.296,1,7730.5,PIN7,HOLD,TARGET
43858,2026-08-27 07:48:44.048,1,7729.25,PIN7,HOLD,TARGET
43863,2026-08-27 07:49:41.584,1,7734.0,PIN,HOLD,TARGET
43909,2026-08-27 07:59:56.632,1,7735.0,EMA8,HOLD,TARGET
44280,2026-08-27 11:00:34.008,-1,7744.5,EMA24,HOLD,TARGET
44295,2026-08-27 11:03:29.000,-1,7739.0,EMA8,HOLD,TARGET
44300,2026-08-27 11:04:44.752,-1,7737.25,PIN7,HOLD,TARGET
44310,2026-08-27 11:09:01.308,-1,7736.75,EMA8,HOLD,TARGET
44360,2026-08-27 11:25:21.844,-1,7731.5,PIN7,HOLD,TARGET
44365,2026-08-27 11:27:10.784,-1,7729.0,PIN,HOLD,TARGET
44367,2026-08-27 11:27:52.584,-1,7727.5,PIN,HOLD,TARGET
44377,2026-08-27 11:29:48.384,-1,7724.0,PIN7,HOLD,STOP
44384,2026-08-27 11:30:30.372,-1,7726.75,EMA24,HOLD,STOP
44398,2026-08-27 11:34:00.004,-1,7726.5,PIN7,HOLD,STOP
44399,2026-08-27 11:34:16.356,-1,7726.0,PIN7,HOLD,STOP
44402,2026-08-27 11:35:21.592,-1,7727.0,EMA24,HOLD,TARGET
44441,2026-08-27 11:52:33.372,-1,7726.5,EMA8,HOLD,TARGET
44443,2026-08-27 11:53:30.560,-1,7726.5,EMA8,HOLD,TARGET
44446,2026-08-27 11:55:08.696,-1,7724.25,PIN7,HOLD,TARGET
44447,2026-08-27 11:55:12.484,-1,7723.5,PIN7,HOLD,STOP
44475,2026-08-27 12:05:14.160,1,7733.0,PIN,HOLD,STOP
44491,2026-08-27 12:10:24.380,1,7733.25,PIN7,HOLD,STOP
44535,2026-08-27 12:31:47.080,1,7733.75,PIN7,HOLD,TARGET
44540,2026-08-27 12:35:18.928,1,7736.25,PIN7,HOLD,TARGET
44546,2026-08-27 12:39:16.088,1,7736.75,EMA8,HOLD,TARGET
44554,2026-08-27 12:45:56.308,1,7738.25,EMA8,HOLD,TARGET
44557,2026-08-27 12:47:37.344,1,7739.25,EMA8,HOLD,STOP
44559,2026-08-27 12:48:10.648,1,7738.5,EMA8,HOLD,TARGET
44566,2026-08-27 12:50:24.284,1,7736.5,EMA50,HOLD,TARGET
44574,2026-08-27 12:52:40.024,1,7740.0,PIN7,HOLD,TARGET
44579,2026-08-27 12:53:47.852,1,7741.0,EMA8,HOLD,TARGET
44581,2026-08-27 12:54:10.012,1,7741.5,EMA8,HOLD,TARGET
44583,2026-08-27 12:54:37.872,1,7743.0,PIN7,HOLD,TARGET
45251,2026-08-28 06:31:30.636,-1,7746.0,PIN7,HOLD,TARGET
45300,2026-08-28 06:36:40.012,1,7751.0,PIN7,HOLD,TARGET
45310,2026-08-28 06:38:05.156,1,7751.0,EMA24,HOLD,TARGET
45312,2026-08-28 06:38:16.532,1,7750.75,EMA24,HOLD,TARGET
45318,2026-08-28 06:39:12.764,1,7750.5,EMA50,HOLD,TARGET
45331,2026-08-28 06:41:17.036,1,7756.5,PIN,HOLD,TARGET
45332,2026-08-28 06:41:35.128,1,7757.0,PIN,HOLD,STOP
45470,2026-08-28 07:00:00.264,-1,7742.5,EMA8,HOLD,STOP
45475,2026-08-28 07:00:00.456,-1,7744.0,EMA24,HOLD,TARGET
45477,2026-08-28 07:00:00.488,-1,7744.0,EMA24,HOLD,TARGET
45603,2026-08-28 07:00:04.404,1,7750.0,PIN7,HOLD,TARGET
45610,2026-08-28 07:00:05.608,1,7749.5,EMA24,HOLD,STOP
45615,2026-08-28 07:00:08.136,1,7748.75,EMA50,HOLD,TARGET
45635,2026-08-28 07:00:16.320,1,7755.75,PIN,HOLD,TARGET
45650,2026-08-28 07:00:22.028,1,7757.0,EMA8,HOLD,TARGET
45665,2026-08-28 07:00:29.052,1,7755.25,EMA50,HOLD,TARGET
45677,2026-08-28 07:00:39.700,1,7758.5,PIN7,HOLD,TARGET
45688,2026-08-28 07:00:50.764,1,7757.0,EMA50,HOLD,TARGET
45703,2026-08-28 07:01:20.612,-1,7753.5,EMA8,HOLD,TARGET
45708,2026-08-28 07:01:30.748,-1,7752.75,EMA8,HOLD,TARGET
45711,2026-08-28 07:01:33.380,-1,7752.0,EMA8,HOLD,TARGET
45715,2026-08-28 07:01:39.960,-1,7750.25,PIN7,HOLD,TARGET
45716,2026-08-28 07:01:41.780,-1,7749.5,PIN7,HOLD,TARGET
45719,2026-08-28 07:01:47.636,-1,7750.0,EMA8,HOLD,TARGET
45722,2026-08-28 07:01:51.760,-1,7750.25,EMA8,HOLD,TARGET
45731,2026-08-28 07:02:14.176,-1,7751.5,EMA50,HOLD,TARGET
45737,2026-08-28 07:02:23.372,-1,7748.5,PIN7,HOLD,TARGET
45738,2026-08-28 07:02:24.808,-1,7747.75,PIN7,HOLD,TARGET
45739,2026-08-28 07:02:28.228,-1,7747.5,PIN7,HOLD,TARGET
45741,2026-08-28 07:02:35.064,-1,7745.75,PIN,HOLD,STOP
45779,2026-08-28 07:03:51.080,-1,7745.75,EMA8,HOLD,TARGET
45788,2026-08-28 07:04:17.176,-1,7743.25,EMA8,HOLD,TARGET
45801,2026-08-28 07:04:38.628,-1,7744.5,EMA50,HOLD,TARGET
45815,2026-08-28 07:05:21.524,-1,7742.75,PIN7,HOLD,STOP
45816,2026-08-28 07:05:23.772,-1,7742.25,PIN7,HOLD,STOP
45839,2026-08-28 07:06:29.912,-1,7736.75,PIN7,HOLD,TARGET
45840,2026-08-28 07:06:33.308,-1,7736.0,PIN,HOLD,STOP
45848,2026-08-28 07:07:01.396,-1,7738.0,EMA24,HOLD,TARGET
45854,2026-08-28 07:07:12.536,-1,7736.0,EMA8,HOLD,TARGET
45895,2026-08-28 07:09:35.532,1,7744.25,PIN7,HOLD,STOP
45913,2026-08-28 07:10:27.596,-1,7738.5,EMA8,HOLD,TARGET
45915,2026-08-28 07:10:38.328,-1,7739.0,EMA50,HOLD,TARGET
45918,2026-08-28 07:10:46.432,-1,7736.5,PIN7,HOLD,TARGET
45926,2026-08-28 07:11:34.488,-1,7733.75,PIN7,HOLD,TARGET
45927,2026-08-28 07:11:36.308,-1,7733.25,PIN7,HOLD,TARGET
45937,2026-08-28 07:12:14.536,-1,7733.75,EMA8,HOLD,TARGET
45949,2026-08-28 07:13:08.652,-1,7732.0,PIN7,HOLD,TARGET
45950,2026-08-28 07:13:17.536,-1,7731.5,PIN7,HOLD,TARGET
45953,2026-08-28 07:13:31.356,-1,7728.75,PIN,HOLD,TARGET
45954,2026-08-28 07:13:43.040,-1,7728.0,PIN,HOLD,TARGET
45959,2026-08-28 07:14:03.664,-1,7728.75,EMA8,HOLD,TARGET
45967,2026-08-28 07:14:34.004,-1,7731.5,EMA50,HOLD,TARGET
45998,2026-08-28 07:16:23.452,1,7734.5,PIN7,HOLD,TARGET
46002,2026-08-28 07:16:36.620,1,7735.0,EMA8,HOLD,TARGET
46018,2026-08-28 07:17:33.652,1,7738.75,PIN7,HOLD,TARGET
46019,2026-08-28 07:17:42.728,1,7739.25,PIN7,HOLD,TARGET
46020,2026-08-28 07:17:47.872,1,7739.75,PIN7,HOLD,TARGET
46021,2026-08-28 07:17:58.876,1,7740.5,PIN,HOLD,TARGET
46022,2026-08-28 07:18:09.800,1,7741.0,PIN,HOLD,TARGET
46026,2026-08-28 07:18:28.956,1,7741.0,EMA8,HOLD,TARGET
46041,2026-08-28 07:19:41.572,1,7744.75,EMA8,HOLD,TARGET
46047,2026-08-28 07:20:05.040,1,7744.0,EMA24,HOLD,TARGET
46056,2026-08-28 07:20:43.908,1,7746.25,EMA8,HOLD,TARGET
46068,2026-08-28 07:21:44.644,1,7748.75,PIN7,HOLD,STOP
46102,2026-08-28 07:24:24.868,-1,7740.5,PIN7,HOLD,TARGET
46129,2026-08-28 07:26:09.412,-1,7740.25,PIN7,HOLD,TARGET
46134,2026-08-28 07:26:25.052,-1,7739.25,EMA8,HOLD,STOP
46167,2026-08-28 07:28:56.840,-1,7738.5,EMA50,HOLD,TARGET
46220,2026-08-28 07:31:30.848,1,7742.5,PIN7,HOLD,TARGET
46221,2026-08-28 07:31:33.824,1,7743.25,PIN7,HOLD,TARGET
46253,2026-08-28 07:33:53.056,1,7747.75,PIN,HOLD,TARGET
46254,2026-08-28 07:34:02.952,1,7748.5,PIN,HOLD,TARGET
46255,2026-08-28 07:34:08.152,1,7749.25,PIN,HOLD,TARGET
46266,2026-08-28 07:35:07.824,1,7750.75,EMA8,HOLD,TARGET
46268,2026-08-28 07:35:21.168,1,7751.0,EMA8,HOLD,TARGET
46276,2026-08-28 07:36:10.340,1,7751.75,EMA8,HOLD,TARGET
46278,2026-08-28 07:36:19.732,1,7753.25,PIN7,HOLD,STOP
46284,2026-08-28 07:36:42.840,1,7751.0,EMA24,HOLD,TARGET
46301,2026-08-28 07:38:49.068,1,7754.0,EMA24,HOLD,TARGET
46312,2026-08-28 07:40:11.892,1,7753.25,EMA50,HOLD,TARGET
46315,2026-08-28 07:40:45.828,1,7756.0,PIN7,HOLD,TARGET
46322,2026-08-28 07:41:41.332,1,7757.0,EMA8,HOLD,TARGET
46326,2026-08-28 07:42:16.748,1,7756.5,EMA24,HOLD,TARGET
46339,2026-08-28 07:43:52.820,1,7759.25,EMA8,HOLD,TARGET
46346,2026-08-28 07:44:42.016,1,7764.25,PIN,HOLD,STOP
46364,2026-08-28 07:46:37.404,1,7764.5,PIN7,HOLD,TARGET
46365,2026-08-28 07:46:46.916,1,7765.25,PIN7,HOLD,TARGET
46368,2026-08-28 07:47:08.900,1,7765.0,EMA8,HOLD,TARGET
46378,2026-08-28 07:47:59.528,1,7764.5,EMA24,HOLD,TARGET
46391,2026-08-28 07:50:12.440,1,7768.25,PIN7,HOLD,TARGET
46392,2026-08-28 07:50:25.312,1,7768.75,PIN7,HOLD,TARGET
46394,2026-08-28 07:50:38.600,1,7770.5,PIN,HOLD,STOP
46395,2026-08-28 07:50:45.104,1,7771.0,PIN,HOLD,STOP
46401,2026-08-28 07:51:46.404,1,7768.5,EMA24,HOLD,TARGET
46410,2026-08-28 07:53:12.188,1,7771.25,EMA8,HOLD,TARGET
46413,2026-08-28 07:53:46.544,1,7773.75,PIN7,HOLD,TARGET
46415,2026-08-28 07:54:02.284,1,7775.5,PIN,HOLD,TARGET
46419,2026-08-28 07:55:08.600,1,7775.5,EMA8,HOLD,TARGET
46421,2026-08-28 07:55:37.956,1,7775.25,EMA8,HOLD,TARGET
46423,2026-08-28 07:55:46.180,1,7775.25,EMA8,HOLD,TARGET
46430,2026-08-28 07:56:48.556,1,7777.0,EMA8,HOLD,TARGET
46437,2026-08-28 07:58:24.828,1,7778.25,EMA8,HOLD,TARGET
46439,2026-08-28 07:59:00.792,1,7778.5,EMA8,HOLD,TARGET
46441,2026-08-28 07:59:09.824,1,7778.5,EMA8,HOLD,TARGET
47693,2026-08-28 11:00:22.164,1,7725.0,PIN7,HOLD,STOP
47694,2026-08-28 11:00:43.096,1,7725.5,PIN7,HOLD,STOP
47810,2026-08-28 11:32:10.076,-1,7720.75,EMA50,HOLD,TARGET
47863,2026-08-28 11:50:25.108,-1,7714.75,PIN,HOLD,TARGET
47927,2026-08-28 12:11:36.884,1,7721.5,EMA8,HOLD,STOP
47933,2026-08-28 12:14:26.780,1,7720.25,EMA50,HOLD,TARGET
47945,2026-08-28 12:20:45.040,1,7723.0,PIN7,HOLD,TARGET
47949,2026-08-28 12:22:02.844,1,7723.25,EMA8,HOLD,STOP
47993,2026-08-28 12:39:48.648,1,7724.5,PIN7,HOLD,TARGET
47998,2026-08-28 12:41:48.396,1,7725.75,EMA8,HOLD,TARGET
48000,2026-08-28 12:42:19.484,1,7726.25,EMA8,HOLD,TARGET
48002,2026-08-28 12:43:27.180,1,7726.25,EMA8,HOLD,TARGET
48019,2026-08-28 12:48:15.304,-1,7720.0,PIN7,HOLD,STOP
48026,2026-08-28 12:50:00.044,-1,7722.0,EMA50,HOLD,STOP
48028,2026-08-28 12:50:00.044,-1,7722.0,EMA50,HOLD,STOP
48030,2026-08-28 12:50:00.048,-1,7722.0,EMA50,HOLD,STOP
48032,2026-08-28 12:50:00.048,-1,7722.0,EMA50,HOLD,STOP
48082,2026-08-28 12:56:40.012,1,7726.75,PIN7,HOLD,TARGET
48083,2026-08-28 12:57:14.248,1,7727.25,PIN7,HOLD,TARGET
48120,2026-08-28 12:59:58.060,-1,7721.0,EMA8,HOLD,TARGET
49677,2026-08-31 06:34:54.836,-1,7692.0,EMA8,HOLD,TARGET
49682,2026-08-31 06:35:08.636,-1,7687.5,PIN,HOLD,TARGET
49688,2026-08-31 06:35:30.924,-1,7687.0,EMA8,HOLD,STOP
49697,2026-08-31 06:36:15.636,-1,7685.75,EMA8,HOLD,STOP
49751,2026-08-31 06:40:21.344,1,7693.0,PIN7,HOLD,TARGET
49796,2026-08-31 06:44:32.760,-1,7686.75,EMA8,HOLD,STOP
49968,2026-08-31 07:00:32.228,-1,7690.25,EMA50,HOLD,TARGET
49978,2026-08-31 07:02:12.516,-1,7687.5,PIN7,HOLD,TARGET
49981,2026-08-31 07:02:25.992,-1,7688.25,EMA24,HOLD,TARGET
49985,2026-08-31 07:03:19.204,-1,7687.0,EMA8,HOLD,TARGET
50010,2026-08-31 07:06:49.416,-1,7685.25,PIN7,HOLD,TARGET
50026,2026-08-31 07:09:06.748,-1,7685.25,EMA50,HOLD,TARGET
50050,2026-08-31 07:13:26.836,-1,7683.75,EMA50,HOLD,TARGET
50093,2026-08-31 07:21:45.320,1,7687.25,PIN7,HOLD,STOP
50105,2026-08-31 07:24:45.664,-1,7679.75,PIN,HOLD,TARGET
50107,2026-08-31 07:24:59.192,-1,7678.0,PIN,HOLD,TARGET
50109,2026-08-31 07:25:07.028,-1,7676.5,PIN,HOLD,TARGET
50112,2026-08-31 07:25:53.364,-1,7675.5,PIN,HOLD,STOP
50118,2026-08-31 07:26:57.972,-1,7675.5,EMA8,HOLD,STOP
50185,2026-08-31 07:41:11.028,1,7685.75,EMA8,HOLD,TARGET
50190,2026-08-31 07:42:26.996,1,7687.0,EMA8,HOLD,TARGET
50192,2026-08-31 07:42:50.764,1,7688.5,PIN7,HOLD,STOP
50251,2026-08-31 07:57:13.892,1,7690.0,PIN,HOLD,TARGET
50763,2026-08-31 11:33:55.184,-1,7690.0,PIN7,HOLD,TARGET
50764,2026-08-31 11:34:49.392,-1,7689.25,PIN7,HOLD,TARGET
50775,2026-08-31 11:38:19.020,-1,7682.75,PIN,HOLD,TARGET
50776,2026-08-31 11:38:43.524,-1,7682.25,PIN,HOLD,TARGET
50780,2026-08-31 11:40:09.864,-1,7682.0,EMA8,HOLD,TARGET
50798,2026-08-31 11:45:09.236,-1,7681.0,EMA24,HOLD,TARGET
50839,2026-08-31 12:10:03.204,1,7689.0,PIN7,HOLD,TARGET
50843,2026-08-31 12:12:01.472,1,7688.75,EMA8,HOLD,TARGET
50845,2026-08-31 12:13:43.040,1,7688.5,EMA8,HOLD,TARGET
50849,2026-08-31 12:16:11.772,1,7689.5,EMA8,HOLD,TARGET
50852,2026-08-31 12:18:55.180,1,7688.75,EMA24,HOLD,TARGET
50859,2026-08-31 12:23:21.248,1,7691.5,PIN7,HOLD,TARGET
50876,2026-08-31 12:30:46.656,1,7692.25,EMA24,HOLD,STOP
50886,2026-08-31 12:36:18.448,1,7693.5,PIN7,HOLD,TARGET
50895,2026-08-31 12:42:44.644,1,7697.75,PIN,HOLD,TARGET
50897,2026-08-31 12:43:39.508,1,7698.5,PIN,HOLD,TARGET
50920,2026-08-31 12:50:00.316,1,7700.25,PIN,HOLD,TARGET
50921,2026-08-31 12:50:01.252,1,7700.75,PIN,HOLD,TARGET
50926,2026-08-31 12:50:05.016,1,7703.25,PIN,HOLD,TARGET
50927,2026-08-31 12:50:06.416,1,7704.0,PIN,HOLD,STOP
50988,2026-08-31 12:59:19.024,1,7707.25,PIN,HOLD,TARGET
50989,2026-08-31 12:59:21.024,1,7707.75,PIN,HOLD,STOP
51018,2026-08-31 12:59:55.520,-1,7697.75,PIN7,HOLD,TARGET
51024,2026-08-31 12:59:58.792,-1,7694.75,PIN7,HOLD,STOP
52429,2026-09-01 06:34:59.360,1,7646.25,EMA24,HOLD,TARGET
52431,2026-09-01 06:35:02.400,1,7646.25,EMA50,HOLD,TARGET
52434,2026-09-01 06:35:15.024,1,7648.75,PIN7,HOLD,TARGET
52435,2026-09-01 06:35:19.228,1,7649.5,PIN7,HOLD,TARGET
52453,2026-09-01 06:37:09.096,1,7647.75,EMA50,HOLD,TARGET
52481,2026-09-01 06:39:51.436,-1,7645.5,EMA50,HOLD,TARGET
52487,2026-09-01 06:40:20.200,-1,7645.25,EMA50,HOLD,TARGET
52506,2026-09-01 06:42:03.320,-1,7643.5,EMA24,HOLD,STOP
52659,2026-09-01 07:00:59.036,1,7647.75,PIN7,HOLD,TARGET
52660,2026-09-01 07:01:01.408,1,7648.5,PIN7,HOLD,TARGET
52664,2026-09-01 07:01:38.968,1,7651.5,PIN,HOLD,TARGET
52665,2026-09-01 07:01:42.044,1,7652.25,PIN,HOLD,STOP
52700,2026-09-01 07:07:20.032,1,7655.25,PIN,HOLD,TARGET
52703,2026-09-01 07:07:56.152,1,7654.75,EMA8,HOLD,TARGET
52712,2026-09-01 07:09:40.940,1,7655.25,EMA8,HOLD,TARGET
52719,2026-09-01 07:11:04.044,1,7656.5,EMA8,HOLD,STOP
52745,2026-09-01 07:16:21.684,1,7661.0,PIN,HOLD,TARGET
52762,2026-09-01 07:20:25.012,1,7661.75,PIN7,HOLD,TARGET
52763,2026-09-01 07:21:02.780,1,7662.5,PIN7,HOLD,TARGET
52768,2026-09-01 07:22:20.512,1,7662.5,EMA8,HOLD,TARGET
52802,2026-09-01 07:29:51.588,1,7664.5,EMA50,HOLD,TARGET
52805,2026-09-01 07:30:20.184,1,7666.75,PIN7,HOLD,TARGET
52815,2026-09-01 07:33:36.132,1,7671.5,PIN7,HOLD,TARGET
52816,2026-09-01 07:34:09.432,1,7672.25,PIN7,HOLD,STOP
52861,2026-09-01 07:47:54.652,1,7669.75,PIN7,HOLD,TARGET
52884,2026-09-01 07:53:51.600,-1,7663.75,EMA8,HOLD,TARGET
52896,2026-09-01 07:59:32.044,-1,7661.5,EMA8,HOLD,STOP
53538,2026-09-01 11:05:16.024,-1,7642.5,PIN7,HOLD,TARGET
53547,2026-09-01 11:10:04.320,-1,7643.0,EMA50,HOLD,TARGET
53549,2026-09-01 11:10:35.396,-1,7643.0,EMA50,HOLD,TARGET
53553,2026-09-01 11:12:59.448,-1,7642.5,EMA50,HOLD,TARGET
53578,2026-09-01 11:25:46.520,-1,7641.5,EMA8,HOLD,TARGET
53580,2026-09-01 11:26:44.444,-1,7642.0,EMA50,HOLD,TARGET
53589,2026-09-01 11:31:36.172,-1,7637.25,PIN7,HOLD,TARGET
53591,2026-09-01 11:31:57.192,-1,7636.0,PIN7,HOLD,STOP
53597,2026-09-01 11:34:13.560,-1,7634.75,PIN7,HOLD,TARGET
53602,2026-09-01 11:36:57.100,-1,7635.0,EMA8,HOLD,TARGET
53610,2026-09-01 11:41:00.256,-1,7632.25,EMA8,HOLD,TARGET
53615,2026-09-01 11:42:52.112,-1,7628.0,PIN,HOLD,TARGET
53621,2026-09-01 11:44:16.892,-1,7625.5,PIN,HOLD,TARGET
53682,2026-09-01 11:57:58.700,1,7633.25,EMA8,HOLD,TARGET
53691,2026-09-01 12:00:28.164,1,7636.75,PIN7,HOLD,STOP
53697,2026-09-01 12:01:53.960,1,7634.5,EMA24,HOLD,TARGET
53699,2026-09-01 12:03:00.472,1,7634.75,EMA24,HOLD,TARGET
53703,2026-09-01 12:04:16.932,1,7637.75,PIN7,HOLD,TARGET
53733,2026-09-01 12:12:23.568,1,7639.25,EMA24,HOLD,TARGET
53736,2026-09-01 12:13:38.732,1,7640.5,EMA8,HOLD,TARGET
53803,2026-09-01 12:36:32.744,-1,7636.5,PIN7,HOLD,TARGET
53836,2026-09-01 12:49:52.212,1,7639.5,EMA24,HOLD,STOP
53856,2026-09-01 12:53:01.056,-1,7636.0,PIN7,HOLD,TARGET
53865,2026-09-01 12:54:40.016,-1,7634.75,EMA8,HOLD,TARGET
53886,2026-09-01 12:58:02.048,-1,7635.75,EMA50,HOLD,STOP
53912,2026-09-01 12:59:50.476,1,7642.5,EMA8,HOLD,TARGET
53917,2026-09-01 12:59:57.908,1,7643.5,EMA8,HOLD,TARGET
55215,2026-09-02 06:34:46.304,1,7649.0,EMA50,HOLD,TARGET
55239,2026-09-02 06:36:57.332,-1,7645.5,PIN7,HOLD,TARGET
55245,2026-09-02 06:37:31.124,-1,7645.75,EMA24,HOLD,STOP
55280,2026-09-02 06:41:24.140,1,7652.25,EMA8,HOLD,TARGET
55283,2026-09-02 06:41:42.072,1,7652.25,EMA8,HOLD,TARGET
55300,2026-09-02 06:44:45.036,1,7654.25,PIN7,HOLD,TARGET
55415,2026-09-02 07:00:38.972,1,7657.0,EMA8,HOLD,TARGET
55432,2026-09-02 07:02:37.172,1,7658.75,EMA24,HOLD,TARGET
55452,2026-09-02 07:04:36.212,1,7661.25,EMA24,HOLD,TARGET
55457,2026-09-02 07:05:38.932,1,7665.0,PIN7,HOLD,TARGET
55461,2026-09-02 07:06:32.676,1,7664.5,EMA8,HOLD,TARGET
55482,2026-09-02 07:10:30.016,1,7667.0,PIN7,HOLD,STOP
55509,2026-09-02 07:16:59.008,1,7670.25,PIN7,HOLD,TARGET
55510,2026-09-02 07:17:18.524,1,7670.5,PIN7,HOLD,TARGET
55520,2026-09-02 07:19:03.848,1,7674.25,PIN7,HOLD,TARGET
55522,2026-09-02 07:19:24.944,1,7675.75,PIN,HOLD,TARGET
55525,2026-09-02 07:20:25.100,1,7675.0,EMA8,HOLD,TARGET
55529,2026-09-02 07:21:05.772,1,7675.25,EMA8,HOLD,TARGET
55535,2026-09-02 07:21:51.852,1,7679.0,PIN,HOLD,TARGET
55536,2026-09-02 07:22:21.324,1,7679.5,PIN,HOLD,STOP
55539,2026-09-02 07:23:00.560,1,7679.0,EMA8,HOLD,STOP
55554,2026-09-02 07:27:35.008,1,7681.0,EMA8,HOLD,STOP
55584,2026-09-02 07:34:25.780,1,7680.0,PIN7,HOLD,TARGET
55585,2026-09-02 07:34:40.684,1,7680.5,PIN7,HOLD,TARGET
55590,2026-09-02 07:35:11.648,1,7683.5,PIN,HOLD,TARGET
55599,2026-09-02 07:37:57.496,1,7684.0,EMA8,HOLD,STOP
55603,2026-09-02 07:39:03.052,1,7682.5,EMA24,HOLD,TARGET
55616,2026-09-02 07:42:05.240,1,7686.75,EMA8,HOLD,TARGET
55618,2026-09-02 07:42:26.836,1,7688.25,PIN7,HOLD,STOP
55625,2026-09-02 07:44:25.308,1,7689.75,PIN7,HOLD,STOP
55633,2026-09-02 07:47:59.028,1,7686.0,EMA50,HOLD,STOP
55677,2026-09-02 07:58:26.612,-1,7681.5,EMA50,HOLD,TARGET
56130,2026-09-02 11:08:23.744,1,7678.5,EMA24,HOLD,TARGET
56132,2026-09-02 11:10:35.752,1,7678.5,EMA24,HOLD,TARGET
56149,2026-09-02 11:18:47.884,1,7685.25,PIN,HOLD,TARGET
56160,2026-09-02 11:18:57.400,1,7684.0,EMA24,HOLD,STOP
56192,2026-09-02 11:36:35.336,-1,7678.75,PIN7,HOLD,TARGET
56197,2026-09-02 11:41:01.264,-1,7674.25,PIN,HOLD,TARGET
56211,2026-09-02 11:49:58.332,-1,7675.5,EMA24,HOLD,TARGET
56231,2026-09-02 12:04:07.156,-1,7675.25,EMA50,HOLD,STOP
56242,2026-09-02 12:13:38.084,1,7680.75,PIN7,HOLD,STOP
56246,2026-09-02 12:17:06.680,1,7679.75,EMA8,HOLD,TARGET
56253,2026-09-02 12:21:13.876,1,7678.25,EMA50,HOLD,TARGET
56323,2026-09-02 12:56:24.640,-1,7675.5,EMA8,HOLD,STOP
56326,2026-09-02 12:57:15.596,-1,7676.25,EMA24,HOLD,TARGET
56333,2026-09-02 12:59:15.032,-1,7677.0,EMA50,HOLD,TARGET
57821,2026-09-03 06:31:08.660,1,7709.5,EMA24,HOLD,STOP
57829,2026-09-03 06:31:31.384,1,7711.0,PIN7,HOLD,STOP
57850,2026-09-03 06:32:58.904,1,7711.0,EMA24,HOLD,TARGET
57856,2026-09-03 06:33:27.860,1,7714.5,PIN7,HOLD,TARGET
57858,2026-09-03 06:33:33.316,1,7716.5,PIN,HOLD,TARGET
57866,2026-09-03 06:34:15.688,1,7717.0,EMA8,HOLD,TARGET
57868,2026-09-03 06:34:21.168,1,7717.5,EMA8,HOLD,STOP
57913,2026-09-03 06:38:15.124,1,7720.0,PIN,HOLD,TARGET
57919,2026-09-03 06:38:58.784,1,7720.25,EMA8,HOLD,TARGET
57921,2026-09-03 06:39:14.552,1,7720.5,EMA8,HOLD,TARGET
57924,2026-09-03 06:39:41.600,1,7721.25,EMA8,HOLD,TARGET
57932,2026-09-03 06:40:27.880,1,7721.0,EMA24,HOLD,TARGET
57950,2026-09-03 06:42:37.212,1,7722.5,EMA24,HOLD,STOP
57957,2026-09-03 06:44:15.216,1,7721.25,EMA50,HOLD,TARGET
58069,2026-09-03 07:00:21.620,-1,7717.25,EMA8,HOLD,STOP
58079,2026-09-03 07:01:03.396,-1,7713.25,PIN,HOLD,TARGET
58091,2026-09-03 07:02:16.660,-1,7708.25,PIN,HOLD,STOP
58105,2026-09-03 07:03:12.132,-1,7709.75,EMA24,HOLD,STOP
58125,2026-09-03 07:05:22.888,-1,7707.25,EMA8,HOLD,TARGET
58153,2026-09-03 07:08:21.068,-1,7703.25,EMA8,HOLD,TARGET
58161,2026-09-03 07:09:01.432,-1,7702.25,EMA8,HOLD,STOP
58172,2026-09-03 07:10:23.568,-1,7701.75,PIN7,HOLD,TARGET
58205,2026-09-03 07:13:42.280,1,7707.75,PIN7,HOLD,TARGET
58206,2026-09-03 07:13:46.292,1,7708.25,PIN7,HOLD,STOP
58223,2026-09-03 07:15:47.264,1,7712.0,PIN7,HOLD,STOP
58225,2026-09-03 07:16:11.004,1,7711.5,EMA8,HOLD,STOP
58230,2026-09-03 07:16:48.320,1,7710.0,EMA24,HOLD,STOP
58246,2026-09-03 07:19:21.376,1,7711.0,PIN7,HOLD,TARGET
58247,2026-09-03 07:19:31.948,1,7711.25,PIN7,HOLD,TARGET
58251,2026-09-03 07:20:15.052,1,7714.5,PIN,HOLD,TARGET
58317,2026-09-03 07:33:20.444,-1,7710.25,EMA24,HOLD,TARGET
58326,2026-09-03 07:34:48.976,-1,7705.5,PIN,HOLD,TARGET
58327,2026-09-03 07:34:55.352,-1,7705.0,PIN,HOLD,TARGET
58416,2026-09-03 07:48:26.052,1,7710.75,EMA8,HOLD,TARGET
58422,2026-09-03 07:49:17.260,1,7712.75,EMA8,HOLD,TARGET
58456,2026-09-03 07:56:11.128,1,7713.5,PIN7,HOLD,STOP
58474,2026-09-03 07:56:22.164,-1,7702.0,PIN,HOLD,TARGET
58478,2026-09-03 07:56:22.876,-1,7700.5,PIN,HOLD,STOP
58483,2026-09-03 07:56:23.768,-1,7703.75,EMA24,HOLD,STOP
58501,2026-09-03 07:56:44.900,1,7710.0,EMA8,HOLD,TARGET
58503,2026-09-03 07:56:48.456,1,7709.5,EMA8,HOLD,TARGET
58512,2026-09-03 07:57:37.284,1,7709.0,EMA50,HOLD,TARGET
58517,2026-09-03 07:58:01.788,1,7712.5,PIN7,HOLD,TARGET
58518,2026-09-03 07:58:12.116,1,7713.0,PIN7,HOLD,TARGET
58522,2026-09-03 07:58:51.920,1,7715.25,PIN,HOLD,TARGET
58523,2026-09-03 07:59:09.700,1,7715.75,PIN,HOLD,TARGET
58934,2026-09-03 11:00:49.348,1,7762.0,PIN7,HOLD,TARGET
58978,2026-09-03 11:35:03.244,1,7764.75,PIN7,HOLD,STOP
59071,2026-09-03 12:55:05.988,-1,7755.5,PIN7,HOLD,TARGET
59081,2026-09-03 12:59:03.160,-1,7754.0,EMA8,HOLD,TARGET
60330,2026-09-04 06:31:10.056,1,7744.25,EMA24,HOLD,TARGET
60336,2026-09-04 06:31:29.392,1,7746.25,PIN7,HOLD,STOP
60339,2026-09-04 06:31:38.104,1,7745.25,EMA24,HOLD,TARGET
60361,2026-09-04 06:34:01.056,1,7749.0,EMA8,HOLD,TARGET
60412,2026-09-04 06:41:31.132,-1,7744.75,EMA24,HOLD,TARGET
60443,2026-09-04 06:44:41.892,-1,7741.75,EMA8,HOLD,STOP
60528,2026-09-04 07:01:44.120,-1,7742.5,PIN7,HOLD,TARGET
60538,2026-09-04 07:03:27.368,-1,7742.5,EMA24,HOLD,TARGET
60540,2026-09-04 07:04:25.480,-1,7742.25,EMA24,HOLD,TARGET
60571,2026-09-04 07:10:58.800,-1,7735.0,PIN,HOLD,TARGET
60576,2026-09-04 07:12:21.488,-1,7732.25,PIN,HOLD,TARGET
60607,2026-09-04 07:18:17.972,-1,7733.5,PIN7,HOLD,TARGET
60610,2026-09-04 07:19:01.168,-1,7734.25,EMA24,HOLD,TARGET
60612,2026-09-04 07:19:37.432,-1,7732.75,PIN7,HOLD,TARGET
60613,2026-09-04 07:19:56.608,-1,7732.0,PIN7,HOLD,TARGET
60638,2026-09-04 07:26:44.220,-1,7730.25,PIN7,HOLD,STOP
60659,2026-09-04 07:31:36.228,-1,7730.5,PIN7,HOLD,TARGET
60672,2026-09-04 07:34:50.156,-1,7730.25,PIN7,HOLD,STOP
60717,2026-09-04 07:45:55.476,-1,7725.5,EMA8,HOLD,TARGET
60719,2026-09-04 07:46:48.144,-1,7724.25,PIN7,HOLD,TARGET
60721,2026-09-04 07:47:05.688,-1,7724.5,EMA8,HOLD,TARGET
60726,2026-09-04 07:47:40.440,-1,7723.75,EMA8,HOLD,TARGET
60733,2026-09-04 07:49:21.724,-1,7722.75,EMA8,HOLD,TARGET
60735,2026-09-04 07:49:34.724,-1,7721.25,PIN7,HOLD,TARGET
60737,2026-09-04 07:49:49.640,-1,7719.75,PIN7,HOLD,STOP
60761,2026-09-04 07:54:07.748,-1,7719.75,PIN7,HOLD,TARGET
60762,2026-09-04 07:54:33.788,-1,7719.5,PIN7,HOLD,TARGET
60763,2026-09-04 07:54:49.616,-1,7718.75,PIN7,HOLD,TARGET
60773,2026-09-04 07:56:49.788,-1,7716.75,PIN7,HOLD,TARGET
61186,2026-09-04 11:16:14.352,1,7718.5,EMA8,HOLD,TARGET
61200,2026-09-04 11:33:16.240,1,7721.25,EMA8,HOLD,TARGET
61203,2026-09-04 11:40:22.352,1,7720.75,EMA24,HOLD,TARGET
61212,2026-09-04 11:46:30.688,1,7723.75,PIN7,HOLD,TARGET
61213,2026-09-04 11:48:03.376,1,7724.25,PIN7,HOLD,TARGET
61214,2026-09-04 11:52:30.748,1,7724.5,PIN7,HOLD,TARGET
61224,2026-09-04 12:01:00.048,1,7723.75,EMA24,HOLD,STOP
61226,2026-09-04 12:01:51.008,1,7724.0,EMA24,HOLD,STOP
61243,2026-09-04 12:17:59.568,-1,7718.5,EMA8,HOLD,STOP
61247,2026-09-04 12:22:35.724,-1,7719.0,EMA24,HOLD,TARGET
61276,2026-09-04 12:49:17.024,1,7723.75,PIN7,HOLD,TARGET
61277,2026-09-04 12:50:00.016,1,7724.25,PIN7,HOLD,TARGET
61278,2026-09-04 12:50:00.048,1,7724.5,PIN7,HOLD,TARGET
61285,2026-09-04 12:50:29.588,1,7723.5,EMA24,HOLD,TARGET
61298,2026-09-04 12:55:05.476,1,7725.25,EMA24,HOLD,TARGET
61322,2026-09-04 12:59:46.992,-1,7721.5,EMA24,HOLD,STOP
61928,2026-09-07 06:31:37.976,1,7715.5,EMA8,HOLD,TARGET
61932,2026-09-07 06:33:48.920,1,7716.25,EMA8,HOLD,STOP
61939,2026-09-07 06:37:38.320,1,7713.5,EMA50,HOLD,TARGET
61980,2026-09-07 07:20:09.380,-1,7709.25,PIN7,HOLD,TARGET
61987,2026-09-07 07:35:07.616,-1,7707.25,PIN7,HOLD,STOP
62001,2026-09-07 07:56:39.152,-1,7707.75,PIN7,HOLD,TARGET
62002,2026-09-07 07:57:37.212,-1,7707.0,PIN7,HOLD,TARGET
62003,2026-09-07 07:58:19.540,-1,7706.75,PIN7,HOLD,TARGET
63386,2026-09-08 06:31:14.496,-1,7711.75,PIN7,HOLD,TARGET
63392,2026-09-08 06:31:40.196,-1,7710.25,EMA8,HOLD,TARGET
63399,2026-09-08 06:32:18.884,-1,7710.75,EMA24,HOLD,TARGET
63403,2026-09-08 06:32:35.876,-1,7711.5,EMA50,HOLD,TARGET
63409,2026-09-08 06:33:03.152,-1,7708.75,PIN7,HOLD,TARGET
63410,2026-09-08 06:33:05.812,-1,7708.25,PIN7,HOLD,TARGET
63416,2026-09-08 06:33:48.992,-1,7708.5,EMA8,HOLD,STOP
63431,2026-09-08 06:35:10.372,-1,7707.5,PIN7,HOLD,TARGET
63437,2026-09-08 06:35:44.868,-1,7706.5,EMA8,HOLD,TARGET
63456,2026-09-08 06:38:33.112,-1,7706.25,EMA50,HOLD,TARGET
63458,2026-09-08 06:38:39.444,-1,7706.25,EMA50,HOLD,TARGET
63468,2026-09-08 06:40:10.064,-1,7701.0,PIN,HOLD,TARGET
63472,2026-09-08 06:40:47.968,-1,7699.0,PIN,HOLD,TARGET
63477,2026-09-08 06:41:20.560,-1,7696.0,PIN,HOLD,TARGET
63484,2026-09-08 06:42:16.136,-1,7693.0,PIN,HOLD,TARGET
63491,2026-09-08 06:42:55.136,-1,7693.25,EMA8,HOLD,TARGET
63500,2026-09-08 06:44:10.344,-1,7694.5,EMA24,HOLD,TARGET
63656,2026-09-08 07:02:00.316,-1,7688.75,PIN,HOLD,TARGET
63657,2026-09-08 07:02:08.636,-1,7688.25,PIN,HOLD,TARGET
63673,2026-09-08 07:03:53.564,-1,7688.0,EMA8,HOLD,TARGET
63681,2026-09-08 07:04:26.564,-1,7687.0,EMA8,HOLD,STOP
63687,2026-09-08 07:05:02.244,-1,7689.5,EMA50,HOLD,TARGET
63724,2026-09-08 07:10:25.364,-1,7681.25,PIN,HOLD,STOP
63774,2026-09-08 07:19:04.524,-1,7682.75,EMA8,HOLD,STOP
63793,2026-09-08 07:21:54.196,1,7687.5,EMA8,HOLD,TARGET
63795,2026-09-08 07:22:20.844,1,7687.75,EMA8,HOLD,TARGET
63805,2026-09-08 07:23:58.324,1,7689.75,PIN7,HOLD,TARGET
63806,2026-09-08 07:24:16.764,1,7690.5,PIN7,HOLD,TARGET
63810,2026-09-08 07:25:28.704,1,7691.75,PIN7,HOLD,STOP
63866,2026-09-08 07:34:13.348,1,7688.5,PIN7,HOLD,TARGET
63875,2026-09-08 07:35:49.580,1,7688.75,EMA24,HOLD,TARGET
63914,2026-09-08 07:43:51.392,1,7690.5,EMA50,HOLD,TARGET
63916,2026-09-08 07:44:10.292,1,7690.5,EMA50,HOLD,TARGET
63918,2026-09-08 07:44:34.204,1,7692.0,PIN7,HOLD,STOP
63937,2026-09-08 07:47:49.420,1,7692.25,PIN7,HOLD,STOP
63961,2026-09-08 07:54:51.440,1,7696.5,EMA8,HOLD,TARGET
63974,2026-09-08 07:59:10.904,1,7695.0,EMA50,HOLD,TARGET
64404,2026-09-08 11:07:00.016,1,7698.5,PIN7,HOLD,TARGET
64412,2026-09-08 11:19:58.172,1,7698.25,EMA24,HOLD,TARGET
64429,2026-09-08 11:36:00.192,-1,7693.75,PIN7,HOLD,TARGET
64433,2026-09-08 11:39:04.388,-1,7694.0,EMA8,HOLD,TARGET
64436,2026-09-08 11:41:45.556,-1,7691.75,PIN7,HOLD,STOP
64468,2026-09-08 11:48:35.576,-1,7687.75,EMA8,HOLD,TARGET
64470,2026-09-08 11:48:41.672,-1,7687.5,EMA8,HOLD,TARGET
64472,2026-09-08 11:48:44.980,-1,7686.0,PIN7,HOLD,TARGET
64474,2026-09-08 11:48:54.040,-1,7684.5,PIN,HOLD,TARGET
64486,2026-09-08 11:49:04.424,-1,7677.25,PIN,HOLD,STOP
64525,2026-09-08 11:50:57.796,1,7687.75,EMA8,HOLD,TARGET
64530,2026-09-08 11:51:29.932,1,7689.0,EMA8,HOLD,TARGET
64628,2026-09-08 12:29:17.404,1,7690.5,PIN7,HOLD,STOP
64690,2026-09-08 12:50:11.936,-1,7682.0,EMA8,HOLD,TARGET
64709,2026-09-08 12:51:21.372,-1,7680.25,PIN7,HOLD,STOP
64724,2026-09-08 12:53:50.380,-1,7678.75,EMA8,HOLD,TARGET
64730,2026-09-08 12:54:40.096,-1,7676.25,PIN7,HOLD,STOP
64732,2026-09-08 12:54:50.020,-1,7676.5,EMA8,HOLD,STOP
64736,2026-09-08 12:55:00.088,-1,7678.5,EMA24,HOLD,STOP
64755,2026-09-08 12:58:01.020,-1,7678.0,PIN7,HOLD,TARGET
64759,2026-09-08 12:59:00.140,-1,7674.5,PIN,HOLD,TARGET
64778,2026-09-08 12:59:53.048,1,7682.25,PIN7,HOLD,STOP
66031,2026-09-09 06:32:00.932,1,7658.5,PIN7,HOLD,STOP
66043,2026-09-09 06:32:50.344,-1,7655.0,PIN7,HOLD,TARGET
66044,2026-09-09 06:32:54.536,-1,7654.5,PIN7,HOLD,STOP
66059,2026-09-09 06:34:38.020,1,7663.25,PIN,HOLD,STOP
66066,2026-09-09 06:35:17.304,1,7659.75,EMA24,HOLD,TARGET
66135,2026-09-09 06:43:27.576,-1,7655.25,PIN7,HOLD,TARGET
66245,2026-09-09 07:00:10.904,1,7661.5,EMA8,HOLD,STOP
66312,2026-09-09 07:15:45.056,-1,7656.25,PIN7,HOLD,TARGET
66313,2026-09-09 07:15:56.420,-1,7655.75,PIN7,HOLD,TARGET
66314,2026-09-09 07:16:07.588,-1,7655.5,PIN7,HOLD,TARGET
66322,2026-09-09 07:17:24.628,-1,7652.25,EMA8,HOLD,TARGET
66324,2026-09-09 07:17:40.256,-1,7652.25,EMA8,HOLD,TARGET
66330,2026-09-09 07:18:26.936,-1,7649.25,PIN,HOLD,TARGET
66333,2026-09-09 07:19:05.988,-1,7650.0,EMA8,HOLD,TARGET
66342,2026-09-09 07:20:21.216,-1,7650.5,EMA24,HOLD,TARGET
66344,2026-09-09 07:20:29.836,-1,7650.25,EMA24,HOLD,TARGET
66397,2026-09-09 07:27:25.388,1,7651.25,EMA8,HOLD,TARGET
66400,2026-09-09 07:27:43.520,1,7652.25,EMA8,HOLD,TARGET
66402,2026-09-09 07:27:51.160,1,7653.75,PIN7,HOLD,TARGET
66406,2026-09-09 07:28:44.104,1,7656.25,PIN,HOLD,TARGET
66407,2026-09-09 07:28:51.268,1,7657.0,PIN,HOLD,TARGET
66409,2026-09-09 07:29:01.596,1,7658.75,PIN,HOLD,TARGET
66410,2026-09-09 07:29:14.148,1,7659.25,PIN,HOLD,TARGET
66416,2026-09-09 07:29:59.616,1,7659.75,EMA8,HOLD,STOP
66418,2026-09-09 07:30:15.004,1,7659.25,EMA8,HOLD,TARGET
66423,2026-09-09 07:31:23.140,1,7657.5,EMA24,HOLD,TARGET
66486,2026-09-09 07:44:31.836,1,7658.0,PIN7,HOLD,TARGET
66506,2026-09-09 07:50:33.288,1,7657.75,PIN7,HOLD,STOP
67213,2026-09-09 11:00:13.504,1,7650.75,EMA24,HOLD,TARGET
67227,2026-09-09 11:13:35.960,-1,7645.75,PIN7,HOLD,TARGET
67230,2026-09-09 11:15:36.056,-1,7643.5,PIN,HOLD,STOP
67231,2026-09-09 11:16:06.676,-1,7643.0,PIN,HOLD,STOP
67241,2026-09-09 11:22:11.416,-1,7647.0,EMA50,HOLD,STOP
67275,2026-09-09 11:53:50.152,1,7653.25,PIN7,HOLD,TARGET
67276,2026-09-09 11:55:05.032,1,7653.5,PIN7,HOLD,STOP
67305,2026-09-09 12:18:07.752,1,7652.0,PIN7,HOLD,TARGET
67308,2026-09-09 12:21:40.288,1,7652.5,EMA8,HOLD,TARGET
67310,2026-09-09 12:23:34.232,1,7652.25,EMA8,HOLD,TARGET
67316,2026-09-09 12:30:34.684,1,7652.0,EMA24,HOLD,STOP
67326,2026-09-09 12:42:35.748,-1,7647.25,PIN7,HOLD,TARGET
67337,2026-09-09 12:49:40.024,-1,7648.75,EMA24+EMA50,HOLD,TARGET
67352,2026-09-09 12:54:47.588,-1,7645.5,EMA24,HOLD,TARGET
67356,2026-09-09 12:55:01.588,-1,7642.0,PIN7,HOLD,STOP
68758,2026-09-10 06:32:05.396,-1,7595.5,PIN7,HOLD,STOP
68808,2026-09-10 06:34:26.772,1,7599.75,EMA24,HOLD,TARGET
68853,2026-09-10 06:36:27.596,1,7603.0,EMA8,HOLD,TARGET
68918,2026-09-10 06:41:01.528,1,7603.75,EMA24,HOLD,TARGET
68924,2026-09-10 06:41:23.492,1,7605.0,EMA24,HOLD,TARGET
68953,2026-09-10 06:43:34.632,1,7605.75,PIN7,HOLD,STOP
69157,2026-09-10 07:01:48.432,1,7593.0,PIN7,HOLD,TARGET
69161,2026-09-10 07:02:13.164,1,7596.25,PIN,HOLD,STOP
69213,2026-09-10 07:08:47.044,-1,7586.75,PIN,HOLD,TARGET
69215,2026-09-10 07:09:02.268,-1,7587.5,EMA8,HOLD,TARGET
69220,2026-09-10 07:09:45.176,-1,7586.5,EMA8,HOLD,STOP
69223,2026-09-10 07:10:04.432,-1,7587.75,EMA24,HOLD,STOP
69254,2026-09-10 07:12:55.148,1,7594.25,EMA8,HOLD,TARGET
69257,2026-09-10 07:13:16.192,1,7596.75,PIN,HOLD,STOP
69262,2026-09-10 07:13:57.920,1,7595.5,EMA8,HOLD,STOP
69284,2026-09-10 07:16:34.324,1,7596.0,PIN7,HOLD,TARGET
69310,2026-09-10 07:19:08.432,1,7595.75,PIN7,HOLD,TARGET
69315,2026-09-10 07:19:45.752,1,7598.25,PIN7,HOLD,TARGET
69317,2026-09-10 07:19:50.388,1,7599.25,PIN7,HOLD,TARGET
69326,2026-09-10 07:20:31.268,1,7600.75,EMA8,HOLD,TARGET
69328,2026-09-10 07:20:38.384,1,7602.0,PIN7,HOLD,STOP
69330,2026-09-10 07:20:44.528,1,7602.0,EMA8,HOLD,STOP
69332,2026-09-10 07:21:20.744,1,7601.75,EMA8,HOLD,STOP
69335,2026-09-10 07:21:30.844,1,7600.5,EMA24,HOLD,TARGET
69366,2026-09-10 07:24:40.212,1,7611.25,PIN,HOLD,TARGET
69370,2026-09-10 07:24:40.760,1,7615.25,PIN,HOLD,TARGET
69376,2026-09-10 07:24:41.772,1,7619.75,PIN,HOLD,STOP
69409,2026-09-10 07:25:01.624,1,7615.5,PIN7,HOLD,TARGET
69410,2026-09-10 07:25:01.900,1,7616.25,PIN7,HOLD,STOP
69421,2026-09-10 07:25:15.316,1,7616.5,PIN7,HOLD,TARGET
69422,2026-09-10 07:25:19.900,1,7616.75,PIN7,HOLD,TARGET
69461,2026-09-10 07:27:25.880,-1,7609.0,EMA8,HOLD,TARGET
69477,2026-09-10 07:29:19.148,-1,7605.75,PIN7,HOLD,TARGET
69480,2026-09-10 07:29:42.740,-1,7606.0,EMA8,HOLD,TARGET
69541,2026-09-10 07:37:56.888,1,7615.0,PIN7,HOLD,STOP
69543,2026-09-10 07:38:42.464,1,7614.5,EMA8,HOLD,TARGET
69546,2026-09-10 07:39:13.848,1,7614.75,EMA8,HOLD,STOP
69570,2026-09-10 07:43:14.304,-1,7608.75,PIN7,HOLD,TARGET
69571,2026-09-10 07:43:30.820,-1,7608.5,PIN7,HOLD,TARGET
69574,2026-09-10 07:44:28.824,-1,7606.5,PIN,HOLD,TARGET
69578,2026-09-10 07:45:00.828,-1,7607.25,EMA8,HOLD,TARGET
69588,2026-09-10 07:46:09.836,-1,7607.75,EMA24,HOLD,STOP
69601,2026-09-10 07:47:57.784,-1,7604.75,PIN7,HOLD,TARGET
69605,2026-09-10 07:48:34.056,-1,7606.5,EMA24,HOLD,STOP
69620,2026-09-10 07:50:40.028,-1,7606.75,EMA50,HOLD,TARGET
69625,2026-09-10 07:51:24.592,-1,7606.0,EMA24,HOLD,STOP
69655,2026-09-10 07:56:07.684,1,7609.25,EMA50,HOLD,TARGET
70388,2026-09-10 11:06:00.060,-1,7598.0,EMA8,HOLD,STOP
70444,2026-09-10 11:33:53.240,-1,7593.25,PIN7,HOLD,TARGET
70456,2026-09-10 11:38:11.048,-1,7595.5,EMA50,HOLD,STOP
70496,2026-09-10 11:51:19.324,1,7600.5,PIN7,HOLD,TARGET
70505,2026-09-10 11:51:48.656,1,7603.25,PIN7,HOLD,STOP
70515,2026-09-10 11:52:56.588,1,7603.0,PIN7,HOLD,STOP
70539,2026-09-10 11:59:34.532,-1,7597.25,EMA8,HOLD,TARGET
70542,2026-09-10 12:00:06.368,-1,7595.0,PIN7,HOLD,STOP
70556,2026-09-10 12:04:29.852,-1,7594.25,EMA8,HOLD,TARGET
70616,2026-09-10 12:23:59.400,-1,7593.5,PIN7,HOLD,STOP
70642,2026-09-10 12:35:23.816,1,7598.75,EMA8,HOLD,STOP
70644,2026-09-10 12:36:20.156,1,7598.5,EMA8,HOLD,STOP
70651,2026-09-10 12:38:46.444,1,7597.75,EMA50,HOLD,TARGET
70660,2026-09-10 12:41:59.872,1,7600.5,EMA8,HOLD,TARGET
70668,2026-09-10 12:45:03.772,1,7600.75,EMA24,HOLD,TARGET
70701,2026-09-10 12:53:42.544,-1,7597.0,EMA8,HOLD,STOP
72909,2026-09-11 06:32:40.044,1,7666.5,EMA24,HOLD,STOP
72938,2026-09-11 06:34:06.800,1,7672.0,EMA8,HOLD,TARGET
72940,2026-09-11 06:34:18.308,1,7672.25,EMA8,HOLD,TARGET
72945,2026-09-11 06:34:37.676,1,7673.25,EMA8,HOLD,TARGET
72950,2026-09-11 06:34:52.252,1,7675.5,PIN7,HOLD,TARGET
72959,2026-09-11 06:35:20.884,1,7677.0,EMA8,HOLD,NONE
72962,2026-09-11 06:35:31.652,1,7677.5,EMA8,HOLD,STOP
72964,2026-09-11 06:35:34.724,1,7677.25,EMA8,HOLD,STOP
72966,2026-09-11 06:35:38.556,1,7677.25,EMA8,HOLD,STOP
72969,2026-09-11 06:35:47.700,1,7676.25,EMA24,HOLD,TARGET
73048,2026-09-11 06:40:20.884,-1,7666.5,PIN,HOLD,TARGET
73049,2026-09-11 06:40:26.292,-1,7665.75,PIN,HOLD,TARGET
73069,2026-09-11 06:40:38.424,1,7675.0,EMA8,HOLD,STOP
73096,2026-09-11 06:41:21.668,1,7673.75,PIN7,HOLD,TARGET
73105,2026-09-11 06:41:58.700,1,7672.75,EMA50,HOLD,STOP
73157,2026-09-11 06:44:33.328,-1,7669.75,EMA50,HOLD,STOP
73410,2026-09-11 07:02:28.448,-1,7674.0,EMA8,HOLD,STOP
73412,2026-09-11 07:02:34.992,-1,7674.0,EMA8,HOLD,STOP
73414,2026-09-11 07:02:44.196,-1,7673.75,EMA8,HOLD,STOP
73418,2026-09-11 07:03:08.188,-1,7675.25,EMA50,HOLD,TARGET
73425,2026-09-11 07:03:47.504,-1,7673.75,EMA24,HOLD,TARGET
73459,2026-09-11 07:06:45.524,-1,7669.25,EMA8,HOLD,TARGET
73463,2026-09-11 07:06:56.580,-1,7668.0,EMA8,HOLD,STOP
73508,2026-09-11 07:10:11.436,1,7673.0,PIN7,HOLD,TARGET
73517,2026-09-11 07:10:55.140,1,7672.75,EMA24,HOLD,STOP
73532,2026-09-11 07:12:17.428,-1,7667.0,PIN7,HOLD,TARGET
73533,2026-09-11 07:12:25.604,-1,7666.5,PIN7,HOLD,TARGET
73534,2026-09-11 07:12:35.096,-1,7666.0,PIN7,HOLD,STOP
73540,2026-09-11 07:13:13.276,-1,7667.5,EMA24,HOLD,STOP
73542,2026-09-11 07:13:25.588,-1,7667.75,EMA24,HOLD,STOP
73564,2026-09-11 07:15:14.088,-1,7667.25,EMA8,HOLD,STOP
73584,2026-09-11 07:16:49.192,-1,7667.25,EMA50,HOLD,TARGET
73590,2026-09-11 07:17:35.224,-1,7665.75,EMA8,HOLD,TARGET
73594,2026-09-11 07:18:01.240,-1,7666.0,EMA24,HOLD,STOP
73607,2026-09-11 07:19:55.464,1,7675.25,PIN,HOLD,TARGET
73612,2026-09-11 07:20:53.760,1,7676.25,PIN7,HOLD,TARGET
73615,2026-09-11 07:21:32.168,1,7675.75,EMA8,HOLD,TARGET
73621,2026-09-11 07:22:36.088,1,7676.5,EMA8,HOLD,TARGET
73664,2026-09-11 07:30:08.032,1,7675.75,EMA50,HOLD,STOP
73679,2026-09-11 07:31:51.744,-1,7668.75,PIN,HOLD,TARGET
73701,2026-09-11 07:34:50.524,-1,7666.0,EMA8,HOLD,TARGET
73703,2026-09-11 07:35:00.296,-1,7664.5,PIN7,HOLD,TARGET
73707,2026-09-11 07:35:22.928,-1,7664.25,EMA8,HOLD,TARGET
73720,2026-09-11 07:36:54.264,-1,7662.25,EMA8,HOLD,STOP
73723,2026-09-11 07:37:10.688,-1,7662.5,EMA8,HOLD,STOP
73761,2026-09-11 07:41:52.012,-1,7660.75,PIN7,HOLD,STOP
73774,2026-09-11 07:43:59.332,-1,7657.0,PIN,HOLD,NONE
73779,2026-09-11 07:44:42.580,-1,7657.5,EMA8,HOLD,TARGET
73781,2026-09-11 07:45:03.912,-1,7657.5,EMA8,HOLD,TARGET
73800,2026-09-11 07:46:48.184,-1,7656.25,PIN7,HOLD,TARGET
73814,2026-09-11 07:48:31.528,-1,7654.75,EMA8,HOLD,STOP
73831,2026-09-11 07:48:44.992,1,7662.75,EMA8,HOLD,TARGET
73834,2026-09-11 07:48:45.668,1,7664.75,PIN7,HOLD,TARGET
73835,2026-09-11 07:48:46.032,1,7665.5,PIN7,HOLD,STOP
73843,2026-09-11 07:48:48.460,1,7663.0,EMA24,HOLD,STOP
73907,2026-09-11 07:53:19.524,-1,7659.75,PIN7,HOLD,TARGET
73909,2026-09-11 07:54:09.572,-1,7658.5,PIN7,HOLD,TARGET
73913,2026-09-11 07:54:44.232,-1,7658.0,EMA8,HOLD,TARGET
73917,2026-09-11 07:55:02.836,-1,7657.75,EMA8,HOLD,TARGET
73919,2026-09-11 07:55:10.828,-1,7656.0,PIN7,HOLD,TARGET
73921,2026-09-11 07:55:54.756,-1,7654.5,PIN,HOLD,STOP
73929,2026-09-11 07:57:38.676,-1,7656.25,EMA24,HOLD,STOP
73939,2026-09-11 07:59:01.456,-1,7656.5,PIN7,HOLD,TARGET
73940,2026-09-11 07:59:05.816,-1,7655.75,PIN7,HOLD,STOP
74457,2026-09-11 11:20:09.968,-1,7671.5,PIN7,HOLD,TARGET
74459,2026-09-11 11:20:10.860,-1,7669.75,PIN,HOLD,STOP
74466,2026-09-11 11:20:25.088,-1,7671.75,EMA24,HOLD,TARGET
74469,2026-09-11 11:21:20.124,-1,7670.75,EMA8,HOLD,TARGET
74474,2026-09-11 11:23:52.472,-1,7671.0,EMA24,HOLD,TARGET
74521,2026-09-11 12:05:31.488,-1,7668.75,EMA24,HOLD,TARGET
74524,2026-09-11 12:07:55.060,-1,7666.5,PIN7,HOLD,TARGET
74525,2026-09-11 12:08:35.664,-1,7666.0,PIN7,HOLD,TARGET
74529,2026-09-11 12:10:25.636,-1,7664.0,PIN,HOLD,STOP
74570,2026-09-11 12:51:03.304,-1,7663.0,EMA8,HOLD,TARGET
74583,2026-09-11 12:54:51.340,-1,7664.75,EMA50,HOLD,TARGET
74599,2026-09-11 12:59:07.044,-1,7662.5,EMA24,HOLD,TARGET
74602,2026-09-11 12:59:30.068,-1,7660.25,PIN7,HOLD,TARGET
74607,2026-09-11 12:59:41.896,-1,7659.0,EMA8,HOLD,STOP
74616,2026-09-11 12:59:58.020,-1,7658.25,PIN7,HOLD,STOP
74618,2026-09-11 12:59:59.576,-1,7658.75,EMA8,HOLD,STOP
